/*******************************************************************************
 * Size: 24 px
 * Bpp: 4
 * Opts: --font /fonts/LXGWWenKaiMono-Medium.ttf -o /fonts/font_cn_24_data.c --size 24 --bpp 4 --format lvgl --no-compress --symbols 家庭能量监测电压频率当前总功负载正常今日用本月网时段谷已连接未上下切页确认详情异常提示无过欠断相状态 --range 0x20-0x7f
 ******************************************************************************/

#ifdef __has_include
    #if __has_include("lvgl.h")
        #ifndef LV_LVGL_H_INCLUDE_SIMPLE
            #define LV_LVGL_H_INCLUDE_SIMPLE
        #endif
    #endif
#endif

#ifdef LV_LVGL_H_INCLUDE_SIMPLE
    #include "lvgl.h"
#else
    #include "lvgl/lvgl.h"
#endif



#ifndef FONT_CN_24_DATA
#define FONT_CN_24_DATA 1
#endif

#if FONT_CN_24_DATA

/*-----------------
 *    BITMAPS
 *----------------*/

/*Store the image of the glyphs*/
static LV_ATTRIBUTE_LARGE_CONST const uint8_t glyph_bitmap[] = {
    /* U+0020 " " */

    /* U+0021 "!" */
    0x1e, 0xc1, 0x1f, 0xf2, 0x0f, 0xf1, 0x0f, 0xf0,
    0x0f, 0xf0, 0x0f, 0xf0, 0x0f, 0xf0, 0x0f, 0xe0,
    0x0e, 0xe0, 0x0e, 0xd0, 0x0e, 0xd0, 0x0d, 0xc0,
    0x0e, 0xc0, 0x05, 0x60, 0x00, 0x00, 0x2d, 0xb0,
    0x6f, 0xf4, 0x1d, 0xe2,

    /* U+0022 "\"" */
    0xae, 0x22, 0xea, 0xcf, 0x33, 0xfc, 0xcf, 0x33,
    0xfc, 0xbf, 0x22, 0xfb, 0xbf, 0x22, 0xfb, 0xaf,
    0x11, 0xfa, 0x24, 0x00, 0x42,

    /* U+0023 "#" */
    0x00, 0x00, 0xea, 0x00, 0xdb, 0x00, 0x00, 0x01,
    0xfb, 0x00, 0xfc, 0x00, 0x00, 0x02, 0xf9, 0x01,
    0xfa, 0x00, 0x00, 0x04, 0xf7, 0x03, 0xf8, 0x00,
    0x00, 0x06, 0xf5, 0x05, 0xf6, 0x00, 0x0e, 0xff,
    0xff, 0xff, 0xff, 0xf5, 0x09, 0xbe, 0xfc, 0xbe,
    0xfc, 0xb3, 0x00, 0x0c, 0xf0, 0x0a, 0xf0, 0x00,
    0x00, 0x0e, 0xd0, 0x0c, 0xe0, 0x00, 0x00, 0x0f,
    0xb0, 0x0e, 0xc0, 0x00, 0x00, 0x2f, 0x90, 0x0f,
    0xa0, 0x00, 0x7f, 0xff, 0xff, 0xff, 0xff, 0xc0,
    0x4b, 0xdf, 0xdb, 0xdf, 0xdb, 0x90, 0x00, 0x7f,
    0x40, 0x6f, 0x50, 0x00, 0x00, 0x9f, 0x20, 0x8f,
    0x30, 0x00, 0x00, 0xbf, 0x00, 0xaf, 0x10, 0x00,
    0x00, 0xee, 0x00, 0xcf, 0x00, 0x00, 0x00, 0xeb,
    0x00, 0xdc, 0x00, 0x00,

    /* U+0024 "$" */
    0x00, 0x00, 0x05, 0x50, 0x00, 0x00, 0x00, 0x00,
    0x0c, 0xf1, 0x00, 0x00, 0x00, 0x04, 0xcf, 0xfd,
    0x80, 0x00, 0x00, 0x6f, 0xff, 0xff, 0xfd, 0x10,
    0x03, 0xff, 0x5c, 0xf4, 0xdf, 0x70, 0x09, 0xf7,
    0x0c, 0xf1, 0x1c, 0x40, 0x0b, 0xf3, 0x0c, 0xf1,
    0x00, 0x00, 0x0a, 0xf4, 0x0c, 0xf1, 0x00, 0x00,
    0x05, 0xfd, 0x4c, 0xf1, 0x00, 0x00, 0x00, 0x8f,
    0xff, 0xf5, 0x00, 0x00, 0x00, 0x03, 0xaf, 0xff,
    0xe4, 0x00, 0x00, 0x00, 0x0c, 0xfa, 0xff, 0x40,
    0x00, 0x00, 0x0c, 0xf1, 0x6f, 0xd0, 0x00, 0x00,
    0x0c, 0xf1, 0x0d, 0xf2, 0x00, 0x00, 0x0c, 0xf1,
    0x0a, 0xf4, 0x06, 0x00, 0x0c, 0xf1, 0x0a, 0xf4,
    0x4f, 0xa0, 0x0c, 0xf1, 0x1f, 0xf1, 0x1e, 0xf9,
    0x0c, 0xf2, 0xbf, 0xa0, 0x03, 0xef, 0xff, 0xff,
    0xfd, 0x10, 0x00, 0x29, 0xef, 0xfe, 0x91, 0x00,
    0x00, 0x00, 0x0c, 0xf1, 0x00, 0x00, 0x00, 0x00,
    0x0c, 0xf1, 0x00, 0x00, 0x00, 0x00, 0x03, 0x70,
    0x00, 0x00,

    /* U+0025 "%" */
    0x00, 0x00, 0x00, 0x00, 0xd3, 0x00, 0x00, 0x7f,
    0xa0, 0x02, 0xfa, 0x00, 0x07, 0xfc, 0xf6, 0x08,
    0xf9, 0x00, 0x0f, 0x90, 0xeb, 0x0d, 0xf3, 0x00,
    0x3f, 0x50, 0xbe, 0x2f, 0xd0, 0x00, 0x4f, 0x50,
    0xbe, 0x8f, 0x80, 0x00, 0x2f, 0x70, 0xec, 0xdf,
    0x20, 0x00, 0x0d, 0xfc, 0xfa, 0xfc, 0x00, 0x00,
    0x03, 0xdf, 0x98, 0xf6, 0x00, 0x00, 0x00, 0x00,
    0x0e, 0xf1, 0x00, 0x00, 0x00, 0x00, 0x3f, 0xb5,
    0xed, 0x30, 0x00, 0x00, 0x9f, 0x7f, 0xdf, 0xd0,
    0x00, 0x00, 0xee, 0x9f, 0x17, 0xf2, 0x00, 0x03,
    0xf9, 0xbd, 0x03, 0xf5, 0x00, 0x09, 0xf3, 0xcd,
    0x03, 0xf6, 0x00, 0x0e, 0xe0, 0xbe, 0x04, 0xf5,
    0x00, 0x4f, 0x80, 0x9f, 0x18, 0xf2, 0x00, 0xaf,
    0x30, 0x4f, 0xef, 0xc0, 0x00, 0x7d, 0x00, 0x08,
    0xfd, 0x20,

    /* U+0026 "&" */
    0x00, 0x05, 0xef, 0xa1, 0x00, 0x00, 0x00, 0x3f,
    0xfc, 0xfb, 0x00, 0x00, 0x00, 0xaf, 0x40, 0xcf,
    0x00, 0x00, 0x00, 0xcf, 0x00, 0xbf, 0x10, 0x00,
    0x00, 0xcf, 0x00, 0xee, 0x00, 0x00, 0x00, 0x9f,
    0x38, 0xf6, 0x00, 0x00, 0x00, 0x5f, 0xdf, 0xb0,
    0x00, 0x00, 0x00, 0x0f, 0xfc, 0x00, 0x02, 0x00,
    0x00, 0x9f, 0xf6, 0x00, 0x0f, 0xb0, 0x03, 0xfc,
    0xfe, 0x00, 0x4f, 0xa0, 0x0b, 0xf2, 0x8f, 0x70,
    0x8f, 0x50, 0x0f, 0xc0, 0x0e, 0xf1, 0xdf, 0x10,
    0x2f, 0x80, 0x05, 0xfc, 0xfa, 0x00, 0x4f, 0x70,
    0x00, 0xbf, 0xf3, 0x00, 0x2f, 0x90, 0x00, 0x5f,
    0xf0, 0x00, 0x0e, 0xe1, 0x02, 0xef, 0xfa, 0x00,
    0x07, 0xfe, 0xcf, 0xf7, 0xcf, 0x80, 0x00, 0x8e,
    0xfc, 0x50, 0x09, 0xea,

    /* U+0027 "'" */
    0x0d, 0xe0, 0x0f, 0xf0, 0x0f, 0xf0, 0x0f, 0xf0,
    0x0e, 0xe0, 0x0e, 0xe0, 0x03, 0x30,

    /* U+0028 "(" */
    0x00, 0x00, 0x02, 0x40, 0x00, 0x04, 0xf8, 0x00,
    0x02, 0xfb, 0x00, 0x00, 0xcf, 0x20, 0x00, 0x6f,
    0x80, 0x00, 0x0e, 0xf1, 0x00, 0x06, 0xfb, 0x00,
    0x00, 0xcf, 0x60, 0x00, 0x1f, 0xf1, 0x00, 0x06,
    0xfe, 0x00, 0x00, 0x9f, 0xb0, 0x00, 0x0b, 0xf8,
    0x00, 0x00, 0xcf, 0x70, 0x00, 0x0c, 0xf8, 0x00,
    0x00, 0xaf, 0x90, 0x00, 0x08, 0xfb, 0x00, 0x00,
    0x4f, 0xf0, 0x00, 0x00, 0xff, 0x40, 0x00, 0x09,
    0xf8, 0x00, 0x00, 0x1f, 0xe0, 0x00, 0x00, 0x7f,
    0x70, 0x00, 0x00, 0xbf, 0x20, 0x00, 0x01, 0xdd,
    0x10, 0x00, 0x01, 0xb6,

    /* U+0029 ")" */
    0x42, 0x00, 0x00, 0x08, 0xf4, 0x00, 0x00, 0x0b,
    0xe1, 0x00, 0x00, 0x2f, 0xb0, 0x00, 0x00, 0x8f,
    0x50, 0x00, 0x01, 0xfe, 0x00, 0x00, 0x0a, 0xf5,
    0x00, 0x00, 0x5f, 0xc0, 0x00, 0x01, 0xff, 0x10,
    0x00, 0x0e, 0xf5, 0x00, 0x00, 0xbf, 0x80, 0x00,
    0x09, 0xfb, 0x00, 0x00, 0x7f, 0xc0, 0x00, 0x08,
    0xfb, 0x00, 0x00, 0x9f, 0xa0, 0x00, 0x0b, 0xf8,
    0x00, 0x00, 0xff, 0x40, 0x00, 0x4f, 0xf0, 0x00,
    0x08, 0xf9, 0x00, 0x00, 0xef, 0x10, 0x00, 0x7f,
    0x70, 0x00, 0x2f, 0xc0, 0x00, 0x1d, 0xd1, 0x00,
    0x06, 0xb1, 0x00, 0x00,

    /* U+002A "*" */
    0x00, 0x00, 0xae, 0x10, 0x00, 0x00, 0x00, 0x0d,
    0xf2, 0x00, 0x00, 0x00, 0x00, 0xdf, 0x20, 0x00,
    0x06, 0xa0, 0x0c, 0xf1, 0x07, 0xa0, 0xcf, 0xc1,
    0xcf, 0x19, 0xff, 0x13, 0xef, 0xdd, 0xfb, 0xff,
    0x60, 0x01, 0xaf, 0xff, 0xfd, 0x30, 0x00, 0x00,
    0xaf, 0xfe, 0x10, 0x00, 0x00, 0x9f, 0xff, 0xfd,
    0x20, 0x03, 0xdf, 0xee, 0xfc, 0xff, 0x60, 0xdf,
    0xd1, 0xcf, 0x19, 0xff, 0x08, 0xc1, 0x0d, 0xf1,
    0x07, 0xc0, 0x00, 0x00, 0xdf, 0x10, 0x00, 0x00,
    0x00, 0x0e, 0xf2, 0x00, 0x00, 0x00, 0x00, 0xbd,
    0x10, 0x00, 0x00,

    /* U+002B "+" */
    0x00, 0x00, 0x04, 0x20, 0x00, 0x00, 0x00, 0x00,
    0xed, 0x00, 0x00, 0x00, 0x00, 0x0e, 0xd0, 0x00,
    0x00, 0x00, 0x00, 0xec, 0x00, 0x00, 0x00, 0x00,
    0x0e, 0xc0, 0x00, 0x00, 0x00, 0x00, 0xec, 0x00,
    0x00, 0x0e, 0xff, 0xff, 0xff, 0xff, 0xc0, 0x9c,
    0xcc, 0xff, 0xcc, 0xc9, 0x00, 0x00, 0x0e, 0xc0,
    0x00, 0x00, 0x00, 0x00, 0xec, 0x00, 0x00, 0x00,
    0x00, 0x0e, 0xc0, 0x00, 0x00, 0x00, 0x00, 0xec,
    0x00, 0x00, 0x00, 0x00, 0x0c, 0xb0, 0x00, 0x00,

    /* U+002C "," */
    0x00, 0x65, 0x00, 0x9f, 0xf6, 0x0b, 0xff, 0xb0,
    0x4f, 0xfa, 0x00, 0xcf, 0x30, 0x9f, 0x80, 0x2e,
    0x60, 0x00,

    /* U+002D "-" */
    0xbd, 0xdd, 0xdd, 0xdc, 0x0d, 0xff, 0xff, 0xff,
    0xf2,

    /* U+002E "." */
    0x3c, 0xb1, 0xcf, 0xf9, 0xbf, 0xfb, 0x2d, 0xd3,

    /* U+002F "/" */
    0x00, 0x00, 0x00, 0x00, 0x02, 0x40, 0x00, 0x00,
    0x00, 0x00, 0x0a, 0xf2, 0x00, 0x00, 0x00, 0x00,
    0x1f, 0xd0, 0x00, 0x00, 0x00, 0x00, 0x8f, 0x50,
    0x00, 0x00, 0x00, 0x00, 0xee, 0x00, 0x00, 0x00,
    0x00, 0x06, 0xf7, 0x00, 0x00, 0x00, 0x00, 0x0c,
    0xf1, 0x00, 0x00, 0x00, 0x00, 0x3f, 0x90, 0x00,
    0x00, 0x00, 0x00, 0xaf, 0x20, 0x00, 0x00, 0x00,
    0x01, 0xfb, 0x00, 0x00, 0x00, 0x00, 0x08, 0xf4,
    0x00, 0x00, 0x00, 0x00, 0x0e, 0xd0, 0x00, 0x00,
    0x00, 0x00, 0x6f, 0x60, 0x00, 0x00, 0x00, 0x00,
    0xde, 0x00, 0x00, 0x00, 0x00, 0x04, 0xf8, 0x00,
    0x00, 0x00, 0x00, 0x0b, 0xf1, 0x00, 0x00, 0x00,
    0x00, 0x2f, 0xa0, 0x00, 0x00, 0x00, 0x00, 0x8f,
    0x30, 0x00, 0x00, 0x00, 0x00, 0xec, 0x00, 0x00,
    0x00, 0x00, 0x07, 0xf5, 0x00, 0x00, 0x00, 0x00,
    0x0e, 0xe0, 0x00, 0x00, 0x00, 0x00, 0x0a, 0x80,
    0x00, 0x00, 0x00, 0x00,

    /* U+0030 "0" */
    0x00, 0x00, 0x5d, 0xfc, 0x40, 0x00, 0x00, 0x2a,
    0xff, 0xef, 0xf4, 0x00, 0x00, 0xcf, 0xe2, 0x05,
    0xfd, 0x00, 0x03, 0xff, 0x30, 0x04, 0xff, 0x50,
    0x07, 0xfb, 0x00, 0x0b, 0xff, 0xa0, 0x0b, 0xf5,
    0x00, 0x3f, 0xcf, 0xd0, 0x0e, 0xf2, 0x00, 0xbf,
    0x3f, 0xf0, 0x0f, 0xf0, 0x03, 0xfb, 0x0e, 0xf1,
    0x0f, 0xe0, 0x0a, 0xf3, 0x0d, 0xf1, 0x1f, 0xe0,
    0x2f, 0xb0, 0x0d, 0xf1, 0x1f, 0xe0, 0xaf, 0x40,
    0x0e, 0xf0, 0x0f, 0xf2, 0xfc, 0x00, 0x0f, 0xf0,
    0x0d, 0xfa, 0xf4, 0x00, 0x3f, 0xc0, 0x09, 0xff,
    0xc0, 0x00, 0x7f, 0x80, 0x05, 0xff, 0x40, 0x00,
    0xdf, 0x30, 0x00, 0xdf, 0x60, 0x09, 0xfc, 0x00,
    0x00, 0x3f, 0xfe, 0xff, 0xe2, 0x00, 0x00, 0x03,
    0xbf, 0xea, 0x20, 0x00,

    /* U+0031 "1" */
    0x00, 0x00, 0xbc, 0x10, 0x00, 0x00, 0x4d, 0xff,
    0x30, 0x00, 0x1a, 0xff, 0xff, 0x20, 0x00, 0x6f,
    0xe5, 0xdf, 0x20, 0x00, 0x05, 0x10, 0xdf, 0x20,
    0x00, 0x00, 0x00, 0xdf, 0x20, 0x00, 0x00, 0x00,
    0xdf, 0x20, 0x00, 0x00, 0x00, 0xdf, 0x20, 0x00,
    0x00, 0x00, 0xdf, 0x20, 0x00, 0x00, 0x00, 0xdf,
    0x20, 0x00, 0x00, 0x00, 0xdf, 0x20, 0x00, 0x00,
    0x00, 0xdf, 0x20, 0x00, 0x00, 0x00, 0xef, 0x20,
    0x00, 0x00, 0x00, 0xef, 0x20, 0x00, 0x00, 0x00,
    0xef, 0x20, 0x00, 0x00, 0x00, 0xef, 0x20, 0x00,
    0x8f, 0xff, 0xff, 0xff, 0xf5, 0x5f, 0xff, 0xff,
    0xff, 0xf9,

    /* U+0032 "2" */
    0x00, 0x00, 0x8d, 0xfe, 0xb3, 0x00, 0x00, 0x2e,
    0xff, 0xef, 0xff, 0x30, 0x00, 0xef, 0xa1, 0x00,
    0x9f, 0xd0, 0x05, 0xfd, 0x00, 0x00, 0x0f, 0xf1,
    0x02, 0xe5, 0x00, 0x00, 0x0e, 0xf2, 0x00, 0x00,
    0x00, 0x00, 0x1f, 0xf0, 0x00, 0x00, 0x00, 0x00,
    0x8f, 0xb0, 0x00, 0x00, 0x00, 0x03, 0xff, 0x30,
    0x00, 0x00, 0x00, 0x2e, 0xf8, 0x00, 0x00, 0x00,
    0x01, 0xdf, 0xb0, 0x00, 0x00, 0x00, 0x1d, 0xfc,
    0x00, 0x00, 0x00, 0x00, 0xdf, 0xc0, 0x00, 0x00,
    0x00, 0x0b, 0xfd, 0x00, 0x00, 0x00, 0x00, 0x7f,
    0xe1, 0x00, 0x00, 0x00, 0x02, 0xff, 0x40, 0x00,
    0x00, 0x00, 0x0b, 0xf9, 0x00, 0x00, 0x00, 0x00,
    0x4f, 0xfc, 0xbc, 0xcc, 0xcc, 0xb2, 0x1e, 0xff,
    0xff, 0xff, 0xff, 0xf6,

    /* U+0033 "3" */
    0x00, 0x04, 0xbe, 0xfd, 0x80, 0x00, 0x00, 0xaf,
    0xfe, 0xdf, 0xfc, 0x00, 0x08, 0xfe, 0x50, 0x01,
    0xdf, 0x50, 0x06, 0xe2, 0x00, 0x00, 0x7f, 0x80,
    0x00, 0x00, 0x00, 0x00, 0x6f, 0x80, 0x00, 0x00,
    0x00, 0x00, 0xdf, 0x50, 0x00, 0x00, 0x00, 0x3c,
    0xfd, 0x00, 0x00, 0x02, 0x9d, 0xff, 0xd1, 0x00,
    0x00, 0x03, 0xff, 0xff, 0xfb, 0x00, 0x00, 0x00,
    0x00, 0x15, 0xef, 0x80, 0x00, 0x00, 0x00, 0x00,
    0x2f, 0xf0, 0x00, 0x00, 0x00, 0x00, 0x0c, 0xf3,
    0x00, 0x00, 0x00, 0x00, 0x0b, 0xf3, 0x00, 0x00,
    0x00, 0x00, 0x0e, 0xf1, 0x3e, 0x30, 0x00, 0x00,
    0x4f, 0xd0, 0x6f, 0xe4, 0x00, 0x05, 0xff, 0x50,
    0x0a, 0xff, 0xed, 0xff, 0xf8, 0x00, 0x00, 0x4b,
    0xef, 0xda, 0x30, 0x00,

    /* U+0034 "4" */
    0x00, 0x00, 0x00, 0x1e, 0x40, 0x00, 0x00, 0x00,
    0x00, 0x7f, 0xa0, 0x00, 0x00, 0x00, 0x00, 0xef,
    0x40, 0x00, 0x00, 0x00, 0x06, 0xfb, 0x00, 0x00,
    0x00, 0x00, 0x0e, 0xf8, 0x81, 0x00, 0x00, 0x00,
    0x7f, 0xa9, 0xf6, 0x00, 0x00, 0x00, 0xef, 0x19,
    0xf6, 0x00, 0x00, 0x08, 0xf8, 0x09, 0xf6, 0x00,
    0x00, 0x1f, 0xe1, 0x09, 0xf5, 0x00, 0x00, 0x9f,
    0x60, 0x09, 0xf5, 0x00, 0x02, 0xfc, 0x00, 0x09,
    0xf5, 0x00, 0x0b, 0xf3, 0x00, 0x09, 0xf5, 0x00,
    0x5f, 0xfc, 0xcc, 0xce, 0xff, 0xf4, 0x6f, 0xff,
    0xff, 0xff, 0xff, 0xf7, 0x03, 0x10, 0x00, 0x09,
    0xf5, 0x00, 0x00, 0x00, 0x00, 0x09, 0xf6, 0x00,
    0x00, 0x00, 0x00, 0x09, 0xf6, 0x00, 0x00, 0x00,
    0x00, 0x06, 0xe6, 0x00,

    /* U+0035 "5" */
    0x00, 0x7e, 0xcc, 0xde, 0xff, 0x40, 0x00, 0xaf,
    0xff, 0xff, 0xfe, 0x70, 0x00, 0xcf, 0x52, 0x10,
    0x00, 0x00, 0x00, 0xef, 0x00, 0x00, 0x00, 0x00,
    0x00, 0xfc, 0x00, 0x00, 0x00, 0x00, 0x03, 0xf9,
    0x59, 0xa8, 0x20, 0x00, 0x05, 0xff, 0xff, 0xff,
    0xf6, 0x00, 0x08, 0xff, 0x81, 0x06, 0xff, 0x40,
    0x08, 0xf8, 0x00, 0x00, 0x6f, 0xb0, 0x02, 0xa0,
    0x00, 0x00, 0x0f, 0xf0, 0x00, 0x00, 0x00, 0x00,
    0x0d, 0xf1, 0x00, 0x00, 0x00, 0x00, 0x0e, 0xf0,
    0x01, 0x00, 0x00, 0x00, 0x1f, 0xe0, 0x0f, 0x70,
    0x00, 0x00, 0x9f, 0xa0, 0x1f, 0xf8, 0x10, 0x08,
    0xff, 0x20, 0x05, 0xff, 0xfe, 0xff, 0xf6, 0x00,
    0x00, 0x29, 0xef, 0xea, 0x30, 0x00,

    /* U+0036 "6" */
    0x00, 0x00, 0x04, 0xfa, 0x00, 0x00, 0x00, 0x00,
    0x0d, 0xf8, 0x00, 0x00, 0x00, 0x00, 0x6f, 0xc0,
    0x00, 0x00, 0x00, 0x01, 0xef, 0x20, 0x00, 0x00,
    0x00, 0x08, 0xf8, 0x00, 0x00, 0x00, 0x00, 0x1f,
    0xe0, 0x00, 0x00, 0x00, 0x00, 0x8f, 0x70, 0x00,
    0x00, 0x00, 0x01, 0xff, 0xcf, 0xfd, 0x70, 0x00,
    0x07, 0xff, 0xfd, 0xcf, 0xfc, 0x00, 0x0c, 0xfe,
    0x30, 0x01, 0xcf, 0x90, 0x0f, 0xf3, 0x00, 0x00,
    0x1f, 0xf0, 0x3f, 0xd0, 0x00, 0x00, 0x0c, 0xf2,
    0x4f, 0xa0, 0x00, 0x00, 0x0c, 0xf3, 0x3f, 0xb0,
    0x00, 0x00, 0x0e, 0xf1, 0x0f, 0xf1, 0x00, 0x00,
    0x4f, 0xd0, 0x08, 0xfc, 0x10, 0x02, 0xdf, 0x60,
    0x00, 0xbf, 0xfd, 0xdf, 0xfa, 0x00, 0x00, 0x06,
    0xcf, 0xec, 0x50, 0x00,

    /* U+0037 "7" */
    0xef, 0xff, 0xff, 0xff, 0xfd, 0x17, 0xed, 0xb9,
    0x86, 0x8f, 0xd0, 0x00, 0x00, 0x00, 0x0b, 0xf5,
    0x00, 0x00, 0x00, 0x02, 0xfe, 0x00, 0x00, 0x00,
    0x00, 0x8f, 0x70, 0x00, 0x00, 0x00, 0x0e, 0xf1,
    0x00, 0x00, 0x00, 0x05, 0xf9, 0x00, 0x00, 0x00,
    0x00, 0xbf, 0x30, 0x00, 0x00, 0x00, 0x2f, 0xd0,
    0x00, 0x00, 0x00, 0x08, 0xf7, 0x00, 0x00, 0x00,
    0x00, 0xef, 0x10, 0x00, 0x00, 0x00, 0x4f, 0xc0,
    0x00, 0x00, 0x00, 0x0a, 0xf6, 0x00, 0x00, 0x00,
    0x00, 0xff, 0x10, 0x00, 0x00, 0x00, 0x5f, 0xd0,
    0x00, 0x00, 0x00, 0x0a, 0xf8, 0x00, 0x00, 0x00,
    0x00, 0xaf, 0x30, 0x00, 0x00, 0x00,

    /* U+0038 "8" */
    0x00, 0x05, 0xce, 0xfc, 0x50, 0x00, 0x00, 0x8f,
    0xfd, 0xcf, 0xf8, 0x00, 0x03, 0xfe, 0x30, 0x02,
    0xdf, 0x60, 0x08, 0xf7, 0x00, 0x00, 0x2f, 0xf3,
    0x09, 0xf5, 0x00, 0x00, 0x8f, 0x80, 0x05, 0xfb,
    0x00, 0x0a, 0xf9, 0x00, 0x00, 0xbf, 0xc4, 0xdf,
    0x80, 0x00, 0x00, 0x09, 0xff, 0xf8, 0x00, 0x00,
    0x00, 0x09, 0xff, 0xff, 0x80, 0x00, 0x00, 0xbf,
    0xd2, 0x4d, 0xfb, 0x00, 0x07, 0xfd, 0x10, 0x00,
    0xbf, 0x80, 0x0f, 0xf2, 0x00, 0x00, 0x1f, 0xe0,
    0x4f, 0xb0, 0x00, 0x00, 0x0d, 0xf1, 0x5f, 0xa0,
    0x00, 0x00, 0x0e, 0xf1, 0x3f, 0xd0, 0x00, 0x00,
    0x2f, 0xe0, 0x0c, 0xf9, 0x00, 0x03, 0xdf, 0x90,
    0x02, 0xef, 0xfd, 0xff, 0xfc, 0x00, 0x00, 0x19,
    0xdf, 0xfc, 0x60, 0x00,

    /* U+0039 "9" */
    0x00, 0x02, 0xae, 0xfd, 0x51, 0x20, 0x00, 0x4f,
    0xfe, 0xdf, 0xfd, 0xf4, 0x02, 0xff, 0x80, 0x02,
    0xef, 0xf4, 0x0a, 0xf9, 0x00, 0x00, 0x5f, 0xf0,
    0x1f, 0xe0, 0x00, 0x00, 0x2f, 0xc0, 0x4f, 0xa0,
    0x00, 0x00, 0x7f, 0x90, 0x6f, 0x80, 0x00, 0x01,
    0xef, 0x60, 0x4f, 0xa0, 0x00, 0x0a, 0xff, 0x30,
    0x1f, 0xf3, 0x01, 0xaf, 0xff, 0x10, 0x07, 0xff,
    0xef, 0xfc, 0xfe, 0x00, 0x00, 0x6d, 0xfd, 0x62,
    0xfc, 0x00, 0x00, 0x00, 0x00, 0x05, 0xf9, 0x00,
    0x00, 0x00, 0x00, 0x08, 0xf7, 0x00, 0x00, 0x00,
    0x00, 0x0a, 0xf4, 0x00, 0x00, 0x00, 0x00, 0x0d,
    0xf2, 0x00, 0x00, 0x00, 0x00, 0x0f, 0xf0, 0x00,
    0x00, 0x00, 0x00, 0x3f, 0xe0, 0x00, 0x00, 0x00,
    0x00, 0x2f, 0x90, 0x00,

    /* U+003A ":" */
    0x06, 0x40, 0x8f, 0xf4, 0x9f, 0xf9, 0x2d, 0xe4,
    0x00, 0x00, 0x00, 0x00, 0x00, 0x00, 0x00, 0x00,
    0x00, 0x00, 0x05, 0x40, 0x8f, 0xf4, 0x9f, 0xf9,
    0x2d, 0xe4,

    /* U+003B ";" */
    0x1c, 0xe3, 0x5f, 0xfc, 0x1f, 0xfc, 0x02, 0x61,
    0x00, 0x00, 0x00, 0x00, 0x00, 0x00, 0x00, 0x00,
    0x00, 0x00, 0x2e, 0xf4, 0x5f, 0xfc, 0x1e, 0xfc,
    0x05, 0xf7, 0x3e, 0xb0, 0xb8, 0x00,

    /* U+003C "<" */
    0x00, 0x00, 0x00, 0x00, 0x64, 0x00, 0x00, 0x00,
    0x0a, 0xfa, 0x00, 0x00, 0x03, 0xdf, 0xd3, 0x00,
    0x00, 0x8f, 0xf8, 0x00, 0x00, 0x4e, 0xfd, 0x30,
    0x00, 0x2b, 0xff, 0x70, 0x00, 0x00, 0xaf, 0xc1,
    0x00, 0x00, 0x00, 0x5f, 0xfa, 0x10, 0x00, 0x00,
    0x01, 0xaf, 0xf7, 0x00, 0x00, 0x00, 0x04, 0xdf,
    0xd3, 0x00, 0x00, 0x00, 0x08, 0xff, 0x80, 0x00,
    0x00, 0x00, 0x4e, 0xf7, 0x00, 0x00, 0x00, 0x01,
    0xc6,

    /* U+003D "=" */
    0xaf, 0xff, 0xff, 0xff, 0xfa, 0x7c, 0xcc, 0xcc,
    0xcc, 0xc9, 0x00, 0x00, 0x00, 0x00, 0x00, 0x00,
    0x00, 0x00, 0x00, 0x00, 0x8c, 0xcc, 0xcc, 0xcc,
    0xc8, 0xaf, 0xff, 0xff, 0xff, 0xfb,

    /* U+003E ">" */
    0x54, 0x00, 0x00, 0x00, 0x00, 0xbf, 0x80, 0x00,
    0x00, 0x00, 0x4e, 0xfc, 0x20, 0x00, 0x00, 0x01,
    0xaf, 0xf7, 0x00, 0x00, 0x00, 0x04, 0xdf, 0xc3,
    0x00, 0x00, 0x00, 0x07, 0xff, 0xa1, 0x00, 0x00,
    0x00, 0x2e, 0xf6, 0x00, 0x00, 0x04, 0xdf, 0xe4,
    0x00, 0x01, 0xaf, 0xf8, 0x00, 0x00, 0x5e, 0xfc,
    0x20, 0x00, 0x1a, 0xff, 0x60, 0x00, 0x00, 0xcf,
    0xd2, 0x00, 0x00, 0x00, 0xaa, 0x00, 0x00, 0x00,
    0x00,

    /* U+003F "?" */
    0x00, 0x06, 0xce, 0xfc, 0x40, 0x01, 0xdf, 0xfd,
    0xcf, 0xf5, 0x0d, 0xfa, 0x10, 0x06, 0xfd, 0x7f,
    0xb0, 0x00, 0x01, 0xff, 0xaf, 0x30, 0x00, 0x02,
    0xfe, 0x04, 0x00, 0x00, 0x07, 0xfa, 0x00, 0x00,
    0x00, 0x3f, 0xf2, 0x00, 0x00, 0x02, 0xef, 0x50,
    0x00, 0x00, 0x2e, 0xf5, 0x00, 0x00, 0x00, 0xbf,
    0x60, 0x00, 0x00, 0x01, 0xfd, 0x00, 0x00, 0x00,
    0x03, 0xfa, 0x00, 0x00, 0x00, 0x03, 0xfc, 0x00,
    0x00, 0x00, 0x00, 0x97, 0x00, 0x00, 0x00, 0x00,
    0x00, 0x00, 0x00, 0x00, 0x03, 0xe8, 0x00, 0x00,
    0x00, 0x08, 0xff, 0x00, 0x00, 0x00, 0x02, 0xec,
    0x00, 0x00,

    /* U+0040 "@" */
    0x00, 0x00, 0x8e, 0xfc, 0x40, 0x00, 0x00, 0x0c,
    0xfe, 0xcf, 0xf7, 0x00, 0x00, 0x9f, 0xa0, 0x02,
    0xef, 0x20, 0x01, 0xfe, 0x00, 0x00, 0x6f, 0x90,
    0x08, 0xf6, 0x2c, 0xfe, 0x9f, 0xe0, 0x0c, 0xf1,
    0xef, 0xef, 0xfc, 0xf1, 0x1f, 0xc7, 0xf6, 0x3f,
    0xda, 0xf2, 0x3f, 0x9c, 0xf0, 0x3f, 0xb9, 0xf3,
    0x5f, 0x8f, 0xc0, 0x4f, 0xa9, 0xf2, 0x6f, 0x8f,
    0xb0, 0x7f, 0x8a, 0xf1, 0x5f, 0x9f, 0xb0, 0xbf,
    0x7c, 0xd0, 0x4f, 0x9f, 0xc3, 0xff, 0x7f, 0x90,
    0x2f, 0xac, 0xff, 0xff, 0xef, 0x80, 0x0e, 0xe2,
    0xcc, 0x4c, 0xeb, 0xf0, 0x09, 0xf5, 0x00, 0x00,
    0x2e, 0x90, 0x01, 0xfe, 0x30, 0x04, 0xee, 0x10,
    0x00, 0x5f, 0xfc, 0xdf, 0xf3, 0x00, 0x00, 0x03,
    0xbe, 0xfa, 0x20, 0x00,

    /* U+0041 "A" */
    0x00, 0x00, 0x0c, 0xc2, 0x00, 0x00, 0x00, 0x00,
    0x0f, 0xf5, 0x00, 0x00, 0x00, 0x00, 0x4f, 0xf8,
    0x00, 0x00, 0x00, 0x00, 0x8f, 0xfc, 0x00, 0x00,
    0x00, 0x00, 0xce, 0xbf, 0x00, 0x00, 0x00, 0x00,
    0xfa, 0x7f, 0x40, 0x00, 0x00, 0x04, 0xf5, 0x3f,
    0x80, 0x00, 0x00, 0x09, 0xf1, 0x0f, 0xc0, 0x00,
    0x00, 0x0d, 0xd0, 0x0c, 0xf0, 0x00, 0x00, 0x1f,
    0x80, 0x08, 0xf4, 0x00, 0x05, 0x9f, 0xa7, 0x7a,
    0xf8, 0x00, 0x0c, 0xff, 0xff, 0xff, 0xfc, 0x00,
    0x04, 0xfc, 0x33, 0x33, 0xdf, 0x10, 0x04, 0xf7,
    0x00, 0x00, 0x8f, 0x50, 0x09, 0xf2, 0x00, 0x00,
    0x4f, 0xa0, 0x0e, 0xe0, 0x00, 0x00, 0x0f, 0xe0,
    0x5f, 0xa0, 0x00, 0x00, 0x0b, 0xf5, 0x7f, 0x50,
    0x00, 0x00, 0x06, 0xf6,

    /* U+0042 "B" */
    0x06, 0xad, 0xff, 0xeb, 0x30, 0x00, 0x2f, 0xff,
    0xdc, 0xef, 0xf4, 0x00, 0x08, 0xf5, 0x00, 0x06,
    0xfd, 0x00, 0x07, 0xf5, 0x00, 0x00, 0xcf, 0x00,
    0x07, 0xf5, 0x00, 0x00, 0xcf, 0x00, 0x07, 0xf5,
    0x00, 0x02, 0xfc, 0x00, 0x07, 0xf5, 0x00, 0x3d,
    0xf4, 0x00, 0x07, 0xfb, 0x9c, 0xff, 0x60, 0x00,
    0x07, 0xff, 0xff, 0xff, 0xf6, 0x00, 0x07, 0xf6,
    0x00, 0x04, 0xef, 0x40, 0x07, 0xf5, 0x00, 0x00,
    0x2f, 0xc0, 0x07, 0xf5, 0x00, 0x00, 0x0c, 0xf1,
    0x07, 0xf5, 0x00, 0x00, 0x0a, 0xf2, 0x07, 0xf5,
    0x00, 0x00, 0x0c, 0xf0, 0x07, 0xf5, 0x00, 0x00,
    0x4f, 0xd0, 0x07, 0xf5, 0x00, 0x05, 0xff, 0x50,
    0x1a, 0xf9, 0x79, 0xdf, 0xf8, 0x00, 0x4d, 0xff,
    0xff, 0xd9, 0x20, 0x00,

    /* U+0043 "C" */
    0x00, 0x00, 0x4c, 0xfe, 0xa2, 0x00, 0x00, 0x06,
    0xff, 0xef, 0xff, 0x40, 0x00, 0x3f, 0xe4, 0x00,
    0x7f, 0xe0, 0x00, 0xcf, 0x40, 0x00, 0x08, 0xa0,
    0x04, 0xfb, 0x00, 0x00, 0x00, 0x00, 0x09, 0xf5,
    0x00, 0x00, 0x00, 0x00, 0x0e, 0xf0, 0x00, 0x00,
    0x00, 0x00, 0x1f, 0xd0, 0x00, 0x00, 0x00, 0x00,
    0x3f, 0xb0, 0x00, 0x00, 0x00, 0x00, 0x4f, 0xa0,
    0x00, 0x00, 0x00, 0x00, 0x4f, 0x90, 0x00, 0x00,
    0x00, 0x00, 0x3f, 0xa0, 0x00, 0x00, 0x00, 0x00,
    0x2f, 0xc0, 0x00, 0x00, 0x00, 0x10, 0x0e, 0xf0,
    0x00, 0x00, 0x01, 0xe4, 0x0a, 0xf6, 0x00, 0x00,
    0x0c, 0xe0, 0x03, 0xfe, 0x40, 0x03, 0xcf, 0x40,
    0x00, 0x7f, 0xfe, 0xef, 0xf6, 0x00, 0x00, 0x05,
    0xcf, 0xfb, 0x30, 0x00,

    /* U+0044 "D" */
    0x06, 0xbe, 0xfe, 0xc6, 0x00, 0x00, 0x1f, 0xff,
    0xdf, 0xff, 0xb0, 0x00, 0x0b, 0xf4, 0x00, 0x3d,
    0xfa, 0x00, 0x0a, 0xf4, 0x00, 0x00, 0xdf, 0x40,
    0x0a, 0xf4, 0x00, 0x00, 0x5f, 0xb0, 0x0a, 0xf4,
    0x00, 0x00, 0x0f, 0xf0, 0x0a, 0xf4, 0x00, 0x00,
    0x0c, 0xf2, 0x0a, 0xf4, 0x00, 0x00, 0x0a, 0xf3,
    0x0a, 0xf4, 0x00, 0x00, 0x0a, 0xf4, 0x0a, 0xf4,
    0x00, 0x00, 0x0b, 0xf3, 0x0a, 0xf4, 0x00, 0x00,
    0x0c, 0xf2, 0x0a, 0xf4, 0x00, 0x00, 0x0f, 0xf0,
    0x0a, 0xf4, 0x00, 0x00, 0x3f, 0xb0, 0x0a, 0xf4,
    0x00, 0x00, 0xbf, 0x60, 0x0a, 0xf4, 0x00, 0x05,
    0xfd, 0x00, 0x0a, 0xf4, 0x00, 0x6f, 0xf3, 0x00,
    0x1c, 0xf9, 0x9e, 0xfe, 0x40, 0x00, 0x5e, 0xff,
    0xec, 0x81, 0x00, 0x00,

    /* U+0045 "E" */
    0x00, 0x00, 0x01, 0x47, 0xae, 0x60, 0x09, 0xdc,
    0xff, 0xff, 0xee, 0x80, 0x0a, 0xf7, 0x32, 0x00,
    0x00, 0x00, 0x09, 0xf4, 0x00, 0x00, 0x00, 0x00,
    0x09, 0xf4, 0x00, 0x00, 0x00, 0x00, 0x09, 0xf4,
    0x00, 0x00, 0x00, 0x00, 0x09, 0xf4, 0x00, 0x00,
    0x00, 0x00, 0x0b, 0xf9, 0x89, 0xbc, 0xe2, 0x00,
    0x0f, 0xff, 0xff, 0xff, 0xf6, 0x00, 0x09, 0xf7,
    0x32, 0x10, 0x00, 0x00, 0x09, 0xf4, 0x00, 0x00,
    0x00, 0x00, 0x09, 0xf4, 0x00, 0x00, 0x00, 0x00,
    0x09, 0xf4, 0x00, 0x00, 0x00, 0x00, 0x09, 0xf4,
    0x00, 0x00, 0x00, 0x00, 0x09, 0xf4, 0x00, 0x00,
    0x00, 0x00, 0x0a, 0xf4, 0x00, 0x00, 0x00, 0x00,
    0x0b, 0xff, 0xff, 0xff, 0xff, 0xf1, 0x05, 0xff,
    0xff, 0xff, 0xff, 0xf4,

    /* U+0046 "F" */
    0x5f, 0xff, 0xff, 0xff, 0xf9, 0x5f, 0xfe, 0xee,
    0xee, 0xeb, 0x5f, 0x90, 0x00, 0x00, 0x00, 0x5f,
    0x90, 0x00, 0x00, 0x00, 0x5f, 0x90, 0x00, 0x00,
    0x00, 0x5f, 0x90, 0x00, 0x00, 0x00, 0x9f, 0xd9,
    0xbc, 0xdf, 0x50, 0xbf, 0xff, 0xff, 0xff, 0xa0,
    0x5f, 0x91, 0x11, 0x11, 0x00, 0x5f, 0x90, 0x00,
    0x00, 0x00, 0x5f, 0x90, 0x00, 0x00, 0x00, 0x5f,
    0x90, 0x00, 0x00, 0x00, 0x5f, 0x90, 0x00, 0x00,
    0x00, 0x5f, 0x90, 0x00, 0x00, 0x00, 0x5f, 0x90,
    0x00, 0x00, 0x00, 0x5f, 0x90, 0x00, 0x00, 0x00,
    0x3e, 0x80, 0x00, 0x00, 0x00,

    /* U+0047 "G" */
    0x00, 0x00, 0x4c, 0xfe, 0xa1, 0x00, 0x00, 0x06,
    0xff, 0xef, 0xfe, 0x30, 0x00, 0x3f, 0xf4, 0x00,
    0x7f, 0xb0, 0x00, 0xdf, 0x40, 0x00, 0x09, 0x40,
    0x04, 0xfb, 0x00, 0x00, 0x00, 0x00, 0x0a, 0xf4,
    0x00, 0x00, 0x00, 0x00, 0x0f, 0xf0, 0x00, 0x00,
    0x00, 0x00, 0x2f, 0xc0, 0x00, 0x00, 0x00, 0x00,
    0x4f, 0x90, 0x04, 0xfe, 0xed, 0xb0, 0x5f, 0x80,
    0x01, 0xed, 0xbf, 0xf2, 0x6f, 0x80, 0x00, 0x00,
    0x0d, 0xf1, 0x5f, 0x80, 0x00, 0x00, 0x0e, 0xf1,
    0x4f, 0xa0, 0x00, 0x00, 0x1f, 0xf1, 0x2f, 0xd0,
    0x00, 0x00, 0x6f, 0xf1, 0x0e, 0xf3, 0x00, 0x00,
    0xdf, 0xf1, 0x06, 0xfd, 0x30, 0x0a, 0xff, 0xf1,
    0x00, 0xbf, 0xfe, 0xff, 0xee, 0xf2, 0x00, 0x06,
    0xcf, 0xea, 0x18, 0xe1,

    /* U+0048 "H" */
    0x09, 0xe3, 0x00, 0x00, 0x3e, 0x70, 0x9f, 0x50,
    0x00, 0x04, 0xfb, 0x09, 0xf5, 0x00, 0x00, 0x3f,
    0xb0, 0x9f, 0x50, 0x00, 0x03, 0xfb, 0x09, 0xf5,
    0x00, 0x00, 0x3f, 0xb0, 0x9f, 0x50, 0x00, 0x03,
    0xfb, 0x09, 0xf5, 0x00, 0x01, 0x6f, 0xb5, 0xff,
    0xff, 0xff, 0xff, 0xfb, 0x2f, 0xfb, 0xaa, 0xa9,
    0xbf, 0xb0, 0x9f, 0x50, 0x00, 0x03, 0xfb, 0x09,
    0xf5, 0x00, 0x00, 0x3f, 0xb0, 0x9f, 0x50, 0x00,
    0x03, 0xfb, 0x09, 0xf5, 0x00, 0x00, 0x3f, 0xb0,
    0x9f, 0x50, 0x00, 0x03, 0xfb, 0x09, 0xf5, 0x00,
    0x00, 0x3f, 0xb0, 0x9f, 0x50, 0x00, 0x04, 0xfb,
    0x06, 0xe5, 0x00, 0x00, 0x2d, 0xa0,

    /* U+0049 "I" */
    0x0e, 0xff, 0xff, 0xff, 0xa0, 0x0b, 0xff, 0xff,
    0xff, 0xf0, 0x00, 0x11, 0xfe, 0x11, 0x00, 0x00,
    0x00, 0xfe, 0x00, 0x00, 0x00, 0x00, 0xfe, 0x00,
    0x00, 0x00, 0x00, 0xfe, 0x00, 0x00, 0x00, 0x00,
    0xfe, 0x00, 0x00, 0x00, 0x00, 0xfe, 0x00, 0x00,
    0x00, 0x00, 0xfe, 0x00, 0x00, 0x00, 0x00, 0xfe,
    0x00, 0x00, 0x00, 0x00, 0xfe, 0x00, 0x00, 0x00,
    0x00, 0xfe, 0x00, 0x00, 0x00, 0x01, 0xfe, 0x00,
    0x00, 0x00, 0x01, 0xff, 0x00, 0x00, 0x00, 0x01,
    0xff, 0x00, 0x00, 0x4f, 0xff, 0xff, 0xff, 0xe2,
    0x2f, 0xff, 0xff, 0xff, 0xf5,

    /* U+004A "J" */
    0x00, 0x00, 0x00, 0x3f, 0x80, 0x00, 0x00, 0x04,
    0xfb, 0x00, 0x00, 0x00, 0x4f, 0xb0, 0x00, 0x00,
    0x04, 0xfb, 0x00, 0x00, 0x00, 0x4f, 0xb0, 0x00,
    0x00, 0x04, 0xfb, 0x00, 0x00, 0x00, 0x4f, 0xb0,
    0x00, 0x00, 0x04, 0xfb, 0x00, 0x00, 0x00, 0x4f,
    0xb0, 0x00, 0x00, 0x04, 0xfb, 0x00, 0x00, 0x00,
    0x4f, 0xb0, 0x00, 0x00, 0x04, 0xfb, 0x1a, 0x10,
    0x00, 0x4f, 0xb9, 0xf7, 0x00, 0x06, 0xfa, 0x4f,
    0xf4, 0x02, 0xdf, 0x60, 0x9f, 0xff, 0xff, 0xe0,
    0x00, 0x6d, 0xfe, 0xa2, 0x00,

    /* U+004B "K" */
    0xbd, 0x10, 0x00, 0x08, 0xe6, 0x0c, 0xf3, 0x00,
    0x05, 0xff, 0x40, 0xcf, 0x30, 0x03, 0xff, 0x40,
    0x0c, 0xf3, 0x02, 0xef, 0x40, 0x00, 0xbf, 0x31,
    0xef, 0x60, 0x00, 0x0b, 0xf4, 0xdf, 0x70, 0x00,
    0x00, 0xbf, 0xef, 0x70, 0x00, 0x00, 0x0b, 0xff,
    0xe0, 0x00, 0x00, 0x00, 0xbf, 0xdf, 0x90, 0x00,
    0x00, 0x0b, 0xf3, 0xcf, 0x40, 0x00, 0x00, 0xbf,
    0x32, 0xfe, 0x10, 0x00, 0x0b, 0xf3, 0x06, 0xfb,
    0x00, 0x00, 0xbf, 0x30, 0x0b, 0xf7, 0x00, 0x0b,
    0xf3, 0x00, 0x1e, 0xf4, 0x00, 0xcf, 0x30, 0x00,
    0x5f, 0xe2, 0x0c, 0xf3, 0x00, 0x00, 0x9f, 0xd2,
    0x8f, 0x30, 0x00, 0x00, 0xce, 0x50,

    /* U+004C "L" */
    0x7e, 0x50, 0x00, 0x00, 0x00, 0x08, 0xf8, 0x00,
    0x00, 0x00, 0x00, 0x7f, 0x80, 0x00, 0x00, 0x00,
    0x07, 0xf8, 0x00, 0x00, 0x00, 0x00, 0x7f, 0x80,
    0x00, 0x00, 0x00, 0x07, 0xf8, 0x00, 0x00, 0x00,
    0x00, 0x7f, 0x80, 0x00, 0x00, 0x00, 0x07, 0xf8,
    0x00, 0x00, 0x00, 0x00, 0x7f, 0x80, 0x00, 0x00,
    0x00, 0x07, 0xf8, 0x00, 0x00, 0x00, 0x00, 0x7f,
    0x80, 0x00, 0x00, 0x00, 0x07, 0xf8, 0x00, 0x00,
    0x00, 0x00, 0x7f, 0x80, 0x00, 0x00, 0x00, 0x07,
    0xf8, 0x00, 0x00, 0x00, 0x00, 0x7f, 0x80, 0x00,
    0x00, 0x00, 0x08, 0xfe, 0xcc, 0xcc, 0xcc, 0x90,
    0x3f, 0xff, 0xff, 0xff, 0xff, 0x00,

    /* U+004D "M" */
    0x03, 0xda, 0x00, 0x00, 0xad, 0x40, 0x06, 0xff,
    0x00, 0x00, 0xef, 0x80, 0x07, 0xff, 0x30, 0x03,
    0xff, 0x80, 0x08, 0xff, 0x60, 0x07, 0xff, 0x90,
    0x09, 0xff, 0x90, 0x0b, 0xff, 0xa0, 0x0a, 0xff,
    0xd0, 0x0f, 0xcf, 0xb0, 0x0b, 0xfb, 0xf0, 0x3f,
    0x8e, 0xc0, 0x0c, 0xe8, 0xf3, 0x7f, 0x4e, 0xd0,
    0x0c, 0xe4, 0xf6, 0xbf, 0x0d, 0xd0, 0x0d, 0xd1,
    0xfa, 0xfc, 0x0d, 0xe0, 0x0e, 0xd0, 0xdf, 0xf8,
    0x0c, 0xf0, 0x0f, 0xc0, 0xaf, 0xf4, 0x0b, 0xf0,
    0x0f, 0xc0, 0x7f, 0xf1, 0x0b, 0xf1, 0x1f, 0xb0,
    0x3f, 0xd0, 0x0b, 0xf2, 0x3f, 0xb0, 0x04, 0x10,
    0x0a, 0xf3, 0x4f, 0xa0, 0x00, 0x00, 0x0a, 0xf5,
    0x4f, 0x80, 0x00, 0x00, 0x08, 0xe4,

    /* U+004E "N" */
    0x9e, 0x40, 0x00, 0x01, 0xe7, 0xdf, 0xc0, 0x00,
    0x02, 0xfb, 0xcf, 0xf3, 0x00, 0x01, 0xfb, 0xcf,
    0xfa, 0x00, 0x01, 0xfb, 0xcf, 0xff, 0x10, 0x01,
    0xfb, 0xcf, 0x8f, 0x70, 0x01, 0xfb, 0xcf, 0x2f,
    0xe0, 0x01, 0xfb, 0xcf, 0x0a, 0xf5, 0x01, 0xfb,
    0xcf, 0x03, 0xfd, 0x01, 0xfb, 0xcf, 0x00, 0xcf,
    0x41, 0xfb, 0xcf, 0x00, 0x5f, 0xc1, 0xfb, 0xcf,
    0x00, 0x0d, 0xf4, 0xfb, 0xcf, 0x00, 0x05, 0xfc,
    0xfb, 0xcf, 0x00, 0x00, 0xef, 0xfb, 0xcf, 0x00,
    0x00, 0x6f, 0xfb, 0xdf, 0x00, 0x00, 0x0e, 0xfc,
    0x9e, 0x00, 0x00, 0x06, 0xe5,

    /* U+004F "O" */
    0x00, 0x00, 0x6d, 0xfd, 0x50, 0x00, 0x00, 0x3a,
    0xff, 0xdf, 0xf6, 0x00, 0x00, 0xdf, 0xc1, 0x03,
    0xff, 0x10, 0x04, 0xfe, 0x10, 0x00, 0x7f, 0x70,
    0x09, 0xf7, 0x00, 0x00, 0x2f, 0xc0, 0x0d, 0xf1,
    0x00, 0x00, 0x0e, 0xf0, 0x1f, 0xd0, 0x00, 0x00,
    0x0b, 0xf2, 0x2f, 0xb0, 0x00, 0x00, 0x0a, 0xf3,
    0x3f, 0xa0, 0x00, 0x00, 0x09, 0xf4, 0x4f, 0x90,
    0x00, 0x00, 0x0a, 0xf4, 0x3f, 0xa0, 0x00, 0x00,
    0x0b, 0xf3, 0x2f, 0xb0, 0x00, 0x00, 0x0c, 0xf1,
    0x0f, 0xe0, 0x00, 0x00, 0x0f, 0xe0, 0x0c, 0xf2,
    0x00, 0x00, 0x4f, 0xa0, 0x07, 0xf8, 0x00, 0x00,
    0xbf, 0x40, 0x01, 0xef, 0x50, 0x08, 0xfc, 0x00,
    0x00, 0x5f, 0xff, 0xff, 0xe2, 0x00, 0x00, 0x04,
    0xcf, 0xea, 0x20, 0x00,

    /* U+0050 "P" */
    0x05, 0x9c, 0xef, 0xfe, 0xb4, 0x00, 0x7f, 0xff,
    0xfd, 0xef, 0xff, 0x80, 0x0c, 0xf6, 0x00, 0x00,
    0x7f, 0xf2, 0x0a, 0xf4, 0x00, 0x00, 0x0b, 0xf5,
    0x0a, 0xf4, 0x00, 0x00, 0x08, 0xf6, 0x0a, 0xf4,
    0x00, 0x00, 0x0b, 0xf4, 0x0a, 0xf4, 0x00, 0x00,
    0x5f, 0xf0, 0x0a, 0xf4, 0x00, 0x29, 0xff, 0x70,
    0x0a, 0xfb, 0xad, 0xff, 0xf7, 0x00, 0x0a, 0xfe,
    0xdc, 0x96, 0x10, 0x00, 0x0a, 0xf4, 0x00, 0x00,
    0x00, 0x00, 0x0a, 0xf4, 0x00, 0x00, 0x00, 0x00,
    0x0a, 0xf4, 0x00, 0x00, 0x00, 0x00, 0x0a, 0xf4,
    0x00, 0x00, 0x00, 0x00, 0x0a, 0xf4, 0x00, 0x00,
    0x00, 0x00, 0x0a, 0xf4, 0x00, 0x00, 0x00, 0x00,
    0x0a, 0xf4, 0x00, 0x00, 0x00, 0x00, 0x07, 0xe4,
    0x00, 0x00, 0x00, 0x00,

    /* U+0051 "Q" */
    0x00, 0x00, 0x6d, 0xfd, 0x50, 0x00, 0x00, 0x3a,
    0xff, 0xdf, 0xf6, 0x00, 0x00, 0xdf, 0xc1, 0x03,
    0xff, 0x10, 0x05, 0xfe, 0x10, 0x00, 0x7f, 0x70,
    0x09, 0xf7, 0x00, 0x00, 0x2f, 0xc0, 0x0d, 0xf1,
    0x00, 0x00, 0x0e, 0xf0, 0x1f, 0xd0, 0x00, 0x00,
    0x0b, 0xf2, 0x2f, 0xb0, 0x00, 0x00, 0x0a, 0xf3,
    0x3f, 0xa0, 0x00, 0x00, 0x09, 0xf4, 0x4f, 0x90,
    0x00, 0x00, 0x0a, 0xf4, 0x3f, 0xa0, 0x00, 0x00,
    0x0b, 0xf3, 0x2f, 0xb0, 0x00, 0x00, 0x0c, 0xf1,
    0x0f, 0xe0, 0x04, 0xc5, 0x0f, 0xe0, 0x0c, 0xf2,
    0x02, 0xff, 0x6f, 0xa0, 0x06, 0xf8, 0x00, 0x6f,
    0xff, 0x40, 0x01, 0xef, 0x50, 0x0e, 0xfc, 0x00,
    0x00, 0x4f, 0xff, 0xff, 0xff, 0x30, 0x00, 0x04,
    0xcf, 0xea, 0x6f, 0xd1, 0x00, 0x00, 0x00, 0x00,
    0x03, 0xc8,

    /* U+0052 "R" */
    0x16, 0x9c, 0xef, 0xfe, 0xa2, 0x00, 0x6f, 0xff,
    0xdc, 0xcf, 0xff, 0x30, 0x0b, 0xf5, 0x00, 0x00,
    0x9f, 0xc0, 0x09, 0xf5, 0x00, 0x00, 0x0f, 0xf0,
    0x09, 0xf5, 0x00, 0x00, 0x0f, 0xf0, 0x09, 0xf5,
    0x00, 0x00, 0x9f, 0xb0, 0x09, 0xf5, 0x02, 0x4b,
    0xff, 0x20, 0x09, 0xff, 0xff, 0xff, 0xb2, 0x00,
    0x09, 0xff, 0xfc, 0x41, 0x00, 0x00, 0x09, 0xf6,
    0xdf, 0x40, 0x00, 0x00, 0x09, 0xf5, 0x2f, 0xe2,
    0x00, 0x00, 0x09, 0xf5, 0x06, 0xfc, 0x00, 0x00,
    0x09, 0xf5, 0x00, 0xaf, 0x70, 0x00, 0x09, 0xf5,
    0x00, 0x1e, 0xf2, 0x00, 0x09, 0xf5, 0x00, 0x04,
    0xfd, 0x00, 0x09, 0xf5, 0x00, 0x00, 0x8f, 0xb0,
    0x06, 0xe4, 0x00, 0x00, 0x06, 0xe8,

    /* U+0053 "S" */
    0x00, 0x04, 0xbe, 0xfc, 0x60, 0x00, 0x00, 0x7f,
    0xfe, 0xdf, 0xfc, 0x10, 0x03, 0xff, 0x50, 0x02,
    0xcf, 0x80, 0x0a, 0xf6, 0x00, 0x00, 0x1d, 0x60,
    0x0d, 0xf1, 0x00, 0x00, 0x00, 0x00, 0x0b, 0xf4,
    0x00, 0x00, 0x00, 0x00, 0x06, 0xfe, 0x60, 0x00,
    0x00, 0x00, 0x00, 0x8f, 0xff, 0xb5, 0x00, 0x00,
    0x00, 0x02, 0x9e, 0xff, 0xe5, 0x00, 0x00, 0x00,
    0x00, 0x3a, 0xff, 0x50, 0x00, 0x00, 0x00, 0x00,
    0x6f, 0xe0, 0x00, 0x00, 0x00, 0x00, 0x0c, 0xf3,
    0x00, 0x00, 0x00, 0x00, 0x09, 0xf5, 0x1a, 0x10,
    0x00, 0x00, 0x0a, 0xf5, 0x6f, 0xa0, 0x00, 0x00,
    0x1e, 0xf1, 0x1e, 0xf9, 0x10, 0x02, 0xcf, 0xb0,
    0x03, 0xef, 0xfe, 0xef, 0xfd, 0x10, 0x00, 0x18,
    0xdf, 0xfc, 0x70, 0x00,

    /* U+0054 "T" */
    0x5f, 0xff, 0xff, 0xff, 0xff, 0xf4, 0x2f, 0xfe,
    0xef, 0xf9, 0x99, 0x93, 0x01, 0x00, 0x0f, 0xf0,
    0x00, 0x00, 0x00, 0x00, 0x0f, 0xf0, 0x00, 0x00,
    0x00, 0x00, 0x0f, 0xf0, 0x00, 0x00, 0x00, 0x00,
    0x0f, 0xf0, 0x00, 0x00, 0x00, 0x00, 0x0f, 0xf0,
    0x00, 0x00, 0x00, 0x00, 0x0f, 0xf0, 0x00, 0x00,
    0x00, 0x00, 0x0f, 0xf0, 0x00, 0x00, 0x00, 0x00,
    0x0f, 0xf0, 0x00, 0x00, 0x00, 0x00, 0x0f, 0xf0,
    0x00, 0x00, 0x00, 0x00, 0x0f, 0xf0, 0x00, 0x00,
    0x00, 0x00, 0x0f, 0xf0, 0x00, 0x00, 0x00, 0x00,
    0x0f, 0xf0, 0x00, 0x00, 0x00, 0x00, 0x0f, 0xf0,
    0x00, 0x00, 0x00, 0x00, 0x0f, 0xf0, 0x00, 0x00,
    0x00, 0x00, 0x0c, 0xe0, 0x00, 0x00,

    /* U+0055 "U" */
    0xcd, 0x10, 0x00, 0x02, 0xfa, 0xdf, 0x20, 0x00,
    0x02, 0xfe, 0xdf, 0x20, 0x00, 0x02, 0xfe, 0xdf,
    0x20, 0x00, 0x02, 0xfe, 0xdf, 0x20, 0x00, 0x02,
    0xfe, 0xdf, 0x20, 0x00, 0x02, 0xfe, 0xdf, 0x20,
    0x00, 0x02, 0xfe, 0xdf, 0x20, 0x00, 0x02, 0xfe,
    0xdf, 0x20, 0x00, 0x02, 0xfe, 0xdf, 0x20, 0x00,
    0x02, 0xfe, 0xdf, 0x20, 0x00, 0x02, 0xfe, 0xdf,
    0x20, 0x00, 0x03, 0xfd, 0xcf, 0x30, 0x00, 0x05,
    0xfc, 0xaf, 0x60, 0x00, 0x0b, 0xf8, 0x6f, 0xc1,
    0x00, 0x7f, 0xf2, 0x0d, 0xff, 0xde, 0xff, 0x60,
    0x01, 0x9d, 0xfe, 0xb4, 0x00,

    /* U+0056 "V" */
    0x5f, 0x80, 0x00, 0x00, 0x07, 0xe4, 0x2f, 0xd0,
    0x00, 0x00, 0x0c, 0xf5, 0x0d, 0xf2, 0x00, 0x00,
    0x0f, 0xf0, 0x09, 0xf6, 0x00, 0x00, 0x4f, 0xa0,
    0x04, 0xfb, 0x00, 0x00, 0x9f, 0x60, 0x00, 0xff,
    0x00, 0x00, 0xdf, 0x10, 0x00, 0xbf, 0x40, 0x02,
    0xfc, 0x00, 0x00, 0x7f, 0x80, 0x06, 0xf7, 0x00,
    0x00, 0x2f, 0xc0, 0x0b, 0xf2, 0x00, 0x00, 0x0e,
    0xf1, 0x0f, 0xe0, 0x00, 0x00, 0x0a, 0xf4, 0x4f,
    0x90, 0x00, 0x00, 0x06, 0xf8, 0x8f, 0x40, 0x00,
    0x00, 0x01, 0xfc, 0xdf, 0x00, 0x00, 0x00, 0x00,
    0xdf, 0xfb, 0x00, 0x00, 0x00, 0x00, 0x9f, 0xf6,
    0x00, 0x00, 0x00, 0x00, 0x5f, 0xf3, 0x00, 0x00,
    0x00, 0x00, 0x0b, 0xd0, 0x00, 0x00,

    /* U+0057 "W" */
    0x7e, 0x60, 0x4f, 0xd1, 0x07, 0xf6, 0x4f, 0xa0,
    0x6f, 0xf3, 0x08, 0xf6, 0x1f, 0xc0, 0x8f, 0xf5,
    0x0a, 0xf4, 0x0f, 0xd0, 0xaf, 0xf7, 0x0c, 0xf1,
    0x0d, 0xf0, 0xbf, 0xf9, 0x0e, 0xf0, 0x0b, 0xf0,
    0xdd, 0xfb, 0x0f, 0xd0, 0x09, 0xf2, 0xfb, 0xdd,
    0x1f, 0xb0, 0x08, 0xf4, 0xf9, 0xbf, 0x3f, 0x90,
    0x06, 0xf7, 0xf8, 0x9f, 0x6f, 0x80, 0x05, 0xfa,
    0xf6, 0x8f, 0x9f, 0x60, 0x03, 0xfd, 0xf5, 0x6f,
    0xcf, 0x40, 0x02, 0xff, 0xf3, 0x5f, 0xff, 0x30,
    0x00, 0xff, 0xf2, 0x3f, 0xff, 0x10, 0x00, 0xff,
    0xf0, 0x1f, 0xff, 0x00, 0x00, 0xef, 0xf0, 0x0f,
    0xfe, 0x00, 0x00, 0xcf, 0xd0, 0x0e, 0xfc, 0x00,
    0x00, 0x3e, 0xa0, 0x04, 0xe9, 0x00,

    /* U+0058 "X" */
    0x06, 0xe6, 0x00, 0x00, 0x2f, 0x60, 0x05, 0xfd,
    0x00, 0x00, 0xaf, 0xa0, 0x00, 0xdf, 0x50, 0x02,
    0xff, 0x20, 0x00, 0x5f, 0xc0, 0x09, 0xf9, 0x00,
    0x00, 0x0d, 0xf4, 0x1f, 0xf1, 0x00, 0x00, 0x05,
    0xfb, 0x8f, 0x90, 0x00, 0x00, 0x00, 0xdf, 0xff,
    0x10, 0x00, 0x00, 0x00, 0x6f, 0xf9, 0x00, 0x00,
    0x00, 0x00, 0x1f, 0xf3, 0x00, 0x00, 0x00, 0x00,
    0x8f, 0xf9, 0x00, 0x00, 0x00, 0x00, 0xef, 0xef,
    0x10, 0x00, 0x00, 0x07, 0xf9, 0x8f, 0x80, 0x00,
    0x00, 0x0e, 0xf1, 0x1f, 0xf1, 0x00, 0x00, 0x7f,
    0x90, 0x09, 0xf8, 0x00, 0x01, 0xff, 0x20, 0x01,
    0xff, 0x10, 0x0a, 0xfa, 0x00, 0x00, 0xaf, 0xa0,
    0x0b, 0xf3, 0x00, 0x00, 0x2f, 0xb0,

    /* U+0059 "Y" */
    0x5e, 0xa0, 0x00, 0x00, 0x0d, 0xd2, 0x1f, 0xf2,
    0x00, 0x00, 0x5f, 0xc0, 0x07, 0xf9, 0x00, 0x00,
    0xcf, 0x30, 0x00, 0xef, 0x10, 0x03, 0xfb, 0x00,
    0x00, 0x6f, 0x70, 0x0a, 0xf4, 0x00, 0x00, 0x0e,
    0xe0, 0x1f, 0xc0, 0x00, 0x00, 0x08, 0xf5, 0x9f,
    0x50, 0x00, 0x00, 0x01, 0xfd, 0xfd, 0x00, 0x00,
    0x00, 0x00, 0xaf, 0xf6, 0x00, 0x00, 0x00, 0x00,
    0x3f, 0xe0, 0x00, 0x00, 0x00, 0x00, 0x1f, 0xd0,
    0x00, 0x00, 0x00, 0x00, 0x1f, 0xd0, 0x00, 0x00,
    0x00, 0x00, 0x1f, 0xd0, 0x00, 0x00, 0x00, 0x00,
    0x2f, 0xd0, 0x00, 0x00, 0x00, 0x00, 0x2f, 0xd0,
    0x00, 0x00, 0x00, 0x00, 0x2f, 0xe0, 0x00, 0x00,
    0x00, 0x00, 0x1c, 0xd0, 0x00, 0x00,

    /* U+005A "Z" */
    0x00, 0x11, 0x11, 0x00, 0x00, 0x00, 0x03, 0xff,
    0xff, 0xff, 0xff, 0xd0, 0x00, 0xcd, 0xca, 0x97,
    0xef, 0xf2, 0x00, 0x00, 0x00, 0x04, 0xff, 0x40,
    0x00, 0x00, 0x00, 0x0d, 0xfa, 0x00, 0x00, 0x00,
    0x00, 0x6f, 0xf1, 0x00, 0x00, 0x00, 0x00, 0xef,
    0x70, 0x00, 0x00, 0x00, 0x08, 0xfd, 0x00, 0x00,
    0x00, 0x00, 0x1f, 0xf4, 0x00, 0x00, 0x00, 0x00,
    0x9f, 0xa0, 0x00, 0x00, 0x00, 0x02, 0xff, 0x20,
    0x00, 0x00, 0x00, 0x0a, 0xf9, 0x00, 0x00, 0x00,
    0x00, 0x2f, 0xf1, 0x00, 0x00, 0x00, 0x00, 0xbf,
    0x80, 0x00, 0x00, 0x00, 0x03, 0xff, 0x10, 0x00,
    0x00, 0x00, 0x0c, 0xf8, 0x00, 0x00, 0x00, 0x00,
    0x6f, 0xfd, 0xdd, 0xdd, 0xdd, 0xb0, 0x2e, 0xff,
    0xff, 0xff, 0xff, 0xf2,

    /* U+005B "[" */
    0x08, 0x99, 0x97, 0x01, 0xff, 0xff, 0xf0, 0x0f,
    0xe0, 0x00, 0x00, 0xfe, 0x00, 0x00, 0x0f, 0xe0,
    0x00, 0x00, 0xfe, 0x00, 0x00, 0x0f, 0xe0, 0x00,
    0x00, 0xfe, 0x00, 0x00, 0x0f, 0xe0, 0x00, 0x00,
    0xfe, 0x00, 0x00, 0x0f, 0xe0, 0x00, 0x00, 0xfe,
    0x00, 0x00, 0x0f, 0xe0, 0x00, 0x00, 0xfe, 0x00,
    0x00, 0x0f, 0xe0, 0x00, 0x00, 0xfe, 0x00, 0x00,
    0x0f, 0xe0, 0x00, 0x00, 0xfe, 0x00, 0x00, 0x0f,
    0xe0, 0x00, 0x00, 0xfe, 0x00, 0x00, 0x0f, 0xe0,
    0x00, 0x00, 0xff, 0xbb, 0x70, 0x0c, 0xff, 0xfe,
    0x00,

    /* U+005C "\\" */
    0x03, 0x40, 0x00, 0x00, 0x00, 0x00, 0x0e, 0xd0,
    0x00, 0x00, 0x00, 0x00, 0x0b, 0xf4, 0x00, 0x00,
    0x00, 0x00, 0x02, 0xfb, 0x00, 0x00, 0x00, 0x00,
    0x00, 0xbf, 0x20, 0x00, 0x00, 0x00, 0x00, 0x4f,
    0x90, 0x00, 0x00, 0x00, 0x00, 0x0d, 0xf0, 0x00,
    0x00, 0x00, 0x00, 0x06, 0xf6, 0x00, 0x00, 0x00,
    0x00, 0x00, 0xed, 0x00, 0x00, 0x00, 0x00, 0x00,
    0x8f, 0x40, 0x00, 0x00, 0x00, 0x00, 0x1f, 0xb0,
    0x00, 0x00, 0x00, 0x00, 0x0a, 0xf2, 0x00, 0x00,
    0x00, 0x00, 0x03, 0xf9, 0x00, 0x00, 0x00, 0x00,
    0x00, 0xcf, 0x00, 0x00, 0x00, 0x00, 0x00, 0x5f,
    0x60, 0x00, 0x00, 0x00, 0x00, 0x0e, 0xd0, 0x00,
    0x00, 0x00, 0x00, 0x08, 0xf4, 0x00, 0x00, 0x00,
    0x00, 0x01, 0xfb, 0x00, 0x00, 0x00, 0x00, 0x00,
    0xaf, 0x20, 0x00, 0x00, 0x00, 0x00, 0x3f, 0x90,
    0x00, 0x00, 0x00, 0x00, 0x0c, 0xf1, 0x00, 0x00,
    0x00, 0x00, 0x06, 0xd0,

    /* U+005D "]" */
    0x08, 0x99, 0x95, 0x00, 0xbf, 0xff, 0xf0, 0x00,
    0x00, 0xef, 0x00, 0x00, 0x0e, 0xf0, 0x00, 0x00,
    0xef, 0x00, 0x00, 0x0e, 0xf0, 0x00, 0x00, 0xef,
    0x00, 0x00, 0x0e, 0xf0, 0x00, 0x00, 0xef, 0x00,
    0x00, 0x0e, 0xf0, 0x00, 0x00, 0xef, 0x00, 0x00,
    0x0e, 0xf0, 0x00, 0x00, 0xef, 0x00, 0x00, 0x0e,
    0xf0, 0x00, 0x00, 0xef, 0x00, 0x00, 0x0e, 0xf0,
    0x00, 0x00, 0xef, 0x00, 0x00, 0x0e, 0xf0, 0x00,
    0x00, 0xef, 0x00, 0x00, 0x0e, 0xf0, 0x00, 0x00,
    0xef, 0x00, 0x9a, 0xaf, 0xf0, 0x0d, 0xff, 0xfe,
    0x00,

    /* U+005E "^" */
    0x00, 0x00, 0xbd, 0x00, 0x00, 0x00, 0x04, 0xff,
    0x60, 0x00, 0x00, 0x0d, 0xfd, 0xe1, 0x00, 0x00,
    0x6f, 0x75, 0xf8, 0x00, 0x00, 0xee, 0x00, 0xcf,
    0x20, 0x08, 0xf6, 0x00, 0x3f, 0xa0, 0x3f, 0xd0,
    0x00, 0x0b, 0xf4, 0x6f, 0x50, 0x00, 0x03, 0xe9,

    /* U+005F "_" */
    0x9c, 0xcc, 0xcc, 0xcc, 0xcc, 0xc9, 0xcf, 0xff,
    0xff, 0xff, 0xff, 0xfc,

    /* U+0060 "`" */
    0x05, 0x30, 0x00, 0x6f, 0xf7, 0x00, 0x29, 0xef,
    0xa0, 0x00, 0x05, 0xd5,

    /* U+0061 "a" */
    0x00, 0x00, 0x6d, 0xfe, 0xae, 0x80, 0x00, 0x0a,
    0xff, 0xcf, 0xff, 0xb0, 0x00, 0x7f, 0xc1, 0x02,
    0xef, 0xa0, 0x02, 0xfe, 0x10, 0x00, 0x5f, 0x90,
    0x08, 0xf6, 0x00, 0x00, 0x6f, 0x80, 0x0c, 0xf1,
    0x00, 0x00, 0x7f, 0x80, 0x0f, 0xf0, 0x00, 0x00,
    0xaf, 0x70, 0x0f, 0xe0, 0x00, 0x00, 0xff, 0x80,
    0x0e, 0xf0, 0x00, 0x08, 0xff, 0xa0, 0x0a, 0xf6,
    0x00, 0x7f, 0xdf, 0xd0, 0x02, 0xff, 0xde, 0xfd,
    0x1e, 0xf3, 0x00, 0x4c, 0xfd, 0x80, 0x08, 0xd0,

    /* U+0062 "b" */
    0xad, 0x20, 0x00, 0x00, 0x00, 0xaf, 0x40, 0x00,
    0x00, 0x00, 0xaf, 0x40, 0x00, 0x00, 0x00, 0xaf,
    0x40, 0x00, 0x00, 0x00, 0xaf, 0x30, 0x00, 0x00,
    0x00, 0xaf, 0x34, 0xbe, 0xfb, 0x20, 0xaf, 0x8f,
    0xfd, 0xdf, 0xe1, 0xaf, 0xfe, 0x40, 0x0a, 0xf9,
    0xaf, 0xf3, 0x00, 0x02, 0xfd, 0xaf, 0xb0, 0x00,
    0x00, 0xff, 0xaf, 0x60, 0x00, 0x00, 0xfe, 0xaf,
    0x40, 0x00, 0x01, 0xfd, 0xaf, 0x30, 0x00, 0x05,
    0xf9, 0xaf, 0x30, 0x00, 0x0d, 0xf4, 0xaf, 0xd1,
    0x01, 0xbf, 0xa0, 0xaf, 0xff, 0xce, 0xfc, 0x10,
    0x9c, 0x8e, 0xfd, 0x70, 0x00,

    /* U+0063 "c" */
    0x00, 0x02, 0xae, 0xeb, 0x20, 0x00, 0x5f, 0xfd,
    0xdf, 0xf2, 0x03, 0xff, 0x50, 0x08, 0xf4, 0x0d,
    0xf5, 0x00, 0x00, 0x40, 0x4f, 0xb0, 0x00, 0x00,
    0x00, 0x9f, 0x50, 0x00, 0x00, 0x00, 0xbf, 0x30,
    0x00, 0x00, 0x00, 0xaf, 0x40, 0x00, 0x00, 0x03,
    0x8f, 0x70, 0x00, 0x00, 0x8d, 0x2f, 0xf3, 0x00,
    0x2b, 0xf4, 0x08, 0xff, 0xcd, 0xff, 0x60, 0x00,
    0x6c, 0xfe, 0xa3, 0x00,

    /* U+0064 "d" */
    0x00, 0x00, 0x00, 0x00, 0x4e, 0x60, 0x00, 0x00,
    0x00, 0x00, 0x4f, 0xa0, 0x00, 0x00, 0x00, 0x00,
    0x4f, 0x90, 0x00, 0x00, 0x00, 0x00, 0x4f, 0x90,
    0x00, 0x00, 0x00, 0x00, 0x3f, 0x90, 0x00, 0x00,
    0x6d, 0xfe, 0xbf, 0x90, 0x00, 0x0b, 0xff, 0xcf,
    0xff, 0x90, 0x00, 0x9f, 0xb1, 0x01, 0xbf, 0x90,
    0x02, 0xfe, 0x00, 0x00, 0x3f, 0x90, 0x09, 0xf6,
    0x00, 0x00, 0x3f, 0x90, 0x0d, 0xf1, 0x00, 0x00,
    0x4f, 0x90, 0x0f, 0xe0, 0x00, 0x00, 0x7f, 0x90,
    0x0f, 0xe0, 0x00, 0x00, 0xdf, 0x90, 0x0e, 0xf0,
    0x00, 0x08, 0xff, 0xb0, 0x0a, 0xf7, 0x00, 0x8f,
    0xdf, 0xe0, 0x02, 0xff, 0xde, 0xfe, 0x2d, 0xf5,
    0x00, 0x3c, 0xfe, 0xa2, 0x06, 0xd1,

    /* U+0065 "e" */
    0x00, 0x00, 0x3a, 0xef, 0xc6, 0x00, 0x00, 0x05,
    0xff, 0xcc, 0xff, 0x60, 0x00, 0x4f, 0xe3, 0x00,
    0x3f, 0xc0, 0x00, 0xdf, 0x30, 0x00, 0x0f, 0xe0,
    0x05, 0xf9, 0x01, 0x36, 0xbf, 0xc0, 0x0f, 0xff,
    0xff, 0xff, 0xfa, 0x20, 0x0a, 0xfc, 0xa9, 0x74,
    0x00, 0x00, 0x08, 0xf4, 0x00, 0x00, 0x00, 0x10,
    0x05, 0xf8, 0x00, 0x00, 0x05, 0xe0, 0x01, 0xfe,
    0x20, 0x01, 0x9f, 0x60, 0x00, 0x6f, 0xfc, 0xdf,
    0xf7, 0x00, 0x00, 0x05, 0xdf, 0xea, 0x30, 0x00,

    /* U+0066 "f" */
    0x00, 0x00, 0x2b, 0xff, 0xc3, 0x00, 0x00, 0xef,
    0xde, 0xfe, 0x00, 0x04, 0xfb, 0x00, 0x57, 0x00,
    0x05, 0xf8, 0x00, 0x00, 0x00, 0x05, 0xf8, 0x00,
    0x00, 0xaf, 0xff, 0xff, 0xff, 0xfa, 0x7b, 0xbd,
    0xfe, 0xbb, 0xb8, 0x00, 0x05, 0xf8, 0x00, 0x00,
    0x00, 0x05, 0xf8, 0x00, 0x00, 0x00, 0x05, 0xf8,
    0x00, 0x00, 0x00, 0x05, 0xf8, 0x00, 0x00, 0x00,
    0x05, 0xf8, 0x00, 0x00, 0x00, 0x05, 0xf8, 0x00,
    0x00, 0x00, 0x05, 0xf8, 0x00, 0x00, 0x00, 0x05,
    0xf9, 0x00, 0x00, 0x00, 0x05, 0xf9, 0x00, 0x00,
    0x00, 0x03, 0xe9, 0x00, 0x00,

    /* U+0067 "g" */
    0x00, 0x06, 0xdf, 0xea, 0xeb, 0x00, 0x0a, 0xff,
    0xce, 0xff, 0xf0, 0x07, 0xfc, 0x10, 0x0a, 0xff,
    0x01, 0xff, 0x10, 0x00, 0x0d, 0xf0, 0x6f, 0x80,
    0x00, 0x00, 0xef, 0x0a, 0xf3, 0x00, 0x00, 0x0e,
    0xe0, 0xcf, 0x10, 0x00, 0x00, 0xfe, 0x0c, 0xf1,
    0x00, 0x00, 0x5f, 0xe0, 0xaf, 0x30, 0x00, 0x0d,
    0xfe, 0x06, 0xfa, 0x00, 0x2c, 0xff, 0xe0, 0x0d,
    0xfe, 0xcf, 0xf9, 0xee, 0x00, 0x1a, 0xef, 0xb4,
    0x0f, 0xd0, 0x16, 0x00, 0x00, 0x06, 0xf9, 0x0a,
    0xf6, 0x00, 0x05, 0xff, 0x20, 0x3f, 0xfe, 0xce,
    0xff, 0x50, 0x00, 0x2a, 0xef, 0xe9, 0x20, 0x00,

    /* U+0068 "h" */
    0x8e, 0x30, 0x00, 0x00, 0x00, 0x8f, 0x60, 0x00,
    0x00, 0x00, 0x8f, 0x60, 0x00, 0x00, 0x00, 0x8f,
    0x60, 0x00, 0x00, 0x00, 0x8f, 0x60, 0x00, 0x00,
    0x00, 0x8f, 0x51, 0x9e, 0xfc, 0x30, 0x8f, 0x9e,
    0xfe, 0xdf, 0xe1, 0x8f, 0xff, 0x40, 0x0a, 0xf6,
    0x8f, 0xf5, 0x00, 0x04, 0xf9, 0x8f, 0xd0, 0x00,
    0x03, 0xfa, 0x8f, 0x90, 0x00, 0x03, 0xfa, 0x8f,
    0x70, 0x00, 0x03, 0xfa, 0x8f, 0x60, 0x00, 0x03,
    0xfa, 0x8f, 0x50, 0x00, 0x03, 0xfa, 0x8f, 0x50,
    0x00, 0x03, 0xfb, 0x8f, 0x60, 0x00, 0x03, 0xfb,
    0x5e, 0x50, 0x00, 0x01, 0xda,

    /* U+0069 "i" */
    0x00, 0x01, 0xdc, 0x00, 0x00, 0x00, 0x03, 0xff,
    0x30, 0x00, 0x00, 0x00, 0xbc, 0x10, 0x00, 0x00,
    0x00, 0x00, 0x00, 0x00, 0x00, 0x00, 0x00, 0x00,
    0x00, 0x0d, 0xff, 0xfc, 0x00, 0x00, 0x0a, 0xfe,
    0xff, 0x20, 0x00, 0x00, 0x00, 0xff, 0x10, 0x00,
    0x00, 0x00, 0xff, 0x10, 0x00, 0x00, 0x00, 0xff,
    0x10, 0x00, 0x00, 0x00, 0xff, 0x10, 0x00, 0x00,
    0x00, 0xff, 0x10, 0x00, 0x00, 0x00, 0xff, 0x10,
    0x00, 0x00, 0x00, 0xff, 0x10, 0x00, 0x00, 0x00,
    0xff, 0x10, 0x00, 0x4f, 0xff, 0xff, 0xff, 0xe2,
    0x2f, 0xff, 0xff, 0xff, 0xf5,

    /* U+006A "j" */
    0x00, 0x00, 0x00, 0x6f, 0x50, 0x00, 0x00, 0x0b,
    0xfc, 0x00, 0x00, 0x00, 0x4e, 0x60, 0x00, 0x00,
    0x00, 0x00, 0x00, 0x00, 0x00, 0x00, 0x00, 0x07,
    0xff, 0xff, 0xf6, 0x00, 0x5f, 0xff, 0xef, 0xb0,
    0x00, 0x00, 0x03, 0xfa, 0x00, 0x00, 0x00, 0x3f,
    0xa0, 0x00, 0x00, 0x03, 0xfa, 0x00, 0x00, 0x00,
    0x3f, 0xa0, 0x00, 0x00, 0x03, 0xf9, 0x00, 0x00,
    0x00, 0x3f, 0x90, 0x00, 0x00, 0x03, 0xf9, 0x00,
    0x00, 0x00, 0x3f, 0x90, 0x00, 0x00, 0x03, 0xf9,
    0x00, 0x00, 0x00, 0x5f, 0x84, 0xa0, 0x00, 0x0a,
    0xf5, 0xcf, 0x50, 0x06, 0xfe, 0x04, 0xff, 0xce,
    0xff, 0x40, 0x04, 0xcf, 0xea, 0x30, 0x00,

    /* U+006B "k" */
    0x4e, 0x70, 0x00, 0x00, 0x00, 0x04, 0xfa, 0x00,
    0x00, 0x00, 0x00, 0x4f, 0xa0, 0x00, 0x00, 0x00,
    0x04, 0xfa, 0x00, 0x00, 0x00, 0x00, 0x4f, 0x90,
    0x00, 0x00, 0x00, 0x04, 0xf9, 0x00, 0x03, 0xeb,
    0x00, 0x4f, 0x90, 0x06, 0xff, 0x70, 0x04, 0xf9,
    0x0a, 0xfd, 0x30, 0x00, 0x4f, 0xcd, 0xfa, 0x00,
    0x00, 0x04, 0xff, 0xf9, 0x00, 0x00, 0x00, 0x4f,
    0xef, 0xe1, 0x00, 0x00, 0x04, 0xf9, 0x6f, 0xc0,
    0x00, 0x00, 0x4f, 0x90, 0x9f, 0xb0, 0x00, 0x04,
    0xf9, 0x00, 0xbf, 0x90, 0x00, 0x4f, 0xa0, 0x00,
    0xdf, 0x80, 0x04, 0xfa, 0x00, 0x01, 0xef, 0xa0,
    0x2d, 0xa0, 0x00, 0x02, 0xdb, 0x00,

    /* U+006C "l" */
    0xcf, 0xff, 0xe2, 0x00, 0x00, 0x7f, 0xef, 0xf6,
    0x00, 0x00, 0x00, 0x0a, 0xf5, 0x00, 0x00, 0x00,
    0x0a, 0xf4, 0x00, 0x00, 0x00, 0x0a, 0xf4, 0x00,
    0x00, 0x00, 0x09, 0xf4, 0x00, 0x00, 0x00, 0x09,
    0xf4, 0x00, 0x00, 0x00, 0x09, 0xf4, 0x00, 0x00,
    0x00, 0x09, 0xf4, 0x00, 0x00, 0x00, 0x09, 0xf4,
    0x00, 0x00, 0x00, 0x09, 0xf4, 0x00, 0x00, 0x00,
    0x09, 0xf4, 0x00, 0x00, 0x00, 0x09, 0xf4, 0x00,
    0x00, 0x00, 0x09, 0xf4, 0x00, 0x00, 0x00, 0x09,
    0xf4, 0x00, 0x01, 0x00, 0x08, 0xf5, 0x03, 0xb9,
    0x00, 0x05, 0xff, 0xef, 0xd1, 0x00, 0x00, 0x9e,
    0xe7, 0x00,

    /* U+006D "m" */
    0x3e, 0x9d, 0xf8, 0x0b, 0xfb, 0x10, 0x4f, 0xff,
    0xef, 0xdf, 0xef, 0xa0, 0x4f, 0xf6, 0x3f, 0xf9,
    0x0e, 0xf0, 0x3f, 0xf0, 0x0f, 0xf3, 0x0b, 0xf2,
    0x3f, 0xc0, 0x0f, 0xf0, 0x0a, 0xf3, 0x3f, 0xa0,
    0x0f, 0xe0, 0x0a, 0xf3, 0x3f, 0x90, 0x0f, 0xe0,
    0x0a, 0xf3, 0x3f, 0x90, 0x0f, 0xe0, 0x0a, 0xf3,
    0x3f, 0xa0, 0x0f, 0xe0, 0x0a, 0xf3, 0x3f, 0xa0,
    0x0f, 0xe0, 0x0a, 0xf3, 0x4f, 0xa0, 0x0f, 0xe0,
    0x0a, 0xf4, 0x2d, 0x90, 0x0b, 0xd0, 0x07, 0xe3,

    /* U+006E "n" */
    0x8e, 0x32, 0xae, 0xfc, 0x30, 0x9f, 0xaf, 0xfc,
    0xcf, 0xe0, 0x8f, 0xfe, 0x20, 0x09, 0xf5, 0x8f,
    0xf4, 0x00, 0x05, 0xf8, 0x8f, 0xc0, 0x00, 0x03,
    0xf9, 0x8f, 0x80, 0x00, 0x03, 0xf9, 0x8f, 0x60,
    0x00, 0x03, 0xf9, 0x8f, 0x50, 0x00, 0x03, 0xf9,
    0x8f, 0x50, 0x00, 0x03, 0xf9, 0x8f, 0x50, 0x00,
    0x03, 0xf9, 0x9f, 0x50, 0x00, 0x04, 0xfa, 0x5e,
    0x50, 0x00, 0x02, 0xd9,

    /* U+006F "o" */
    0x00, 0x01, 0x5c, 0xfe, 0x80, 0x00, 0x00, 0x3f,
    0xff, 0xcf, 0xfb, 0x00, 0x00, 0xdf, 0x90, 0x00,
    0xcf, 0x60, 0x05, 0xfb, 0x00, 0x00, 0x3f, 0xb0,
    0x0b, 0xf3, 0x00, 0x00, 0x0f, 0xf0, 0x0f, 0xe0,
    0x00, 0x00, 0x0d, 0xf0, 0x1f, 0xc0, 0x00, 0x00,
    0x0e, 0xf0, 0x0f, 0xe0, 0x00, 0x00, 0x2f, 0xc0,
    0x0d, 0xf1, 0x00, 0x00, 0x9f, 0x70, 0x08, 0xfb,
    0x00, 0x07, 0xfe, 0x10, 0x00, 0xcf, 0xfc, 0xef,
    0xf3, 0x00, 0x00, 0x08, 0xdf, 0xea, 0x20, 0x00,

    /* U+0070 "p" */
    0x8e, 0x34, 0xbe, 0xfb, 0x30, 0x09, 0xfb, 0xff,
    0xcb, 0xff, 0x20, 0x9f, 0xfe, 0x30, 0x07, 0xfa,
    0x09, 0xff, 0x40, 0x00, 0x0f, 0xe0, 0x9f, 0xc0,
    0x00, 0x00, 0xdf, 0x09, 0xf7, 0x00, 0x00, 0x0d,
    0xf0, 0x9f, 0x50, 0x00, 0x00, 0xfe, 0x09, 0xf4,
    0x00, 0x00, 0x4f, 0xb0, 0x9f, 0x40, 0x00, 0x0c,
    0xf6, 0x09, 0xfe, 0x20, 0x0a, 0xfd, 0x00, 0x9f,
    0xff, 0xce, 0xfe, 0x20, 0x09, 0xf8, 0xbf, 0xd9,
    0x10, 0x00, 0x9f, 0x40, 0x00, 0x00, 0x00, 0x09,
    0xf4, 0x00, 0x00, 0x00, 0x00, 0x9f, 0x50, 0x00,
    0x00, 0x00, 0x06, 0xe5, 0x00, 0x00, 0x00, 0x00,

    /* U+0071 "q" */
    0x00, 0x00, 0x6d, 0xfe, 0xbe, 0x70, 0x00, 0xbf,
    0xfc, 0xff, 0xfb, 0x00, 0x8f, 0xb1, 0x01, 0xbf,
    0xb0, 0x2f, 0xe0, 0x00, 0x03, 0xfb, 0x09, 0xf6,
    0x00, 0x00, 0x3f, 0xb0, 0xdf, 0x10, 0x00, 0x04,
    0xfb, 0x0f, 0xe0, 0x00, 0x00, 0x6f, 0xb0, 0xfe,
    0x00, 0x00, 0x0d, 0xfb, 0x0e, 0xf0, 0x00, 0x07,
    0xff, 0xb0, 0xaf, 0x80, 0x08, 0xff, 0xfb, 0x02,
    0xff, 0xde, 0xfe, 0x6f, 0xb0, 0x03, 0xcf, 0xe9,
    0x13, 0xfb, 0x00, 0x00, 0x00, 0x00, 0x3f, 0xb0,
    0x00, 0x00, 0x00, 0x03, 0xfb, 0x00, 0x00, 0x00,
    0x00, 0x4f, 0xb0, 0x00, 0x00, 0x00, 0x01, 0xda,

    /* U+0072 "r" */
    0xad, 0x38, 0xdf, 0xd8, 0x0a, 0xfe, 0xff, 0xef,
    0xf8, 0xaf, 0xfb, 0x10, 0x2d, 0x3a, 0xfe, 0x00,
    0x00, 0x00, 0xaf, 0x80, 0x00, 0x00, 0x0a, 0xf5,
    0x00, 0x00, 0x00, 0xaf, 0x40, 0x00, 0x00, 0x0a,
    0xf4, 0x00, 0x00, 0x00, 0xaf, 0x40, 0x00, 0x00,
    0x0a, 0xf4, 0x00, 0x00, 0x00, 0xaf, 0x40, 0x00,
    0x00, 0x07, 0xe5, 0x00, 0x00, 0x00,

    /* U+0073 "s" */
    0x00, 0x3b, 0xef, 0xd8, 0x00, 0x04, 0xff, 0xba,
    0xef, 0xc0, 0x0c, 0xf3, 0x00, 0x0a, 0xb0, 0x0d,
    0xf0, 0x00, 0x00, 0x00, 0x08, 0xfc, 0x73, 0x00,
    0x00, 0x00, 0x7d, 0xff, 0xe8, 0x00, 0x00, 0x00,
    0x26, 0xbf, 0xc0, 0x00, 0x00, 0x00, 0x09, 0xf4,
    0x1b, 0x10, 0x00, 0x07, 0xf7, 0x5f, 0xb0, 0x00,
    0x1c, 0xf4, 0x0b, 0xfe, 0xbc, 0xff, 0xb0, 0x00,
    0x7c, 0xff, 0xd7, 0x00,

    /* U+0074 "t" */
    0x00, 0x06, 0x30, 0x00, 0x00, 0x00, 0x0f, 0xf0,
    0x00, 0x00, 0x00, 0x0f, 0xf0, 0x00, 0x00, 0x00,
    0x0f, 0xf0, 0x00, 0x00, 0x00, 0x0f, 0xe0, 0x00,
    0x00, 0xaf, 0xff, 0xff, 0xff, 0xfa, 0x7b, 0xbf,
    0xfb, 0xbb, 0xb8, 0x00, 0x0f, 0xe0, 0x00, 0x00,
    0x00, 0x0f, 0xe0, 0x00, 0x00, 0x00, 0x0f, 0xe0,
    0x00, 0x00, 0x00, 0x0f, 0xe0, 0x00, 0x00, 0x00,
    0x0f, 0xe0, 0x00, 0x00, 0x00, 0x0f, 0xe0, 0x00,
    0x00, 0x00, 0x0e, 0xe0, 0x00, 0x00, 0x00, 0x0d,
    0xf0, 0x03, 0xaa, 0x00, 0x0a, 0xfe, 0xef, 0xd1,
    0x00, 0x01, 0xbf, 0xe7, 0x00,

    /* U+0075 "u" */
    0x8e, 0x30, 0x00, 0x04, 0xf7, 0x09, 0xf6, 0x00,
    0x00, 0x5f, 0x90, 0x9f, 0x60, 0x00, 0x05, 0xf8,
    0x08, 0xf5, 0x00, 0x00, 0x5f, 0x80, 0x8f, 0x50,
    0x00, 0x05, 0xf7, 0x08, 0xf5, 0x00, 0x00, 0x7f,
    0x70, 0x8f, 0x50, 0x00, 0x0b, 0xf7, 0x08, 0xf6,
    0x00, 0x01, 0xff, 0x80, 0x7f, 0x70, 0x00, 0x9f,
    0xfa, 0x04, 0xfd, 0x00, 0x7f, 0xef, 0xe0, 0x0d,
    0xfe, 0xef, 0xe3, 0xef, 0x30, 0x2b, 0xfe, 0xa1,
    0x08, 0xd0,

    /* U+0076 "v" */
    0xaf, 0x30, 0x00, 0x01, 0xeb, 0x8f, 0x90, 0x00,
    0x06, 0xfa, 0x2f, 0xd0, 0x00, 0x0b, 0xf3, 0x0c,
    0xf3, 0x00, 0x1f, 0xd0, 0x06, 0xf8, 0x00, 0x8f,
    0x70, 0x01, 0xfd, 0x00, 0xef, 0x10, 0x00, 0xbf,
    0x24, 0xfa, 0x00, 0x00, 0x6f, 0x7a, 0xf4, 0x00,
    0x00, 0x1f, 0xdf, 0xd0, 0x00, 0x00, 0x0b, 0xff,
    0x70, 0x00, 0x00, 0x05, 0xff, 0x10, 0x00, 0x00,
    0x00, 0xbb, 0x00, 0x00,

    /* U+0077 "w" */
    0x6f, 0x70, 0x3f, 0xb0, 0x06, 0xf6, 0x4f, 0xa0,
    0x6f, 0xf3, 0x09, 0xf5, 0x1f, 0xc0, 0x9f, 0xf6,
    0x0b, 0xf2, 0x0e, 0xe0, 0xbf, 0xf8, 0x0e, 0xf0,
    0x0c, 0xf0, 0xed, 0xfb, 0x0f, 0xc0, 0x09, 0xf4,
    0xf9, 0xde, 0x3f, 0x90, 0x07, 0xf9, 0xf7, 0xaf,
    0x7f, 0x60, 0x04, 0xfd, 0xf4, 0x7f, 0xcf, 0x30,
    0x02, 0xff, 0xf1, 0x4f, 0xff, 0x00, 0x00, 0xff,
    0xe0, 0x1f, 0xfd, 0x00, 0x00, 0xdf, 0xb0, 0x0e,
    0xfa, 0x00, 0x00, 0x6e, 0x70, 0x06, 0xe5, 0x00,

    /* U+0078 "x" */
    0x4e, 0xa0, 0x00, 0x07, 0xe5, 0x1e, 0xf4, 0x00,
    0x2f, 0xe1, 0x03, 0xfd, 0x00, 0xcf, 0x40, 0x00,
    0x8f, 0x87, 0xf9, 0x00, 0x00, 0x0d, 0xff, 0xd0,
    0x00, 0x00, 0x03, 0xff, 0x40, 0x00, 0x00, 0x07,
    0xff, 0x80, 0x00, 0x00, 0x2f, 0xed, 0xf3, 0x00,
    0x00, 0xcf, 0x43, 0xfd, 0x00, 0x07, 0xf9, 0x00,
    0x9f, 0x90, 0x4f, 0xe0, 0x00, 0x0e, 0xf5, 0x9f,
    0x50, 0x00, 0x05, 0xf9,

    /* U+0079 "y" */
    0x0a, 0xf4, 0x00, 0x00, 0x08, 0xd2, 0x07, 0xfb,
    0x00, 0x00, 0x0e, 0xf3, 0x01, 0xff, 0x10, 0x00,
    0x4f, 0xc0, 0x00, 0x9f, 0x70, 0x00, 0xaf, 0x50,
    0x00, 0x3f, 0xd0, 0x01, 0xfe, 0x00, 0x00, 0x0d,
    0xf3, 0x08, 0xf7, 0x00, 0x00, 0x06, 0xf9, 0x0e,
    0xf1, 0x00, 0x00, 0x00, 0xfe, 0x6f, 0x90, 0x00,
    0x00, 0x00, 0x9f, 0xff, 0x20, 0x00, 0x00, 0x00,
    0x3f, 0xfb, 0x00, 0x00, 0x00, 0x00, 0x0d, 0xf5,
    0x00, 0x00, 0x00, 0x00, 0x1f, 0xe0, 0x00, 0x00,
    0x00, 0x00, 0x7f, 0x70, 0x00, 0x00, 0x04, 0x11,
    0xef, 0x10, 0x00, 0x00, 0x1f, 0xfe, 0xf8, 0x00,
    0x00, 0x00, 0x09, 0xef, 0xa0, 0x00, 0x00, 0x00,

    /* U+007A "z" */
    0x0c, 0xff, 0xff, 0xff, 0xb0, 0x07, 0xfd, 0xca,
    0xdf, 0xf1, 0x00, 0x00, 0x03, 0xff, 0x30, 0x00,
    0x00, 0x0d, 0xf6, 0x00, 0x00, 0x00, 0xaf, 0xa0,
    0x00, 0x00, 0x05, 0xfd, 0x00, 0x00, 0x00, 0x1f,
    0xf3, 0x00, 0x00, 0x00, 0xbf, 0x70, 0x00, 0x00,
    0x06, 0xfc, 0x00, 0x00, 0x00, 0x2f, 0xf2, 0x00,
    0x00, 0x00, 0xbf, 0xff, 0xff, 0xff, 0xf3, 0x8f,
    0xff, 0xff, 0xff, 0xf7,

    /* U+007B "{" */
    0x00, 0x00, 0x04, 0xb9, 0x00, 0x00, 0x8f, 0x80,
    0x00, 0x04, 0xfb, 0x00, 0x00, 0x08, 0xf6, 0x00,
    0x00, 0x09, 0xf6, 0x00, 0x00, 0x08, 0xf7, 0x00,
    0x00, 0x07, 0xf8, 0x00, 0x00, 0x07, 0xf8, 0x00,
    0x00, 0x09, 0xf6, 0x00, 0x00, 0x3f, 0xf3, 0x00,
    0x7d, 0xff, 0x90, 0x00, 0x7f, 0xff, 0x50, 0x00,
    0x00, 0x4e, 0xf2, 0x00, 0x00, 0x08, 0xf7, 0x00,
    0x00, 0x06, 0xf8, 0x00, 0x00, 0x07, 0xf7, 0x00,
    0x00, 0x08, 0xf6, 0x00, 0x00, 0x0b, 0xf4, 0x00,
    0x00, 0x0d, 0xf2, 0x00, 0x00, 0x0c, 0xf2, 0x00,
    0x00, 0x08, 0xf8, 0x00, 0x00, 0x00, 0xcf, 0x70,
    0x00, 0x00, 0x07, 0xc9,

    /* U+007C "|" */
    0xbd, 0x0c, 0xf1, 0xcf, 0x1c, 0xf1, 0xcf, 0x1c,
    0xf1, 0xcf, 0x1c, 0xf1, 0xcf, 0x1c, 0xf1, 0xcf,
    0x1c, 0xf1, 0xcf, 0x1c, 0xf1, 0xcf, 0x1c, 0xf1,
    0xcf, 0x1c, 0xf1, 0xcf, 0x1c, 0xf1, 0xcf, 0x29,
    0xf1,

    /* U+007D "}" */
    0x9c, 0x60, 0x00, 0x00, 0x07, 0xfc, 0x00, 0x00,
    0x00, 0x8f, 0x80, 0x00, 0x00, 0x2f, 0xc0, 0x00,
    0x00, 0x2f, 0xd0, 0x00, 0x00, 0x4f, 0xb0, 0x00,
    0x00, 0x6f, 0x90, 0x00, 0x00, 0x7f, 0x70, 0x00,
    0x00, 0x8f, 0x70, 0x00, 0x00, 0x6f, 0x90, 0x00,
    0x00, 0x1f, 0xf5, 0x00, 0x00, 0x04, 0xff, 0xf8,
    0x00, 0x08, 0xff, 0xc7, 0x00, 0x2f, 0xf2, 0x00,
    0x00, 0x6f, 0x90, 0x00, 0x00, 0x7f, 0x70, 0x00,
    0x00, 0x7f, 0x70, 0x00, 0x00, 0x6f, 0x80, 0x00,
    0x00, 0x5f, 0x90, 0x00, 0x00, 0x5f, 0x90, 0x00,
    0x00, 0xaf, 0x50, 0x00, 0x08, 0xf9, 0x00, 0x00,
    0x9c, 0x40, 0x00, 0x00,

    /* U+007E "~" */
    0x00, 0x3a, 0xb6, 0x00, 0x00, 0x91, 0x04, 0xff,
    0xff, 0x90, 0x07, 0xf1, 0x0d, 0xb1, 0x4e, 0xfe,
    0xef, 0x70, 0x2d, 0x00, 0x01, 0xaf, 0xe7, 0x00,

    /* U+4E0A "上" */
    0x00, 0x00, 0x00, 0x00, 0x03, 0xd7, 0x00, 0x00,
    0x00, 0x00, 0x00, 0x00, 0x00, 0x00, 0x00, 0x00,
    0x0f, 0xf1, 0x00, 0x00, 0x00, 0x00, 0x00, 0x00,
    0x00, 0x00, 0x00, 0x00, 0xef, 0x10, 0x00, 0x00,
    0x00, 0x00, 0x00, 0x00, 0x00, 0x00, 0x00, 0x0e,
    0xf1, 0x00, 0x00, 0x00, 0x00, 0x00, 0x00, 0x00,
    0x00, 0x00, 0x00, 0xef, 0x10, 0x00, 0x00, 0x00,
    0x00, 0x00, 0x00, 0x00, 0x00, 0x00, 0x0e, 0xf1,
    0x00, 0x00, 0x00, 0x00, 0x00, 0x00, 0x00, 0x00,
    0x00, 0x00, 0xdf, 0x10, 0x00, 0x00, 0x00, 0x00,
    0x00, 0x00, 0x00, 0x00, 0x00, 0x0d, 0xf1, 0x01,
    0x23, 0x53, 0x00, 0x00, 0x00, 0x00, 0x00, 0x00,
    0x00, 0xdf, 0xff, 0xff, 0xff, 0xf5, 0x00, 0x00,
    0x00, 0x00, 0x00, 0x00, 0x0d, 0xfd, 0xcb, 0xa9,
    0x87, 0x20, 0x00, 0x00, 0x00, 0x00, 0x00, 0x00,
    0xdf, 0x10, 0x00, 0x00, 0x00, 0x00, 0x00, 0x00,
    0x00, 0x00, 0x00, 0x0d, 0xf1, 0x00, 0x00, 0x00,
    0x00, 0x00, 0x00, 0x00, 0x00, 0x00, 0x00, 0xdf,
    0x10, 0x00, 0x00, 0x00, 0x00, 0x00, 0x00, 0x00,
    0x00, 0x00, 0x0d, 0xf2, 0x00, 0x00, 0x00, 0x00,
    0x00, 0x00, 0x00, 0x00, 0x00, 0x00, 0xcf, 0x20,
    0x00, 0x00, 0x00, 0x00, 0x00, 0x00, 0x00, 0x00,
    0x00, 0x0c, 0xf2, 0x00, 0x00, 0x00, 0x00, 0x00,
    0x00, 0x00, 0x00, 0x00, 0x00, 0xcf, 0x20, 0x00,
    0x00, 0x00, 0x00, 0x00, 0x00, 0x00, 0x00, 0x11,
    0x2d, 0xf6, 0x55, 0x66, 0x78, 0x8a, 0xb2, 0x1f,
    0xef, 0xff, 0xff, 0xff, 0xff, 0xff, 0xff, 0xff,
    0xff, 0xff, 0xc0, 0x7d, 0xdc, 0xcb, 0xba, 0xa9,
    0x88, 0x77, 0x66, 0x54, 0x43, 0x31,

    /* U+4E0B "下" */
    0x00, 0x00, 0x00, 0x00, 0x00, 0x12, 0x34, 0x56,
    0x78, 0x9b, 0x50, 0x3a, 0xaa, 0xbc, 0xde, 0xff,
    0xff, 0xff, 0xff, 0xff, 0xff, 0xf1, 0x0d, 0xff,
    0xff, 0xed, 0xce, 0xfc, 0x98, 0x76, 0x54, 0x32,
    0x10, 0x00, 0x11, 0x00, 0x00, 0x08, 0xf6, 0x00,
    0x00, 0x00, 0x00, 0x00, 0x00, 0x00, 0x00, 0x00,
    0x08, 0xf6, 0x00, 0x00, 0x00, 0x00, 0x00, 0x00,
    0x00, 0x00, 0x00, 0x08, 0xf6, 0x00, 0x00, 0x00,
    0x00, 0x00, 0x00, 0x00, 0x00, 0x00, 0x08, 0xfd,
    0x70, 0x00, 0x00, 0x00, 0x00, 0x00, 0x00, 0x00,
    0x00, 0x08, 0xff, 0xfe, 0x50, 0x00, 0x00, 0x00,
    0x00, 0x00, 0x00, 0x00, 0x08, 0xf8, 0xaf, 0xfb,
    0x20, 0x00, 0x00, 0x00, 0x00, 0x00, 0x00, 0x08,
    0xf6, 0x04, 0xdf, 0xf6, 0x00, 0x00, 0x00, 0x00,
    0x00, 0x00, 0x08, 0xf6, 0x00, 0x0a, 0xff, 0x40,
    0x00, 0x00, 0x00, 0x00, 0x00, 0x08, 0xf6, 0x00,
    0x00, 0x6d, 0x10, 0x00, 0x00, 0x00, 0x00, 0x00,
    0x08, 0xf6, 0x00, 0x00, 0x00, 0x00, 0x00, 0x00,
    0x00, 0x00, 0x00, 0x08, 0xf6, 0x00, 0x00, 0x00,
    0x00, 0x00, 0x00, 0x00, 0x00, 0x00, 0x08, 0xf6,
    0x00, 0x00, 0x00, 0x00, 0x00, 0x00, 0x00, 0x00,
    0x00, 0x08, 0xf6, 0x00, 0x00, 0x00, 0x00, 0x00,
    0x00, 0x00, 0x00, 0x00, 0x08, 0xf6, 0x00, 0x00,
    0x00, 0x00, 0x00, 0x00, 0x00, 0x00, 0x00, 0x09,
    0xf6, 0x00, 0x00, 0x00, 0x00, 0x00, 0x00, 0x00,
    0x00, 0x00, 0x0a, 0xf6, 0x00, 0x00, 0x00, 0x00,
    0x00, 0x00, 0x00, 0x00, 0x00, 0x04, 0xd5, 0x00,
    0x00, 0x00, 0x00, 0x00,

    /* U+4ECA "今" */
    0x00, 0x00, 0x00, 0x00, 0x00, 0x00, 0x00, 0x00,
    0x00, 0x00, 0x00, 0x00, 0x00, 0x00, 0x00, 0x00,
    0x00, 0x0c, 0x90, 0x00, 0x00, 0x00, 0x00, 0x00,
    0x00, 0x00, 0x00, 0x00, 0x00, 0x1f, 0xf3, 0x00,
    0x00, 0x00, 0x00, 0x00, 0x00, 0x00, 0x00, 0x00,
    0x00, 0xaf, 0xf1, 0x00, 0x00, 0x00, 0x00, 0x00,
    0x00, 0x00, 0x00, 0x00, 0x03, 0xff, 0xfd, 0x00,
    0x00, 0x00, 0x00, 0x00, 0x00, 0x00, 0x00, 0x00,
    0x0d, 0xf6, 0x8f, 0xb0, 0x00, 0x00, 0x00, 0x00,
    0x00, 0x00, 0x00, 0x00, 0xaf, 0xa0, 0x09, 0xfa,
    0x00, 0x00, 0x00, 0x00, 0x00, 0x00, 0x00, 0x06,
    0xfd, 0x00, 0x00, 0xaf, 0xb0, 0x00, 0x00, 0x00,
    0x00, 0x00, 0x00, 0x4f, 0xd1, 0x00, 0x00, 0x09,
    0xfc, 0x20, 0x00, 0x00, 0x00, 0x00, 0x04, 0xfe,
    0x29, 0x72, 0x00, 0x00, 0x8f, 0xe5, 0x00, 0x00,
    0x00, 0x00, 0x4f, 0xd2, 0x1f, 0xff, 0xd7, 0x10,
    0x06, 0xff, 0x91, 0x00, 0x00, 0x06, 0xfb, 0x10,
    0x01, 0x6b, 0xff, 0xf7, 0x00, 0x3e, 0xfe, 0x60,
    0x00, 0x8f, 0x80, 0x00, 0x00, 0x00, 0x18, 0xe8,
    0x00, 0x01, 0xbf, 0xf9, 0x0b, 0xc2, 0x00, 0x00,
    0x00, 0x00, 0x00, 0x00, 0x00, 0x00, 0x05, 0xa1,
    0x14, 0x00, 0x06, 0x67, 0x78, 0x9a, 0xbb, 0xcd,
    0xee, 0xc0, 0x00, 0x00, 0x00, 0x00, 0x07, 0xff,
    0xff, 0xff, 0xff, 0xed, 0xef, 0xd0, 0x00, 0x00,
    0x00, 0x00, 0x00, 0x33, 0x21, 0x10, 0x00, 0x01,
    0xef, 0x30, 0x00, 0x00, 0x00, 0x00, 0x00, 0x00,
    0x00, 0x00, 0x00, 0x0b, 0xf7, 0x00, 0x00, 0x00,
    0x00, 0x00, 0x00, 0x00, 0x00, 0x00, 0x00, 0x9f,
    0xb0, 0x00, 0x00, 0x00, 0x00, 0x00, 0x00, 0x00,
    0x00, 0x00, 0x08, 0xfd, 0x00, 0x00, 0x00, 0x00,
    0x00, 0x00, 0x00, 0x00, 0x00, 0x00, 0x9f, 0xe1,
    0x00, 0x00, 0x00, 0x00, 0x00, 0x00, 0x00, 0x00,
    0x00, 0x0a, 0xfe, 0x20, 0x00, 0x00, 0x00, 0x00,
    0x00, 0x00, 0x00, 0x00, 0x00, 0x0b, 0xd2, 0x00,
    0x00, 0x00, 0x00, 0x00,

    /* U+5207 "切" */
    0x00, 0x01, 0x94, 0x00, 0x00, 0x00, 0x00, 0x00,
    0x00, 0x00, 0x00, 0x00, 0x00, 0xdf, 0x10, 0x00,
    0x00, 0x00, 0x00, 0x00, 0x00, 0x00, 0x00, 0x00,
    0xbf, 0x10, 0x04, 0x56, 0x78, 0x9a, 0xbc, 0xde,
    0xd2, 0x00, 0x00, 0xbf, 0x10, 0x07, 0xff, 0xff,
    0xff, 0xff, 0xee, 0xf5, 0x00, 0x00, 0xbf, 0x10,
    0x00, 0x45, 0x43, 0xcf, 0x30, 0x07, 0xf4, 0x00,
    0x00, 0xbf, 0x10, 0x00, 0x00, 0x00, 0xcf, 0x20,
    0x07, 0xf4, 0x00, 0x01, 0xcf, 0x8a, 0xcf, 0xf4,
    0x00, 0xef, 0x00, 0x08, 0xf4, 0x2f, 0xff, 0xff,
    0xff, 0xca, 0x82, 0x01, 0xfd, 0x00, 0x09, 0xf3,
    0x06, 0x98, 0xdf, 0x20, 0x00, 0x00, 0x04, 0xfa,
    0x00, 0x09, 0xf3, 0x00, 0x00, 0xbf, 0x10, 0x00,
    0x00, 0x08, 0xf6, 0x00, 0x0b, 0xf2, 0x00, 0x00,
    0xbf, 0x10, 0x00, 0x00, 0x0c, 0xf2, 0x00, 0x0c,
    0xf0, 0x00, 0x00, 0xbf, 0x00, 0x00, 0x00, 0x2f,
    0xd0, 0x00, 0x0d, 0xf0, 0x00, 0x00, 0xbf, 0x00,
    0x19, 0xa0, 0x9f, 0x60, 0x00, 0x0f, 0xe0, 0x00,
    0x00, 0xbf, 0x06, 0xec, 0x11, 0xfe, 0x00, 0x00,
    0x1f, 0xc0, 0x00, 0x00, 0xbf, 0xdf, 0xa0, 0x09,
    0xf6, 0x00, 0x00, 0x4f, 0xa0, 0x00, 0x16, 0xef,
    0xf6, 0x00, 0x3f, 0xc0, 0x00, 0x00, 0x6f, 0x70,
    0x00, 0xcf, 0xfc, 0x20, 0x01, 0xee, 0x11, 0x93,
    0x00, 0xaf, 0x50, 0x00, 0x1a, 0x60, 0x00, 0x0b,
    0xe2, 0x00, 0x9f, 0xc7, 0xef, 0x20, 0x00, 0x00,
    0x00, 0x00, 0xbd, 0x20, 0x00, 0x07, 0xff, 0xfe,
    0x00, 0x00, 0x00, 0x00, 0x07, 0xa0, 0x00, 0x00,
    0x00, 0x2b, 0xe4, 0x00,

    /* U+524D "前" */
    0x00, 0x00, 0x00, 0x00, 0x00, 0x00, 0x00, 0x3c,
    0x10, 0x00, 0x00, 0x00, 0x00, 0x03, 0xf8, 0x00,
    0x00, 0x00, 0xaf, 0x70, 0x00, 0x00, 0x00, 0x00,
    0x01, 0xcf, 0xb0, 0x00, 0x06, 0xfd, 0x10, 0x00,
    0x00, 0x00, 0x00, 0x00, 0x0b, 0xfb, 0x00, 0x5f,
    0xe1, 0x00, 0x00, 0x00, 0x00, 0x00, 0x00, 0x02,
    0xef, 0x57, 0xff, 0xa9, 0xab, 0xcd, 0xf4, 0x6d,
    0xde, 0xff, 0xff, 0xff, 0xff, 0xff, 0xff, 0xfe,
    0xdd, 0xc7, 0x09, 0xba, 0x99, 0x87, 0x65, 0x43,
    0x32, 0x10, 0x02, 0x00, 0x00, 0x00, 0x00, 0x00,
    0x00, 0x00, 0x00, 0x00, 0x00, 0x09, 0xf3, 0x00,
    0x00, 0x1d, 0x98, 0x9a, 0xbc, 0x90, 0x01, 0x00,
    0x06, 0xf7, 0x00, 0x00, 0x0f, 0xff, 0xfe, 0xdf,
    0xf0, 0x0c, 0xc0, 0x06, 0xf7, 0x00, 0x00, 0x0e,
    0xc0, 0x00, 0x0b, 0xf0, 0x0a, 0xf0, 0x06, 0xf7,
    0x00, 0x00, 0x0e, 0xd6, 0x78, 0x9e, 0xf0, 0x09,
    0xf1, 0x06, 0xf6, 0x00, 0x00, 0x0f, 0xff, 0xff,
    0xff, 0xf0, 0x09, 0xf1, 0x06, 0xf6, 0x00, 0x00,
    0x0f, 0xb2, 0x10, 0x0b, 0xf0, 0x09, 0xf2, 0x06,
    0xf6, 0x00, 0x00, 0x0f, 0xa0, 0x00, 0x0b, 0xf0,
    0x09, 0xf2, 0x06, 0xf6, 0x00, 0x00, 0x0f, 0xfe,
    0xef, 0xff, 0xf0, 0x09, 0xf2, 0x06, 0xf6, 0x00,
    0x00, 0x0f, 0xeb, 0xa9, 0x8d, 0xf0, 0x0a, 0xf2,
    0x06, 0xf6, 0x00, 0x00, 0x1f, 0x90, 0x00, 0x0b,
    0xf0, 0x04, 0xc1, 0x07, 0xf6, 0x00, 0x00, 0x2f,
    0x90, 0x00, 0x0b, 0xf1, 0x00, 0x10, 0x07, 0xf6,
    0x00, 0x00, 0x3f, 0x90, 0x98, 0x3b, 0xf1, 0x00,
    0xcb, 0x47, 0xf6, 0x00, 0x00, 0x5f, 0x80, 0x1a,
    0xff, 0xf1, 0x00, 0x0a, 0xff, 0xf6, 0x00, 0x00,
    0x2d, 0x60, 0x00, 0x3a, 0x80, 0x00, 0x00, 0x4c,
    0xe2, 0x00,

    /* U+529F "功" */
    0x00, 0x00, 0x00, 0x00, 0x00, 0x00, 0x00, 0x03,
    0x00, 0x00, 0x00, 0x00, 0x00, 0x00, 0x00, 0x00,
    0x00, 0x00, 0x4f, 0xa0, 0x00, 0x00, 0x00, 0x00,
    0x00, 0x00, 0x00, 0x00, 0x00, 0x2f, 0xc0, 0x00,
    0x00, 0x00, 0x00, 0x00, 0x00, 0x00, 0x00, 0x00,
    0x2f, 0xb0, 0x00, 0x00, 0x00, 0x00, 0x00, 0x00,
    0x00, 0x00, 0x00, 0x3f, 0xa0, 0x00, 0x00, 0x00,
    0x00, 0x11, 0x23, 0x47, 0x20, 0x00, 0x4f, 0x90,
    0x00, 0x00, 0x05, 0xff, 0xff, 0xff, 0xff, 0xd0,
    0x00, 0x5f, 0x80, 0x00, 0x00, 0x00, 0x8a, 0x9e,
    0xf7, 0x54, 0xc9, 0xab, 0xdf, 0xee, 0xff, 0xf6,
    0x00, 0x00, 0x0b, 0xf1, 0x00, 0xaf, 0xff, 0xff,
    0xed, 0xcd, 0xf8, 0x00, 0x00, 0x0b, 0xf1, 0x00,
    0x01, 0x10, 0xdf, 0x00, 0x06, 0xf6, 0x00, 0x00,
    0x0b, 0xf1, 0x00, 0x00, 0x01, 0xfd, 0x00, 0x07,
    0xf5, 0x00, 0x00, 0x0b, 0xf1, 0x00, 0x00, 0x05,
    0xf9, 0x00, 0x08, 0xf4, 0x00, 0x00, 0x0b, 0xf1,
    0x00, 0x31, 0x0a, 0xf3, 0x00, 0x09, 0xf3, 0x00,
    0x00, 0x0b, 0xf1, 0x5c, 0xc1, 0x1f, 0xe0, 0x00,
    0x0a, 0xf2, 0x00, 0x00, 0x0b, 0xfe, 0xf7, 0x00,
    0x8f, 0x60, 0x00, 0x0b, 0xf1, 0x00, 0x16, 0xcf,
    0xf9, 0x10, 0x01, 0xfe, 0x00, 0x00, 0x0e, 0xf0,
    0x0d, 0xff, 0xf9, 0x10, 0x00, 0x0a, 0xf4, 0x00,
    0x00, 0x0f, 0xc0, 0x06, 0xd8, 0x10, 0x00, 0x00,
    0x5f, 0x90, 0x00, 0x00, 0x3f, 0xa0, 0x00, 0x00,
    0x00, 0x00, 0x03, 0xfc, 0x01, 0xd7, 0x00, 0x7f,
    0x80, 0x00, 0x00, 0x00, 0x00, 0x2e, 0xc1, 0x00,
    0x4f, 0xe8, 0xbf, 0x50, 0x00, 0x00, 0x00, 0x03,
    0xea, 0x00, 0x00, 0x03, 0xdf, 0xff, 0x20, 0x00,
    0x00, 0x00, 0x0d, 0x50, 0x00, 0x00, 0x00, 0x0a,
    0xf9, 0x00, 0x00, 0x00, 0x00, 0x00, 0x00, 0x00,
    0x00, 0x00, 0x00, 0x00, 0x00,

    /* U+538B "压" */
    0x00, 0x00, 0x00, 0x00, 0x00, 0x00, 0x00, 0x00,
    0x00, 0x02, 0x00, 0x00, 0x00, 0x0b, 0x84, 0x56,
    0x67, 0x89, 0xab, 0xcd, 0xef, 0xfb, 0x00, 0x00,
    0x00, 0xcf, 0xff, 0xff, 0xff, 0xff, 0xff, 0xed,
    0xcb, 0x90, 0x00, 0x00, 0x0b, 0xf9, 0x65, 0x43,
    0x21, 0x00, 0x00, 0x00, 0x00, 0x00, 0x00, 0x00,
    0xbf, 0x30, 0x00, 0x00, 0xc8, 0x00, 0x00, 0x00,
    0x00, 0x00, 0x00, 0x0b, 0xf2, 0x00, 0x00, 0x0c,
    0xf1, 0x00, 0x00, 0x00, 0x00, 0x00, 0x00, 0xcf,
    0x20, 0x00, 0x00, 0xbf, 0x10, 0x00, 0x00, 0x00,
    0x00, 0x00, 0x0c, 0xf1, 0x00, 0x00, 0x0c, 0xf1,
    0x00, 0x00, 0x00, 0x00, 0x00, 0x00, 0xef, 0x00,
    0x00, 0x00, 0xcf, 0x10, 0x00, 0x00, 0x00, 0x00,
    0x00, 0x0f, 0xe0, 0x00, 0x00, 0x0c, 0xf4, 0x45,
    0x69, 0x20, 0x00, 0x00, 0x01, 0xfc, 0x0e, 0xdd,
    0xef, 0xff, 0xff, 0xff, 0xfc, 0x00, 0x00, 0x00,
    0x3f, 0x90, 0x6d, 0xdc, 0xbf, 0xf9, 0x88, 0x76,
    0x40, 0x00, 0x00, 0x06, 0xf6, 0x00, 0x00, 0x00,
    0xdf, 0x08, 0xb2, 0x00, 0x00, 0x00, 0x00, 0x9f,
    0x30, 0x00, 0x00, 0x0d, 0xf0, 0x8f, 0xe4, 0x00,
    0x00, 0x00, 0x0e, 0xe0, 0x00, 0x00, 0x00, 0xdf,
    0x00, 0x6f, 0xf6, 0x00, 0x00, 0x03, 0xfa, 0x00,
    0x00, 0x00, 0x0d, 0xf0, 0x00, 0x4f, 0xf4, 0x00,
    0x00, 0x7f, 0x40, 0x00, 0x00, 0x00, 0xdf, 0x00,
    0x00, 0x4c, 0x20, 0x00, 0x0d, 0xd0, 0x00, 0x00,
    0x00, 0x0e, 0xf0, 0x11, 0x22, 0x34, 0x40, 0x02,
    0xf5, 0x3e, 0xdd, 0xee, 0xff, 0xff, 0xff, 0xff,
    0xff, 0xff, 0x90, 0xab, 0x00, 0xad, 0xdd, 0xdc,
    0xcb, 0xbb, 0xaa, 0x99, 0x88, 0x84, 0x0c, 0x10,
    0x00, 0x00, 0x00, 0x00, 0x00, 0x00, 0x00, 0x00,
    0x00, 0x00,

    /* U+5BB6 "家" */
    0x00, 0x00, 0x00, 0x00, 0x04, 0x94, 0x00, 0x00,
    0x00, 0x00, 0x00, 0x00, 0x00, 0x00, 0x00, 0x00,
    0x1f, 0xf0, 0x00, 0x00, 0x00, 0x00, 0x00, 0x00,
    0x07, 0x80, 0x00, 0x00, 0xff, 0x00, 0x00, 0x00,
    0x01, 0x00, 0x00, 0x00, 0xff, 0x45, 0x66, 0x7f,
    0xfa, 0xbc, 0xde, 0xff, 0xfd, 0x00, 0x00, 0x5f,
    0xff, 0xff, 0xff, 0xff, 0xfe, 0xdc, 0xba, 0xcf,
    0xc0, 0x00, 0x0a, 0xf8, 0x54, 0x32, 0x10, 0x00,
    0x00, 0x00, 0x0c, 0xe1, 0x00, 0x01, 0xfe, 0x10,
    0x00, 0x12, 0x34, 0x45, 0x7a, 0x55, 0xf4, 0x00,
    0x00, 0x9f, 0x8d, 0xff, 0xff, 0xff, 0xff, 0xff,
    0xfd, 0xd5, 0x00, 0x00, 0x04, 0xb0, 0x29, 0x98,
    0xbf, 0xf8, 0x32, 0x21, 0x20, 0x00, 0x00, 0x00,
    0x00, 0x00, 0x01, 0x9f, 0xfa, 0x00, 0x00, 0x1e,
    0x80, 0x00, 0x00, 0x00, 0x00, 0x29, 0xfd, 0x6b,
    0xf5, 0x00, 0x4e, 0xf9, 0x00, 0x00, 0x00, 0x02,
    0xce, 0x94, 0x05, 0xef, 0xe5, 0xcf, 0xe5, 0x00,
    0x00, 0x00, 0x00, 0x02, 0x00, 0x2b, 0xfd, 0xaf,
    0xfd, 0x60, 0x00, 0x00, 0x00, 0x00, 0x00, 0x01,
    0x9f, 0xf8, 0x06, 0xff, 0x60, 0x00, 0x00, 0x00,
    0x00, 0x00, 0x29, 0xfe, 0x81, 0x1a, 0xff, 0xff,
    0xc2, 0x00, 0x00, 0x00, 0x00, 0x1c, 0x94, 0x00,
    0x5e, 0xfb, 0xcf, 0x9f, 0xfa, 0x20, 0x00, 0x00,
    0x00, 0x00, 0x03, 0xcf, 0xe5, 0x09, 0xf4, 0x2b,
    0xff, 0xb5, 0x00, 0x00, 0x00, 0x2a, 0xff, 0x80,
    0x00, 0x8f, 0x50, 0x04, 0xcf, 0xfe, 0x92, 0x03,
    0xbf, 0xd7, 0x17, 0x30, 0x0a, 0xf4, 0x00, 0x00,
    0x39, 0xfe, 0x20, 0xa7, 0x30, 0x00, 0x5f, 0xa3,
    0xdf, 0x20, 0x00, 0x00, 0x00, 0x00, 0x00, 0x00,
    0x00, 0x00, 0x6f, 0xff, 0xd0, 0x00, 0x00, 0x00,
    0x00, 0x00, 0x00, 0x00, 0x00, 0x00, 0x3c, 0xe3,
    0x00, 0x00, 0x00, 0x00, 0x00,

    /* U+5DF2 "已" */
    0x00, 0x00, 0x00, 0x00, 0x01, 0x23, 0x45, 0x63,
    0x00, 0x00, 0x06, 0xaa, 0xbc, 0xde, 0xff, 0xff,
    0xff, 0xff, 0xf0, 0x00, 0x00, 0x2d, 0xfe, 0xdc,
    0xba, 0x98, 0x76, 0x56, 0xfe, 0x00, 0x00, 0x00,
    0x00, 0x00, 0x00, 0x00, 0x00, 0x00, 0x3f, 0xc0,
    0x00, 0x00, 0x01, 0x00, 0x00, 0x00, 0x00, 0x00,
    0x04, 0xfa, 0x00, 0x00, 0x00, 0x6f, 0x60, 0x00,
    0x00, 0x00, 0x00, 0x6f, 0x80, 0x00, 0x00, 0x03,
    0xfb, 0x00, 0x00, 0x00, 0x00, 0x07, 0xf6, 0x00,
    0x00, 0x00, 0x3f, 0xb0, 0x00, 0x00, 0x12, 0x34,
    0xaf, 0x50, 0x00, 0x00, 0x03, 0xff, 0xde, 0xff,
    0xff, 0xff, 0xff, 0xfe, 0x00, 0x00, 0x00, 0x3f,
    0xfe, 0xdc, 0xba, 0x98, 0x76, 0x54, 0x20, 0x00,
    0x00, 0x03, 0xfa, 0x00, 0x00, 0x00, 0x00, 0x00,
    0x00, 0x00, 0x00, 0x00, 0x4f, 0xa0, 0x00, 0x00,
    0x00, 0x00, 0x00, 0x00, 0x00, 0x30, 0x04, 0xfa,
    0x00, 0x00, 0x00, 0x00, 0x00, 0x00, 0x00, 0x0e,
    0x10, 0x4f, 0x90, 0x00, 0x00, 0x00, 0x00, 0x00,
    0x00, 0x03, 0xf1, 0x04, 0xf9, 0x00, 0x00, 0x00,
    0x00, 0x00, 0x00, 0x00, 0x7f, 0x00, 0x5f, 0x90,
    0x00, 0x00, 0x00, 0x00, 0x00, 0x00, 0x0c, 0xf0,
    0x05, 0xfa, 0x00, 0x00, 0x00, 0x00, 0x00, 0x00,
    0x16, 0xfe, 0x00, 0x2f, 0xfd, 0xcb, 0xaa, 0xaa,
    0xab, 0xbc, 0xef, 0xff, 0xa0, 0x00, 0x6d, 0xff,
    0xff, 0xff, 0xff, 0xff, 0xff, 0xed, 0x80, 0x00,
    0x00, 0x00, 0x11, 0x22, 0x22, 0x11, 0x10, 0x00,
    0x00, 0x00,

    /* U+5E38 "常" */
    0x00, 0x00, 0x00, 0x00, 0x00, 0x00, 0x00, 0x00,
    0x00, 0x00, 0x00, 0x00, 0x00, 0x00, 0x00, 0x05,
    0xf8, 0x00, 0x07, 0x20, 0x00, 0x00, 0x00, 0x00,
    0x1c, 0x50, 0x00, 0xfc, 0x00, 0x1f, 0xe0, 0x00,
    0x00, 0x00, 0x00, 0x1d, 0xf8, 0x00, 0xfc, 0x00,
    0xaf, 0x80, 0x00, 0x00, 0x00, 0x45, 0x01, 0xcf,
    0x60, 0xfb, 0x06, 0xf8, 0x00, 0x00, 0x00, 0x00,
    0xdd, 0x00, 0x1d, 0x74, 0xfd, 0x7f, 0xd9, 0xab,
    0xcd, 0xc3, 0x00, 0xff, 0xef, 0xff, 0xff, 0xff,
    0xff, 0xff, 0xfe, 0xdf, 0xf5, 0x04, 0xfd, 0xa9,
    0x87, 0x65, 0x44, 0x32, 0x10, 0x00, 0x5f, 0x80,
    0x09, 0xf4, 0x04, 0x63, 0x45, 0x56, 0x78, 0x94,
    0x01, 0xfa, 0x00, 0x0f, 0xf0, 0x04, 0xff, 0xff,
    0xff, 0xff, 0xfb, 0x0b, 0x80, 0x00, 0x1e, 0x80,
    0x01, 0xfb, 0x32, 0x10, 0x03, 0xf8, 0x00, 0x00,
    0x00, 0x00, 0x00, 0x00, 0xfb, 0x00, 0x01, 0x27,
    0xf5, 0x00, 0x00, 0x00, 0x00, 0x00, 0x00, 0xdf,
    0xff, 0xff, 0xff, 0xfa, 0x00, 0x00, 0x00, 0x00,
    0x00, 0x00, 0xaf, 0x8a, 0xf8, 0x54, 0x32, 0x00,
    0x00, 0x00, 0x00, 0x00, 0x10, 0x02, 0x02, 0xfb,
    0x00, 0x01, 0x10, 0x00, 0x00, 0x00, 0x02, 0xfa,
    0x89, 0xab, 0xff, 0xef, 0xff, 0xff, 0x20, 0x00,
    0x00, 0x00, 0xff, 0xff, 0xed, 0xfe, 0xbb, 0xa9,
    0xdf, 0x20, 0x00, 0x00, 0x00, 0xdd, 0x00, 0x01,
    0xfb, 0x00, 0x00, 0xbf, 0x00, 0x00, 0x00, 0x00,
    0xce, 0x00, 0x01, 0xfb, 0x00, 0x00, 0xcf, 0x00,
    0x00, 0x00, 0x00, 0xcf, 0x00, 0x01, 0xfb, 0x0a,
    0xd8, 0xee, 0x00, 0x00, 0x00, 0x00, 0xcf, 0x00,
    0x01, 0xfb, 0x00, 0x8f, 0xfc, 0x00, 0x00, 0x00,
    0x00, 0x29, 0x00, 0x01, 0xfb, 0x00, 0x02, 0x72,
    0x00, 0x00, 0x00, 0x00, 0x00, 0x00, 0x02, 0xfb,
    0x00, 0x00, 0x00, 0x00, 0x00, 0x00, 0x00, 0x00,
    0x00, 0x00, 0xa9, 0x00, 0x00, 0x00, 0x00, 0x00,

    /* U+5EAD "庭" */
    0x00, 0x00, 0x00, 0x00, 0x00, 0x0b, 0xa0, 0x00,
    0x00, 0x00, 0x00, 0x00, 0x00, 0x00, 0x00, 0x00,
    0x00, 0x09, 0xf3, 0x00, 0x00, 0x00, 0x00, 0x00,
    0x00, 0x00, 0x00, 0x00, 0x00, 0x08, 0xf3, 0x00,
    0x00, 0x00, 0x00, 0x00, 0x00, 0x01, 0x82, 0x12,
    0x34, 0x5b, 0xf7, 0x67, 0x89, 0xae, 0xb0, 0x00,
    0x00, 0x00, 0xff, 0xff, 0xff, 0xff, 0xff, 0xff,
    0xed, 0xcb, 0xa1, 0x00, 0x00, 0x00, 0xef, 0x87,
    0x65, 0x43, 0x21, 0x00, 0x00, 0x42, 0x00, 0x00,
    0x00, 0x00, 0xef, 0x00, 0x00, 0x00, 0x00, 0x00,
    0x07, 0xfd, 0x00, 0x00, 0x00, 0x00, 0xfe, 0x66,
    0x8a, 0x90, 0x01, 0x5a, 0xff, 0xe8, 0x00, 0x00,
    0x00, 0x00, 0xfd, 0xcf, 0xff, 0xf2, 0xbf, 0xdc,
    0xf8, 0x00, 0x00, 0x00, 0x00, 0x00, 0xfc, 0x02,
    0x5f, 0x90, 0x10, 0x04, 0xf7, 0x00, 0x00, 0x00,
    0x00, 0x01, 0xfb, 0x00, 0xee, 0x10, 0x00, 0x05,
    0xf8, 0x34, 0x61, 0x00, 0x00, 0x02, 0xf9, 0x09,
    0xf5, 0x07, 0xef, 0xff, 0xff, 0xff, 0xfc, 0x00,
    0x00, 0x04, 0xf7, 0x3f, 0xfd, 0xd5, 0x99, 0x8a,
    0xf9, 0x43, 0x20, 0x00, 0x00, 0x06, 0xf4, 0x3f,
    0xde, 0xf6, 0x00, 0x04, 0xf6, 0x00, 0x00, 0x00,
    0x00, 0x0a, 0xf1, 0x00, 0x0c, 0xf1, 0x00, 0x05,
    0xf6, 0x00, 0x00, 0x00, 0x00, 0x0d, 0xd0, 0x00,
    0x2f, 0xa0, 0x68, 0x9b, 0xfc, 0xbd, 0xa0, 0x00,
    0x00, 0x1f, 0x7b, 0xef, 0xff, 0x91, 0x5f, 0xfe,
    0xed, 0xdc, 0xb0, 0x00, 0x00, 0x7f, 0x29, 0xbb,
    0xff, 0xff, 0xa4, 0x00, 0x00, 0x00, 0x00, 0x00,
    0x00, 0xdb, 0x00, 0x0d, 0xe1, 0x3a, 0xff, 0xe8,
    0x30, 0x00, 0x00, 0x00, 0x04, 0xf3, 0x00, 0xbf,
    0x30, 0x00, 0x18, 0xef, 0xfe, 0xa6, 0x20, 0x00,
    0x0b, 0x80, 0x0a, 0xe3, 0x00, 0x00, 0x00, 0x04,
    0x9e, 0xff, 0xff, 0xc2, 0x1b, 0x00, 0x9b, 0x10,
    0x00, 0x00, 0x00, 0x00, 0x00, 0x48, 0xdf, 0xc0,
    0x00, 0x00, 0x10, 0x00, 0x00, 0x00, 0x00, 0x00,
    0x00, 0x00, 0x00, 0x00,

    /* U+5F02 "异" */
    0x00, 0x02, 0x81, 0x00, 0x00, 0x12, 0x33, 0x45,
    0x10, 0x00, 0x00, 0x00, 0x00, 0xff, 0xde, 0xff,
    0xff, 0xff, 0xff, 0xd0, 0x00, 0x00, 0x00, 0x00,
    0xef, 0xcb, 0xa9, 0x87, 0x76, 0x8f, 0x90, 0x00,
    0x00, 0x00, 0x00, 0xef, 0x00, 0x00, 0x00, 0x00,
    0x7f, 0x50, 0x00, 0x00, 0x00, 0x00, 0xef, 0x66,
    0x78, 0x9a, 0xab, 0xef, 0x40, 0x05, 0x20, 0x00,
    0x00, 0xef, 0xff, 0xff, 0xff, 0xff, 0xed, 0x70,
    0x0c, 0x50, 0x00, 0x00, 0xff, 0x43, 0x22, 0x10,
    0x00, 0x00, 0x00, 0x0f, 0x40, 0x00, 0x00, 0xff,
    0x00, 0x00, 0x00, 0x00, 0x00, 0x00, 0x6f, 0x40,
    0x00, 0x00, 0xdf, 0x74, 0x32, 0x22, 0x23, 0x34,
    0x6a, 0xff, 0x20, 0x00, 0x00, 0x6f, 0xff, 0xff,
    0xff, 0xff, 0xff, 0xff, 0xf7, 0x00, 0x00, 0x00,
    0x03, 0x8d, 0xa9, 0x99, 0x9f, 0xb6, 0x43, 0x00,
    0x00, 0x00, 0x00, 0x00, 0x1f, 0xe0, 0x00, 0x0b,
    0xf2, 0x00, 0x00, 0x00, 0x00, 0x00, 0x00, 0x0e,
    0xf0, 0x00, 0x09, 0xf3, 0x01, 0x12, 0x40, 0x78,
    0x89, 0x9a, 0xaf, 0xfc, 0xcd, 0xef, 0xff, 0xff,
    0xff, 0xfa, 0x7f, 0xff, 0xff, 0xff, 0xfd, 0xcb,
    0xbd, 0xfa, 0x98, 0x77, 0x64, 0x01, 0x11, 0x00,
    0x5f, 0x80, 0x00, 0x09, 0xf3, 0x00, 0x00, 0x00,
    0x00, 0x00, 0x00, 0xcf, 0x20, 0x00, 0x09, 0xf3,
    0x00, 0x00, 0x00, 0x00, 0x00, 0x06, 0xf9, 0x00,
    0x00, 0x08, 0xf3, 0x00, 0x00, 0x00, 0x00, 0x00,
    0x5f, 0xc0, 0x00, 0x00, 0x09, 0xf3, 0x00, 0x00,
    0x00, 0x00, 0x1a, 0xf9, 0x00, 0x00, 0x00, 0x0a,
    0xf3, 0x00, 0x00, 0x00, 0x00, 0xd9, 0x30, 0x00,
    0x00, 0x00, 0x07, 0xe2, 0x00, 0x00, 0x00,

    /* U+5F53 "当" */
    0x00, 0x00, 0x00, 0x02, 0x61, 0x00, 0x00, 0x00,
    0x00, 0x00, 0x00, 0x00, 0x01, 0xfe, 0x00, 0x00,
    0x00, 0x00, 0x00, 0x00, 0x00, 0x00, 0xef, 0x00,
    0x00, 0x02, 0x00, 0x01, 0x10, 0x00, 0x00, 0xef,
    0x00, 0x00, 0x4f, 0x70, 0x0d, 0xe3, 0x00, 0x00,
    0xef, 0x00, 0x00, 0xaf, 0xc0, 0x05, 0xff, 0x30,
    0x00, 0xef, 0x00, 0x04, 0xfe, 0x20, 0x00, 0x5f,
    0xf3, 0x00, 0xef, 0x00, 0x1e, 0xf3, 0x00, 0x00,
    0x08, 0xfe, 0x10, 0xdf, 0x00, 0xce, 0x30, 0x00,
    0x00, 0x00, 0xae, 0x10, 0xdf, 0x07, 0xc1, 0x00,
    0x00, 0x00, 0x00, 0x00, 0x00, 0xdf, 0x01, 0x00,
    0x00, 0x00, 0x26, 0x56, 0x78, 0x99, 0xff, 0xbc,
    0xde, 0xff, 0xb0, 0x1e, 0xff, 0xff, 0xff, 0xff,
    0xfe, 0xdc, 0xbf, 0xf0, 0x02, 0x55, 0x43, 0x21,
    0x00, 0x00, 0x00, 0x1f, 0xd0, 0x00, 0x00, 0x00,
    0x00, 0x00, 0x00, 0x00, 0x2f, 0xb0, 0x00, 0x00,
    0x00, 0x00, 0x11, 0x23, 0x44, 0x7f, 0x90, 0x00,
    0xee, 0xef, 0xff, 0xff, 0xff, 0xff, 0xff, 0x80,
    0x00, 0x5c, 0xcc, 0xba, 0x99, 0x87, 0x66, 0x9f,
    0x60, 0x00, 0x00, 0x00, 0x00, 0x00, 0x00, 0x00,
    0x7f, 0x40, 0x00, 0x00, 0x00, 0x00, 0x00, 0x00,
    0x00, 0x9f, 0x30, 0x37, 0x67, 0x77, 0x88, 0x99,
    0x9a, 0xab, 0xef, 0x50, 0x1e, 0xff, 0xff, 0xff,
    0xff, 0xff, 0xff, 0xff, 0xb0, 0x01, 0x44, 0x44,
    0x33, 0x22, 0x11, 0x10, 0x00, 0x00,

    /* U+6001 "态" */
    0x00, 0x00, 0x00, 0x00, 0x00, 0x00, 0x00, 0x00,
    0x00, 0x00, 0x00, 0x00, 0x00, 0x00, 0x00, 0x00,
    0x00, 0x2f, 0xb0, 0x00, 0x00, 0x00, 0x00, 0x00,
    0x00, 0x00, 0x00, 0x00, 0x00, 0x4f, 0xf0, 0x00,
    0x00, 0x00, 0x00, 0x00, 0x00, 0x00, 0x00, 0x00,
    0x00, 0x9f, 0x90, 0x00, 0x00, 0x00, 0x00, 0x00,
    0x00, 0x00, 0x00, 0x00, 0x00, 0xef, 0x20, 0x00,
    0x00, 0x00, 0x00, 0x00, 0x00, 0x00, 0x00, 0x00,
    0x07, 0xfb, 0x12, 0x34, 0x56, 0x79, 0x60, 0x00,
    0x00, 0x29, 0x9a, 0xbc, 0xdf, 0xff, 0xff, 0xff,
    0xff, 0xff, 0xf2, 0x00, 0x00, 0x0d, 0xff, 0xfe,
    0xff, 0xda, 0xbf, 0xf8, 0x65, 0x43, 0x10, 0x00,
    0x00, 0x00, 0x10, 0x03, 0xfe, 0x10, 0x08, 0xfd,
    0x20, 0x00, 0x00, 0x00, 0x00, 0x00, 0x00, 0x0d,
    0xf4, 0xa3, 0x00, 0x8f, 0xe3, 0x00, 0x00, 0x00,
    0x00, 0x00, 0x00, 0xbf, 0x71, 0xef, 0x60, 0x07,
    0xff, 0x60, 0x00, 0x00, 0x00, 0x00, 0x09, 0xf7,
    0x00, 0x2e, 0xf6, 0x00, 0x6f, 0xfa, 0x10, 0x00,
    0x00, 0x00, 0x9f, 0x70, 0x00, 0x02, 0xef, 0x20,
    0x03, 0xef, 0xe6, 0x00, 0x00, 0x0a, 0xf6, 0x00,
    0x00, 0x00, 0x37, 0x00, 0x00, 0x1a, 0xff, 0xd4,
    0x01, 0xbe, 0x30, 0x00, 0x00, 0x76, 0x00, 0x00,
    0x00, 0x50, 0x4d, 0xfb, 0x0d, 0x91, 0x93, 0x5d,
    0x10, 0xbf, 0xa0, 0x00, 0x05, 0xfc, 0x10, 0x30,
    0x02, 0x06, 0xf6, 0x6f, 0x60, 0x0b, 0xfb, 0x00,
    0x00, 0x8f, 0xd2, 0x00, 0x00, 0x0b, 0xf1, 0x2f,
    0xa0, 0x00, 0xbf, 0x80, 0xb0, 0x07, 0xfd, 0x10,
    0x00, 0x1f, 0xb0, 0x0c, 0xf2, 0x00, 0x0a, 0x50,
    0xd7, 0x00, 0x8f, 0xc0, 0x00, 0x8f, 0x50, 0x05,
    0xfd, 0x20, 0x00, 0x00, 0x8e, 0x10, 0x09, 0x60,
    0x02, 0xfe, 0x00, 0x00, 0x9f, 0xfa, 0x41, 0x00,
    0x3f, 0xa0, 0x00, 0x00, 0x03, 0xf6, 0x00, 0x00,
    0x06, 0xef, 0xff, 0xed, 0xdf, 0xf3, 0x00, 0x00,
    0x00, 0x00, 0x00, 0x00, 0x00, 0x04, 0x9c, 0xef,
    0xfe, 0xb1, 0x00, 0x00,

    /* U+603B "总" */
    0x00, 0x00, 0x00, 0x10, 0x00, 0x00, 0x00, 0x73,
    0x00, 0x00, 0x00, 0x00, 0x00, 0x07, 0xf5, 0x00,
    0x00, 0x01, 0xff, 0x10, 0x00, 0x00, 0x00, 0x00,
    0x02, 0xef, 0x60, 0x00, 0x09, 0xfb, 0x00, 0x00,
    0x00, 0x00, 0x00, 0x00, 0x3f, 0xf4, 0x00, 0x5f,
    0xd1, 0x00, 0x00, 0x00, 0x00, 0x00, 0x00, 0x05,
    0xfc, 0x03, 0xfd, 0x10, 0x00, 0x00, 0x00, 0x00,
    0x00, 0x62, 0x00, 0x64, 0x3e, 0xf6, 0x55, 0x50,
    0x00, 0x00, 0x00, 0x00, 0xcf, 0xff, 0xff, 0xff,
    0xff, 0xff, 0xf8, 0x00, 0x00, 0x00, 0x00, 0x8f,
    0xb9, 0x88, 0x76, 0x65, 0x4a, 0xf6, 0x00, 0x00,
    0x00, 0x00, 0x6f, 0x50, 0x00, 0x00, 0x00, 0x0a,
    0xf3, 0x00, 0x00, 0x00, 0x00, 0x4f, 0x70, 0x00,
    0x00, 0x00, 0x0c, 0xf0, 0x00, 0x00, 0x00, 0x00,
    0x3f, 0x80, 0x00, 0x00, 0x00, 0x0f, 0xd0, 0x00,
    0x00, 0x00, 0x00, 0x1f, 0xd9, 0x9a, 0xab, 0xbc,
    0xcf, 0xd0, 0x00, 0x00, 0x00, 0x00, 0x1f, 0xff,
    0xff, 0xff, 0xee, 0xdd, 0xc1, 0x00, 0x00, 0x00,
    0x00, 0x0e, 0xc1, 0x02, 0x10, 0x00, 0x00, 0x00,
    0x00, 0x00, 0x00, 0x02, 0x00, 0x00, 0x0d, 0xf5,
    0x00, 0x00, 0x2c, 0x50, 0x00, 0x00, 0x1f, 0x86,
    0xf2, 0x03, 0xef, 0x60, 0x00, 0x2e, 0xf7, 0x00,
    0x00, 0x7f, 0x54, 0xf7, 0x00, 0x2e, 0xf5, 0x16,
    0x02, 0xef, 0x90, 0x00, 0xee, 0x00, 0xfd, 0x00,
    0x02, 0xe4, 0x1f, 0x20, 0x2e, 0xf7, 0x07, 0xf8,
    0x00, 0x9f, 0x80, 0x00, 0x00, 0x0c, 0xc0, 0x03,
    0xfb, 0x1f, 0xf1, 0x00, 0x1d, 0xfb, 0x30, 0x00,
    0x07, 0xf7, 0x00, 0x20, 0x4f, 0x80, 0x00, 0x02,
    0xcf, 0xff, 0xdc, 0xcd, 0xff, 0x10, 0x00, 0x02,
    0x00, 0x00, 0x00, 0x04, 0x9c, 0xef, 0xff, 0xe9,
    0x00, 0x00,

    /* U+60C5 "情" */
    0x00, 0x07, 0x20, 0x00, 0x00, 0x00, 0x0a, 0x70,
    0x00, 0x00, 0x00, 0x00, 0x00, 0xcf, 0x10, 0x00,
    0x00, 0x00, 0xbf, 0x00, 0x00, 0x00, 0x00, 0x00,
    0x0b, 0xf1, 0x00, 0x00, 0x00, 0x0a, 0xf4, 0x45,
    0x72, 0x00, 0x00, 0x00, 0xbf, 0x10, 0x08, 0xef,
    0xff, 0xff, 0xff, 0xff, 0xd0, 0x00, 0x00, 0x0b,
    0xf1, 0x00, 0x08, 0x98, 0x7c, 0xf4, 0x32, 0x10,
    0x00, 0x00, 0x31, 0xbf, 0x89, 0x00, 0x45, 0x67,
    0xcf, 0xab, 0xca, 0x00, 0x00, 0x0f, 0x9b, 0xfb,
    0xf0, 0x06, 0xff, 0xff, 0xfd, 0xcb, 0xa1, 0x00,
    0x01, 0xf8, 0xbf, 0x7f, 0x40, 0x00, 0x00, 0x9f,
    0x00, 0x01, 0x24, 0x20, 0x3f, 0x6b, 0xf3, 0xfb,
    0x88, 0x9a, 0xbe, 0xfe, 0xff, 0xff, 0xfe, 0x16,
    0xf4, 0xbf, 0x1f, 0xce, 0xff, 0xed, 0xcb, 0xa9,
    0x87, 0x66, 0x40, 0xaf, 0x1b, 0xf0, 0x53, 0x04,
    0x86, 0x77, 0x89, 0xaa, 0x80, 0x00, 0x0e, 0xe0,
    0xcf, 0x00, 0x00, 0x6f, 0xff, 0xff, 0xff, 0xff,
    0x30, 0x00, 0x77, 0x0c, 0xf0, 0x00, 0x04, 0xf8,
    0x21, 0x00, 0x09, 0xf2, 0x00, 0x00, 0x00, 0xcf,
    0x00, 0x00, 0x4f, 0xa8, 0x89, 0xab, 0xef, 0x20,
    0x00, 0x00, 0x0c, 0xf0, 0x00, 0x05, 0xff, 0xff,
    0xfe, 0xde, 0xf2, 0x00, 0x00, 0x00, 0xcf, 0x00,
    0x00, 0x6f, 0x50, 0x00, 0x00, 0x9f, 0x30, 0x00,
    0x00, 0x0c, 0xf0, 0x00, 0x06, 0xfe, 0xee, 0xff,
    0xff, 0xf3, 0x00, 0x00, 0x00, 0xcf, 0x00, 0x00,
    0x7f, 0xcb, 0xaa, 0x98, 0xcf, 0x30, 0x00, 0x00,
    0x0c, 0xf0, 0x00, 0x08, 0xf4, 0x00, 0x00, 0x08,
    0xf3, 0x00, 0x00, 0x00, 0xdf, 0x00, 0x00, 0x8f,
    0x30, 0x07, 0x72, 0x8f, 0x30, 0x00, 0x00, 0x0f,
    0xf0, 0x00, 0x0a, 0xf3, 0x00, 0x1b, 0xff, 0xf4,
    0x00, 0x00, 0x00, 0x9e, 0x00, 0x00, 0x5e, 0x10,
    0x00, 0x05, 0xcd, 0x10, 0x00,

    /* U+63A5 "接" */
    0x00, 0x00, 0x10, 0x00, 0x00, 0x00, 0x00, 0x00,
    0x00, 0x00, 0x00, 0x00, 0x00, 0x00, 0x6f, 0x70,
    0x00, 0x00, 0x00, 0xde, 0x30, 0x00, 0x00, 0x00,
    0x00, 0x00, 0x0f, 0xc0, 0x00, 0x00, 0x00, 0x8f,
    0x50, 0x00, 0x00, 0x00, 0x00, 0x00, 0x0f, 0xc0,
    0x00, 0x00, 0x00, 0x7f, 0x50, 0x13, 0x30, 0x00,
    0x00, 0x00, 0x0f, 0xb0, 0x04, 0xaa, 0xbc, 0xef,
    0xff, 0xff, 0xf6, 0x00, 0x00, 0x00, 0x0f, 0xb0,
    0x00, 0xbd, 0xeb, 0xa9, 0x8f, 0x96, 0x51, 0x00,
    0x06, 0x78, 0x9f, 0xed, 0xf7, 0x00, 0xfb, 0x00,
    0x0f, 0xf0, 0x00, 0x00, 0x06, 0xff, 0xff, 0xfd,
    0xc8, 0x00, 0x8f, 0x60, 0x4f, 0xa0, 0x00, 0x00,
    0x00, 0x11, 0x0f, 0xb0, 0x00, 0x00, 0x1f, 0xe0,
    0xae, 0x10, 0x00, 0x00, 0x00, 0x00, 0x0f, 0xb0,
    0x27, 0x77, 0x8d, 0xda, 0xfe, 0xcd, 0xef, 0x70,
    0x00, 0x00, 0x0f, 0xb2, 0xbf, 0xff, 0xff, 0xff,
    0xdc, 0xcb, 0xa9, 0x70, 0x00, 0x00, 0x0f, 0xef,
    0x80, 0x11, 0x01, 0xfd, 0x00, 0x00, 0x00, 0x00,
    0x00, 0x00, 0x7f, 0xf5, 0x00, 0x00, 0x06, 0xf8,
    0x00, 0x00, 0x00, 0x00, 0x02, 0x8e, 0xff, 0xb0,
    0x87, 0x78, 0x8e, 0xfc, 0xcd, 0xde, 0xff, 0xf1,
    0x1f, 0xff, 0x8f, 0xb0, 0xaf, 0xff, 0xff, 0xed,
    0xcf, 0xfa, 0x98, 0x71, 0x02, 0x61, 0x1f, 0xb0,
    0x00, 0x01, 0xee, 0x00, 0x3f, 0xb0, 0x00, 0x00,
    0x00, 0x00, 0x1f, 0xb0, 0x00, 0x09, 0xfa, 0x10,
    0xcf, 0x40, 0x00, 0x00, 0x00, 0x00, 0x1f, 0xa0,
    0x00, 0x04, 0xdf, 0xfc, 0xf9, 0x00, 0x00, 0x00,
    0x01, 0x60, 0x1f, 0xa0, 0x00, 0x00, 0x03, 0xef,
    0xfc, 0x40, 0x00, 0x00, 0x00, 0xdd, 0x6f, 0xa0,
    0x00, 0x00, 0x4c, 0xfb, 0x9f, 0xfc, 0x40, 0x00,
    0x00, 0x1d, 0xff, 0xa0, 0x01, 0x6c, 0xfd, 0x60,
    0x02, 0xaf, 0xfa, 0x00, 0x00, 0x00, 0xae, 0x40,
    0xbf, 0xc9, 0x40, 0x00, 0x00, 0x03, 0xc9, 0x00,
    0x00, 0x00, 0x00, 0x00, 0x10, 0x00, 0x00, 0x00,
    0x00, 0x00, 0x00, 0x00,

    /* U+63D0 "提" */
    0x00, 0x00, 0x5d, 0x40, 0x00, 0x00, 0x00, 0x00,
    0x13, 0x41, 0x00, 0x00, 0x00, 0x00, 0x0f, 0xa0,
    0x00, 0x7f, 0xde, 0xff, 0xff, 0xfe, 0x00, 0x00,
    0x00, 0x00, 0x0f, 0xa0, 0x00, 0x3f, 0xda, 0x98,
    0x65, 0xfe, 0x00, 0x00, 0x00, 0x00, 0x0f, 0xa0,
    0x00, 0x2f, 0x83, 0x45, 0x67, 0xfb, 0x00, 0x00,
    0x00, 0x00, 0x0f, 0xa0, 0x00, 0x0f, 0xff, 0xff,
    0xff, 0xf9, 0x00, 0x00, 0x06, 0x77, 0x9f, 0xed,
    0xf7, 0x0f, 0xb4, 0x32, 0x14, 0xf7, 0x00, 0x00,
    0x07, 0xff, 0xff, 0xfe, 0xc9, 0x0e, 0xc6, 0x78,
    0x9b, 0xf7, 0x00, 0x00, 0x00, 0x32, 0x1f, 0xa0,
    0x00, 0x0e, 0xff, 0xff, 0xed, 0xc8, 0x00, 0x00,
    0x00, 0x00, 0x0f, 0xa0, 0x21, 0x07, 0xa2, 0x00,
    0x00, 0x00, 0x00, 0x00, 0x00, 0x00, 0x0f, 0xa6,
    0xe6, 0x33, 0x45, 0x67, 0x89, 0xab, 0xcd, 0x50,
    0x00, 0x00, 0x0f, 0xfe, 0x3c, 0xff, 0xff, 0xff,
    0xff, 0xfe, 0xdc, 0x80, 0x00, 0x01, 0x8f, 0xe2,
    0x01, 0x55, 0x32, 0xaf, 0x20, 0x00, 0x00, 0x00,
    0x02, 0x9f, 0xff, 0xa0, 0x00, 0x1f, 0x70, 0x9f,
    0x10, 0x00, 0x00, 0x00, 0x2f, 0xfd, 0x4f, 0xa0,
    0x00, 0x3f, 0xd0, 0x9f, 0xdd, 0xef, 0xa0, 0x00,
    0x03, 0x60, 0x1f, 0x90, 0x00, 0x8f, 0x60, 0xaf,
    0xcb, 0xaa, 0x80, 0x00, 0x00, 0x00, 0x1f, 0x90,
    0x00, 0xef, 0x50, 0xaf, 0x00, 0x00, 0x00, 0x00,
    0x00, 0x00, 0x1f, 0x90, 0x06, 0xff, 0xfc, 0xcf,
    0x00, 0x00, 0x00, 0x00, 0x01, 0x70, 0x1f, 0x90,
    0x0e, 0xb0, 0x7e, 0xff, 0x83, 0x00, 0x00, 0x00,
    0x00, 0xbe, 0x7f, 0x90, 0x8e, 0x10, 0x00, 0x6d,
    0xff, 0xe9, 0x63, 0x00, 0x00, 0x1d, 0xff, 0x94,
    0xf4, 0x00, 0x00, 0x00, 0x28, 0xdf, 0xff, 0xf8,
    0x00, 0x01, 0xae, 0x4d, 0x40, 0x00, 0x00, 0x00,
    0x00, 0x02, 0x6a, 0xc2, 0x00, 0x00, 0x00, 0x00,
    0x00, 0x00, 0x00, 0x00, 0x00, 0x00, 0x00, 0x00,

    /* U+65AD "断" */
    0x00, 0x00, 0x00, 0x78, 0x00, 0x00, 0x00, 0x00,
    0x00, 0x87, 0x00, 0x00, 0x41, 0x00, 0x08, 0xf2,
    0x00, 0x00, 0x00, 0x00, 0x7f, 0xf0, 0x00, 0x0d,
    0xe0, 0x00, 0x7f, 0x20, 0xd4, 0x14, 0x03, 0xcf,
    0xe5, 0x00, 0x00, 0xaf, 0x9d, 0x07, 0xf2, 0x3f,
    0xa2, 0xfe, 0xfe, 0x70, 0x00, 0x00, 0x0a, 0xf6,
    0xf8, 0x7f, 0x29, 0xf2, 0x0f, 0xe4, 0x00, 0x00,
    0x00, 0x00, 0xaf, 0x0d, 0xf9, 0xf4, 0xf6, 0x00,
    0xfd, 0x00, 0x00, 0x00, 0x00, 0x0a, 0xf0, 0x5f,
    0xef, 0xd7, 0x00, 0x0e, 0xd0, 0x00, 0x00, 0x00,
    0x00, 0xaf, 0x11, 0x68, 0xf8, 0x68, 0x20, 0xee,
    0x56, 0x89, 0xad, 0x80, 0x0b, 0xfd, 0xff, 0xff,
    0xff, 0xfe, 0x0e, 0xff, 0xff, 0xff, 0xec, 0x00,
    0xbf, 0x16, 0x6f, 0xf9, 0x21, 0x00, 0xfd, 0x31,
    0xce, 0x00, 0x00, 0x0b, 0xf0, 0x06, 0xff, 0xf8,
    0x00, 0x0f, 0xb0, 0x0c, 0xe0, 0x00, 0x00, 0xbf,
    0x00, 0xde, 0xfd, 0xf7, 0x00, 0xfa, 0x00, 0xce,
    0x00, 0x00, 0x0b, 0xf0, 0x6d, 0x7f, 0x3e, 0xf4,
    0x2f, 0x80, 0x0c, 0xe0, 0x00, 0x00, 0xbf, 0x1e,
    0x47, 0xf2, 0x3f, 0xc3, 0xf5, 0x00, 0xce, 0x00,
    0x00, 0x0b, 0xf9, 0x70, 0x8f, 0x20, 0x54, 0x6f,
    0x30, 0x0c, 0xe0, 0x00, 0x00, 0xbf, 0x60, 0x09,
    0xf2, 0x00, 0x09, 0xf0, 0x00, 0xde, 0x00, 0x00,
    0x0b, 0xf0, 0x00, 0x9f, 0x10, 0x00, 0xdb, 0x00,
    0x0d, 0xe0, 0x00, 0x00, 0xbf, 0x78, 0x89, 0xda,
    0xbc, 0x8f, 0x50, 0x00, 0xde, 0x00, 0x00, 0x0c,
    0xff, 0xff, 0xff, 0xee, 0xdf, 0xe0, 0x00, 0x0d,
    0xe0, 0x00, 0x00, 0xcf, 0x10, 0x00, 0x00, 0x00,
    0xc5, 0x00, 0x00, 0xee, 0x00, 0x00, 0x05, 0xa0,
    0x00, 0x00, 0x00, 0x1a, 0x00, 0x00, 0x0c, 0xc0,
    0x00, 0x00,

    /* U+65E0 "无" */
    0x00, 0x00, 0x12, 0x23, 0x45, 0x67, 0x78, 0x9a,
    0xbe, 0xb0, 0x00, 0x00, 0x00, 0x06, 0xff, 0xff,
    0xff, 0xff, 0xff, 0xfe, 0xdc, 0x30, 0x00, 0x00,
    0x00, 0x05, 0x66, 0x54, 0xaf, 0x61, 0x00, 0x00,
    0x00, 0x00, 0x00, 0x00, 0x00, 0x00, 0x00, 0x0a,
    0xf4, 0x00, 0x00, 0x00, 0x00, 0x00, 0x00, 0x00,
    0x00, 0x00, 0x00, 0xbf, 0x30, 0x00, 0x00, 0x00,
    0x00, 0x00, 0x00, 0x00, 0x00, 0x00, 0x0c, 0xf1,
    0x00, 0x00, 0x00, 0x00, 0x00, 0x00, 0x00, 0x00,
    0x11, 0x23, 0xef, 0x77, 0x89, 0xab, 0xbd, 0xe3,
    0x00, 0x0e, 0xff, 0xff, 0xff, 0xff, 0xff, 0xff,
    0xff, 0xff, 0xfe, 0x90, 0x00, 0x4b, 0xba, 0x98,
    0x8a, 0xfc, 0xc7, 0x32, 0x21, 0x00, 0x00, 0x00,
    0x00, 0x00, 0x00, 0x00, 0xaf, 0x5d, 0xf0, 0x00,
    0x00, 0x00, 0x00, 0x00, 0x00, 0x00, 0x00, 0x0e,
    0xf1, 0xbf, 0x10, 0x00, 0x00, 0x00, 0x00, 0x00,
    0x00, 0x00, 0x05, 0xfb, 0x0c, 0xf0, 0x00, 0x00,
    0x00, 0x00, 0x00, 0x00, 0x00, 0x00, 0xdf, 0x40,
    0xcf, 0x00, 0x00, 0x00, 0x07, 0x30, 0x00, 0x00,
    0x00, 0x6f, 0xc0, 0x0d, 0xf0, 0x00, 0x00, 0x00,
    0xa6, 0x00, 0x00, 0x00, 0x3f, 0xf2, 0x00, 0xdf,
    0x00, 0x00, 0x00, 0x0d, 0x70, 0x00, 0x00, 0x2e,
    0xf4, 0x00, 0x0e, 0xe0, 0x00, 0x00, 0x00, 0xf7,
    0x00, 0x00, 0x3e, 0xf4, 0x00, 0x00, 0xee, 0x00,
    0x00, 0x00, 0x3f, 0x60, 0x00, 0x7f, 0xc3, 0x00,
    0x00, 0x0e, 0xf2, 0x00, 0x00, 0x0a, 0xf5, 0x04,
    0xdf, 0x70, 0x00, 0x00, 0x00, 0xaf, 0xfe, 0xdd,
    0xef, 0xfe, 0x05, 0xd7, 0x10, 0x00, 0x00, 0x00,
    0x00, 0x9d, 0xff, 0xfe, 0xda, 0x20,

    /* U+65E5 "日" */
    0x14, 0x00, 0x00, 0x00, 0x12, 0x23, 0x44, 0x03,
    0xfe, 0xdd, 0xef, 0xff, 0xff, 0xff, 0xfc, 0x0e,
    0xfe, 0xed, 0xcb, 0xa9, 0x88, 0x7f, 0xe0, 0xdf,
    0x00, 0x00, 0x00, 0x00, 0x00, 0xfd, 0x0c, 0xf0,
    0x00, 0x00, 0x00, 0x00, 0x1f, 0xd0, 0xcf, 0x10,
    0x00, 0x00, 0x00, 0x01, 0xfc, 0x0b, 0xf1, 0x00,
    0x00, 0x00, 0x00, 0x2f, 0xb0, 0xbf, 0x20, 0x00,
    0x00, 0x00, 0x03, 0xfb, 0x0b, 0xf8, 0x88, 0x9a,
    0xbc, 0xcd, 0xef, 0xa0, 0xaf, 0xff, 0xff, 0xff,
    0xfe, 0xee, 0xf9, 0x0a, 0xf6, 0x32, 0x11, 0x00,
    0x00, 0x4f, 0x90, 0x9f, 0x40, 0x00, 0x00, 0x00,
    0x05, 0xf8, 0x09, 0xf4, 0x00, 0x00, 0x00, 0x00,
    0x6f, 0x70, 0x8f, 0x50, 0x00, 0x00, 0x00, 0x06,
    0xf6, 0x08, 0xf5, 0x00, 0x00, 0x00, 0x00, 0x7f,
    0x60, 0x8f, 0x60, 0x00, 0x00, 0x00, 0x08, 0xf5,
    0x07, 0xfb, 0x89, 0x9a, 0xab, 0xbc, 0xef, 0x70,
    0x7f, 0xff, 0xff, 0xff, 0xff, 0xee, 0xd8, 0x08,
    0xf9, 0x32, 0x11, 0x00, 0x00, 0x00, 0x00, 0x2d,
    0x50, 0x00, 0x00, 0x00, 0x00, 0x00,

    /* U+65F6 "时" */
    0x00, 0x00, 0x00, 0x00, 0x00, 0x00, 0x00, 0x01,
    0x00, 0x00, 0x00, 0x00, 0x00, 0x00, 0x00, 0x00,
    0x00, 0x00, 0x2f, 0xb0, 0x00, 0x00, 0x00, 0x00,
    0x00, 0x00, 0x00, 0x00, 0x00, 0x0c, 0xf1, 0x00,
    0x00, 0x30, 0x00, 0x01, 0x10, 0x00, 0x00, 0x00,
    0x0b, 0xf1, 0x00, 0x00, 0xcf, 0xde, 0xff, 0xf4,
    0x00, 0x00, 0x00, 0x0b, 0xf1, 0x00, 0x00, 0x9f,
    0xb9, 0x7b, 0xf5, 0x00, 0x00, 0x00, 0x0b, 0xf1,
    0x00, 0x00, 0x8f, 0x20, 0x07, 0xf4, 0x00, 0x00,
    0x00, 0x0b, 0xf3, 0x24, 0x50, 0x8f, 0x20, 0x08,
    0xf8, 0xba, 0xbc, 0xde, 0xff, 0xff, 0xff, 0xf8,
    0x7f, 0x30, 0x08, 0xf3, 0xbe, 0xdc, 0xba, 0x9e,
    0xf9, 0x76, 0x52, 0x7f, 0x98, 0x8d, 0xf2, 0x00,
    0x00, 0x00, 0x0b, 0xf1, 0x00, 0x00, 0x7f, 0xff,
    0xff, 0xf1, 0x07, 0x90, 0x00, 0x0b, 0xf1, 0x00,
    0x00, 0x6f, 0x50, 0x09, 0xf1, 0x0b, 0xf8, 0x00,
    0x0b, 0xf1, 0x00, 0x00, 0x6f, 0x40, 0x0a, 0xf0,
    0x01, 0xff, 0x50, 0x0b, 0xf1, 0x00, 0x00, 0x6f,
    0x40, 0x0a, 0xf0, 0x00, 0x6f, 0xe1, 0x0b, 0xf2,
    0x00, 0x00, 0x5f, 0x50, 0x0b, 0xf0, 0x00, 0x0b,
    0xf5, 0x0b, 0xf2, 0x00, 0x00, 0x5f, 0x50, 0x1b,
    0xf0, 0x00, 0x01, 0x40, 0x0a, 0xf2, 0x00, 0x00,
    0x5f, 0xff, 0xff, 0xf5, 0x00, 0x00, 0x00, 0x0a,
    0xf2, 0x00, 0x00, 0x5f, 0xb8, 0x87, 0x62, 0x00,
    0x00, 0x00, 0x0a, 0xf2, 0x00, 0x00, 0x4f, 0x50,
    0x00, 0x00, 0x00, 0x06, 0x20, 0x0a, 0xf2, 0x00,
    0x00, 0x00, 0x00, 0x00, 0x00, 0x00, 0x07, 0xfc,
    0x7c, 0xf3, 0x00, 0x00, 0x00, 0x00, 0x00, 0x00,
    0x00, 0x00, 0x4d, 0xff, 0xf3, 0x00, 0x00, 0x00,
    0x00, 0x00, 0x00, 0x00, 0x00, 0x00, 0x7e, 0xb0,
    0x00, 0x00,

    /* U+6708 "月" */
    0x00, 0x00, 0x00, 0x00, 0x00, 0x00, 0x00, 0x00,
    0x00, 0x00, 0x00, 0x04, 0xe8, 0x78, 0x9a, 0xbc,
    0xde, 0xe7, 0x00, 0x00, 0x02, 0xff, 0xff, 0xff,
    0xfe, 0xdd, 0xfc, 0x00, 0x00, 0x01, 0xfe, 0x32,
    0x10, 0x00, 0x02, 0xfb, 0x00, 0x00, 0x01, 0xfd,
    0x00, 0x00, 0x00, 0x02, 0xfb, 0x00, 0x00, 0x01,
    0xfc, 0x00, 0x00, 0x00, 0x02, 0xfb, 0x00, 0x00,
    0x01, 0xfe, 0x78, 0x99, 0xab, 0xcd, 0xfb, 0x00,
    0x00, 0x01, 0xff, 0xff, 0xff, 0xff, 0xee, 0xfb,
    0x00, 0x00, 0x02, 0xfc, 0x21, 0x00, 0x00, 0x01,
    0xfb, 0x00, 0x00, 0x03, 0xfa, 0x00, 0x00, 0x00,
    0x01, 0xfb, 0x00, 0x00, 0x05, 0xf9, 0x00, 0x00,
    0x00, 0x01, 0xfc, 0x00, 0x00, 0x07, 0xfb, 0x67,
    0x88, 0x9a, 0xbc, 0xfc, 0x00, 0x00, 0x0a, 0xff,
    0xff, 0xff, 0xff, 0xee, 0xfc, 0x00, 0x00, 0x0e,
    0xf4, 0x22, 0x10, 0x00, 0x01, 0xfc, 0x00, 0x00,
    0x4f, 0xb0, 0x00, 0x00, 0x00, 0x01, 0xfc, 0x00,
    0x00, 0xbf, 0x50, 0x00, 0x00, 0x00, 0x01, 0xfc,
    0x00, 0x04, 0xfb, 0x00, 0x00, 0x00, 0x00, 0x01,
    0xfc, 0x00, 0x0d, 0xe2, 0x00, 0x00, 0x00, 0x40,
    0x01, 0xfc, 0x00, 0xaf, 0x30, 0x00, 0x00, 0x00,
    0x9e, 0x72, 0xfd, 0x08, 0xe3, 0x00, 0x00, 0x00,
    0x00, 0x0a, 0xff, 0xfd, 0x3c, 0x20, 0x00, 0x00,
    0x00, 0x00, 0x00, 0x9f, 0xfc, 0x00, 0x00, 0x00,
    0x00, 0x00, 0x00, 0x00, 0x04, 0xa3,

    /* U+672A "未" */
    0x00, 0x00, 0x00, 0x00, 0x00, 0x00, 0x00, 0x00,
    0x00, 0x00, 0x00, 0x00, 0x00, 0x00, 0x00, 0x00,
    0x00, 0x8f, 0x50, 0x00, 0x00, 0x00, 0x00, 0x00,
    0x00, 0x00, 0x00, 0x00, 0x00, 0x3f, 0xa0, 0x00,
    0x00, 0x00, 0x00, 0x00, 0x00, 0x00, 0x00, 0x00,
    0x00, 0x3f, 0xa0, 0x00, 0x00, 0x00, 0x00, 0x00,
    0x00, 0x00, 0x00, 0x00, 0x00, 0x3f, 0xa0, 0x00,
    0x00, 0x00, 0x00, 0x00, 0x00, 0x00, 0x00, 0x00,
    0x11, 0x5f, 0xb5, 0x67, 0x9a, 0x20, 0x00, 0x00,
    0x00, 0x00, 0x0f, 0xff, 0xff, 0xff, 0xff, 0xff,
    0xff, 0xc0, 0x00, 0x00, 0x00, 0x00, 0x05, 0xba,
    0x98, 0x9f, 0xc5, 0x43, 0x21, 0x00, 0x00, 0x00,
    0x00, 0x00, 0x00, 0x00, 0x00, 0x3f, 0xa0, 0x00,
    0x00, 0x00, 0x00, 0x00, 0x00, 0x00, 0x00, 0x00,
    0x00, 0x3f, 0xa0, 0x00, 0x00, 0x00, 0x00, 0x00,
    0x00, 0x00, 0x00, 0x01, 0x23, 0x6f, 0xc7, 0x89,
    0x9a, 0xbe, 0xc1, 0x00, 0x00, 0xaf, 0xff, 0xff,
    0xff, 0xff, 0xff, 0xff, 0xff, 0xff, 0xe5, 0x00,
    0x00, 0x19, 0xa9, 0x88, 0x7b, 0xff, 0xfe, 0x32,
    0x11, 0x00, 0x00, 0x00, 0x00, 0x00, 0x00, 0x00,
    0x3f, 0xff, 0xdf, 0xb0, 0x00, 0x00, 0x00, 0x00,
    0x00, 0x00, 0x00, 0x02, 0xef, 0x7f, 0x96, 0xfc,
    0x10, 0x00, 0x00, 0x00, 0x00, 0x00, 0x00, 0x3e,
    0xf5, 0x3f, 0x90, 0x6f, 0xe3, 0x00, 0x00, 0x00,
    0x00, 0x00, 0x04, 0xff, 0x40, 0x3f, 0x90, 0x03,
    0xef, 0x80, 0x00, 0x00, 0x00, 0x00, 0x7f, 0xd3,
    0x00, 0x3f, 0x90, 0x00, 0x1b, 0xfe, 0x60, 0x00,
    0x00, 0x2b, 0xf9, 0x00, 0x00, 0x3f, 0x90, 0x00,
    0x00, 0x6f, 0xfd, 0x60, 0x06, 0xfb, 0x20, 0x00,
    0x00, 0x3f, 0x90, 0x00, 0x00, 0x01, 0xaf, 0xf6,
    0x19, 0x30, 0x00, 0x00, 0x00, 0x3f, 0x90, 0x00,
    0x00, 0x00, 0x03, 0x40, 0x00, 0x00, 0x00, 0x00,
    0x00, 0x5f, 0x90, 0x00, 0x00, 0x00, 0x00, 0x00,
    0x00, 0x00, 0x00, 0x00, 0x00, 0x2d, 0x70, 0x00,
    0x00, 0x00, 0x00, 0x00,

    /* U+672C "本" */
    0x00, 0x00, 0x00, 0x00, 0x00, 0x4b, 0x50, 0x00,
    0x00, 0x00, 0x00, 0x00, 0x00, 0x00, 0x00, 0x00,
    0x00, 0x1f, 0xc0, 0x00, 0x00, 0x00, 0x00, 0x00,
    0x00, 0x00, 0x00, 0x00, 0x00, 0x0f, 0xc0, 0x00,
    0x00, 0x00, 0x00, 0x00, 0x00, 0x00, 0x00, 0x00,
    0x00, 0x0f, 0xc0, 0x00, 0x00, 0x00, 0x00, 0x00,
    0x00, 0x00, 0x00, 0x00, 0x00, 0x0f, 0xc0, 0x00,
    0x00, 0x00, 0x00, 0x00, 0x00, 0x00, 0x00, 0x00,
    0x12, 0x3f, 0xd5, 0x67, 0x89, 0xac, 0x90, 0x00,
    0x00, 0x1e, 0xee, 0xff, 0xff, 0xff, 0xff, 0xff,
    0xff, 0xfe, 0xd3, 0x00, 0x00, 0x06, 0xbb, 0xa9,
    0x88, 0xff, 0xfe, 0x32, 0x10, 0x00, 0x00, 0x00,
    0x00, 0x00, 0x00, 0x00, 0x09, 0xff, 0xff, 0x90,
    0x00, 0x00, 0x00, 0x00, 0x00, 0x00, 0x00, 0x00,
    0x3f, 0xcf, 0xcb, 0xf5, 0x00, 0x00, 0x00, 0x00,
    0x00, 0x00, 0x00, 0x00, 0xdf, 0x2f, 0xc1, 0xef,
    0x40, 0x00, 0x00, 0x00, 0x00, 0x00, 0x00, 0x0a,
    0xf7, 0x0f, 0xc0, 0x3f, 0xf3, 0x00, 0x00, 0x00,
    0x00, 0x00, 0x00, 0x7f, 0xa0, 0x0f, 0xc0, 0x05,
    0xfe, 0x20, 0x00, 0x00, 0x00, 0x00, 0x04, 0xfc,
    0x00, 0x0f, 0xc0, 0x00, 0x6f, 0xe3, 0x00, 0x00,
    0x00, 0x00, 0x4f, 0xd1, 0x00, 0x0f, 0xc0, 0x00,
    0x05, 0xff, 0x50, 0x00, 0x00, 0x04, 0xfc, 0x10,
    0x00, 0x0f, 0xd2, 0x34, 0x72, 0x4f, 0xfa, 0x10,
    0x00, 0x5f, 0xa0, 0xae, 0xff, 0xff, 0xff, 0xff,
    0xfd, 0x02, 0xcf, 0xf6, 0x08, 0xf6, 0x00, 0x2a,
    0xba, 0x9f, 0xe7, 0x76, 0x53, 0x00, 0x08, 0xf7,
    0x38, 0x10, 0x00, 0x00, 0x00, 0x0f, 0xc0, 0x00,
    0x00, 0x00, 0x00, 0x00, 0x00, 0x00, 0x00, 0x00,
    0x00, 0x0f, 0xc0, 0x00, 0x00, 0x00, 0x00, 0x00,
    0x00, 0x00, 0x00, 0x00, 0x00, 0x1f, 0xc0, 0x00,
    0x00, 0x00, 0x00, 0x00, 0x00, 0x00, 0x00, 0x00,
    0x00, 0x0c, 0xa0, 0x00, 0x00, 0x00, 0x00, 0x00,

    /* U+6B20 "欠" */
    0x00, 0x00, 0x00, 0x08, 0x70, 0x00, 0x00, 0x00,
    0x00, 0x00, 0x00, 0x00, 0x00, 0x00, 0x00, 0xaf,
    0x70, 0x00, 0x00, 0x00, 0x00, 0x00, 0x00, 0x00,
    0x00, 0x00, 0x0d, 0xf3, 0x00, 0x00, 0x00, 0x00,
    0x00, 0x00, 0x00, 0x00, 0x00, 0x02, 0xfe, 0x00,
    0x00, 0x00, 0x00, 0x00, 0x00, 0x00, 0x00, 0x00,
    0x00, 0x7f, 0x70, 0x00, 0x01, 0x23, 0x45, 0x40,
    0x00, 0x00, 0x00, 0x00, 0x0d, 0xfd, 0xde, 0xff,
    0xff, 0xff, 0xff, 0x60, 0x00, 0x00, 0x00, 0x05,
    0xff, 0xdc, 0xba, 0x98, 0x76, 0x8f, 0xe1, 0x00,
    0x00, 0x00, 0x00, 0xcf, 0x10, 0x15, 0x00, 0x00,
    0x09, 0xf4, 0x00, 0x00, 0x00, 0x00, 0x3f, 0x80,
    0x00, 0xfe, 0x00, 0x02, 0xf9, 0x00, 0x00, 0x00,
    0x00, 0x0c, 0xd0, 0x00, 0x1f, 0xf0, 0x00, 0xac,
    0x00, 0x00, 0x00, 0x00, 0x06, 0xf3, 0x00, 0x03,
    0xfc, 0x00, 0x1d, 0x10, 0x00, 0x00, 0x00, 0x01,
    0xe7, 0x00, 0x00, 0x6f, 0xb0, 0x00, 0x00, 0x00,
    0x00, 0x00, 0x00, 0x57, 0x00, 0x00, 0x0b, 0xff,
    0x30, 0x00, 0x00, 0x00, 0x00, 0x00, 0x00, 0x00,
    0x00, 0x02, 0xfe, 0xfe, 0x10, 0x00, 0x00, 0x00,
    0x00, 0x00, 0x00, 0x00, 0x00, 0xaf, 0x66, 0xfb,
    0x00, 0x00, 0x00, 0x00, 0x00, 0x00, 0x00, 0x00,
    0x3f, 0xc0, 0x0a, 0xfa, 0x00, 0x00, 0x00, 0x00,
    0x00, 0x00, 0x00, 0x1e, 0xf3, 0x00, 0x0b, 0xfb,
    0x00, 0x00, 0x00, 0x00, 0x00, 0x00, 0x1d, 0xf5,
    0x00, 0x00, 0x0b, 0xfd, 0x20, 0x00, 0x00, 0x00,
    0x00, 0x3e, 0xf5, 0x00, 0x00, 0x00, 0x09, 0xff,
    0x70, 0x00, 0x00, 0x00, 0x8f, 0xd3, 0x00, 0x00,
    0x00, 0x00, 0x05, 0xff, 0xc4, 0x00, 0x03, 0xde,
    0x70, 0x00, 0x00, 0x00, 0x00, 0x00, 0x02, 0xcf,
    0xfb, 0x13, 0xe7, 0x00, 0x00, 0x00, 0x00, 0x00,
    0x00, 0x00, 0x00, 0x6e, 0xc1, 0x00, 0x00, 0x00,
    0x00, 0x00, 0x00, 0x00, 0x00, 0x00, 0x00, 0x00,
    0x00,

    /* U+6B63 "正" */
    0x00, 0x00, 0x00, 0x00, 0x00, 0x00, 0x00, 0x00,
    0x00, 0x00, 0x00, 0x00, 0x00, 0x03, 0x32, 0x34,
    0x56, 0x78, 0x9a, 0xbc, 0xde, 0xfd, 0x20, 0x00,
    0x00, 0x05, 0xff, 0xff, 0xff, 0xff, 0xff, 0xff,
    0xfe, 0xdc, 0x50, 0x00, 0x00, 0x00, 0x69, 0x87,
    0x65, 0x4c, 0xf5, 0x10, 0x00, 0x00, 0x00, 0x00,
    0x00, 0x00, 0x00, 0x00, 0x00, 0x0b, 0xf3, 0x00,
    0x00, 0x00, 0x00, 0x00, 0x00, 0x00, 0x00, 0x00,
    0x00, 0x0b, 0xf3, 0x00, 0x00, 0x00, 0x00, 0x00,
    0x00, 0x00, 0x0a, 0xc4, 0x00, 0x0b, 0xf4, 0x00,
    0x00, 0x00, 0x00, 0x00, 0x00, 0x00, 0x04, 0xfc,
    0x00, 0x0b, 0xf4, 0x00, 0x00, 0x00, 0x00, 0x00,
    0x00, 0x00, 0x02, 0xfc, 0x00, 0x0b, 0xf4, 0x01,
    0x25, 0x30, 0x00, 0x00, 0x00, 0x00, 0x02, 0xfc,
    0x00, 0x0b, 0xff, 0xff, 0xff, 0xf4, 0x00, 0x00,
    0x00, 0x00, 0x01, 0xfc, 0x00, 0x0b, 0xfd, 0xba,
    0xa9, 0x83, 0x00, 0x00, 0x00, 0x00, 0x01, 0xfc,
    0x00, 0x0a, 0xf4, 0x00, 0x00, 0x00, 0x00, 0x00,
    0x00, 0x00, 0x01, 0xfd, 0x00, 0x0a, 0xf4, 0x00,
    0x00, 0x00, 0x00, 0x00, 0x00, 0x00, 0x00, 0xfd,
    0x00, 0x0a, 0xf4, 0x00, 0x00, 0x00, 0x00, 0x00,
    0x00, 0x00, 0x00, 0xfd, 0x00, 0x0a, 0xf4, 0x00,
    0x00, 0x00, 0x00, 0x00, 0x00, 0x00, 0x00, 0xfd,
    0x00, 0x0a, 0xf4, 0x00, 0x00, 0x00, 0x00, 0x00,
    0x00, 0x00, 0x00, 0xfe, 0x00, 0x1a, 0xf6, 0x23,
    0x34, 0x55, 0x68, 0x10, 0x1e, 0xdd, 0xee, 0xff,
    0xff, 0xff, 0xff, 0xff, 0xff, 0xff, 0xff, 0xd0,
    0x08, 0xee, 0xed, 0xdc, 0xcb, 0xba, 0xa9, 0x99,
    0x88, 0x77, 0x66, 0x40,

    /* U+6BB5 "段" */
    0x00, 0x00, 0x00, 0x00, 0x80, 0x00, 0x00, 0x00,
    0x00, 0x00, 0x00, 0x00, 0x00, 0x00, 0x01, 0xbf,
    0x80, 0xb8, 0x68, 0x9a, 0x60, 0x00, 0x00, 0x00,
    0x01, 0x07, 0xef, 0xc3, 0x0b, 0xff, 0xff, 0xff,
    0x00, 0x00, 0x00, 0x05, 0xff, 0xfd, 0x60, 0x00,
    0xaf, 0x52, 0x1e, 0xe0, 0x00, 0x00, 0x00, 0x1f,
    0xd4, 0x00, 0x00, 0x09, 0xf1, 0x00, 0xed, 0x00,
    0x00, 0x00, 0x01, 0xfb, 0x00, 0x00, 0x00, 0xbf,
    0x00, 0x0e, 0xd0, 0x00, 0x00, 0x00, 0x0f, 0xeb,
    0xce, 0xf5, 0x0e, 0xd0, 0x00, 0xfc, 0x00, 0x00,
    0x00, 0x00, 0xff, 0xdc, 0xba, 0x53, 0xf7, 0x00,
    0x0e, 0xe8, 0x9a, 0x10, 0x00, 0x0f, 0xb0, 0x00,
    0x00, 0xad, 0x00, 0x00, 0x6f, 0xff, 0xe7, 0x00,
    0x00, 0xfd, 0x78, 0xac, 0x6c, 0x10, 0x00, 0x01,
    0x23, 0x00, 0x00, 0x00, 0x0f, 0xff, 0xff, 0xe8,
    0xbd, 0xef, 0xff, 0xff, 0xf8, 0x00, 0x00, 0x00,
    0xfc, 0x10, 0x00, 0x03, 0xbb, 0xa9, 0x87, 0xef,
    0x50, 0x00, 0x00, 0x0f, 0xc0, 0x00, 0x16, 0x5c,
    0x70, 0x00, 0x3f, 0xd0, 0x00, 0x00, 0x00, 0xfc,
    0x16, 0xbf, 0xc2, 0xcf, 0x40, 0x0d, 0xf3, 0x00,
    0x00, 0x00, 0x3f, 0xff, 0xfc, 0x40, 0x02, 0xef,
    0x3a, 0xf8, 0x00, 0x00, 0x09, 0xef, 0xff, 0x92,
    0x00, 0x00, 0x03, 0xff, 0xfb, 0x00, 0x00, 0x00,
    0x5e, 0xbf, 0xc0, 0x00, 0x00, 0x00, 0x0c, 0xff,
    0x70, 0x00, 0x00, 0x00, 0x00, 0xfc, 0x00, 0x00,
    0x00, 0x2d, 0xfa, 0xef, 0xb1, 0x00, 0x00, 0x00,
    0x0f, 0xc0, 0x00, 0x00, 0x6f, 0xe4, 0x01, 0xbf,
    0xf8, 0x10, 0x00, 0x01, 0xfd, 0x00, 0x03, 0xcf,
    0x91, 0x00, 0x00, 0x5e, 0xff, 0xa2, 0x00, 0x0c,
    0xb0, 0x06, 0xe9, 0x10, 0x00, 0x00, 0x00, 0x07,
    0xef, 0x40, 0x00, 0x00, 0x00, 0x00, 0x00, 0x00,
    0x00, 0x00, 0x00, 0x00, 0x10,

    /* U+6D4B "测" */
    0x00, 0x00, 0x00, 0x00, 0x00, 0x00, 0x00, 0x00,
    0x00, 0x03, 0x40, 0x00, 0x01, 0x00, 0x00, 0x00,
    0x00, 0x00, 0x00, 0x00, 0x04, 0xf8, 0x00, 0x9f,
    0x60, 0x04, 0x51, 0x23, 0x44, 0x30, 0x00, 0x01,
    0xfa, 0x00, 0x2d, 0xf8, 0x05, 0xff, 0xff, 0xff,
    0xf2, 0x00, 0x01, 0xfa, 0x00, 0x01, 0xcf, 0x93,
    0xf9, 0x65, 0x49, 0xf2, 0x31, 0x01, 0xfa, 0x00,
    0x00, 0x1d, 0xe3, 0xf4, 0x00, 0x08, 0xf2, 0x8f,
    0x11, 0xfa, 0x00, 0x00, 0x01, 0x12, 0xf5, 0x8d,
    0x38, 0xf1, 0x6f, 0x31, 0xfa, 0x0b, 0x91, 0x00,
    0x02, 0xf5, 0x4f, 0x68, 0xf1, 0x6f, 0x31, 0xf9,
    0x09, 0xfe, 0x50, 0x02, 0xf5, 0x4f, 0x68, 0xf1,
    0x6f, 0x31, 0xf9, 0x00, 0x4f, 0xf8, 0x02, 0xf6,
    0x4f, 0x58, 0xf0, 0x6f, 0x31, 0xf9, 0x00, 0x02,
    0xde, 0x01, 0xf6, 0x5f, 0x49, 0xf0, 0x6f, 0x31,
    0xf9, 0x00, 0x00, 0x01, 0x11, 0xf6, 0x6f, 0x39,
    0xf0, 0x6f, 0x31, 0xf9, 0x00, 0x00, 0x06, 0x81,
    0xf6, 0x7f, 0x29, 0xf0, 0x6f, 0x31, 0xf9, 0x00,
    0x00, 0x0e, 0x41, 0xf6, 0xaf, 0x09, 0xf0, 0x6f,
    0x41, 0xf9, 0x00, 0x00, 0x7e, 0x01, 0xf7, 0xdc,
    0x0b, 0xe0, 0x6f, 0x41, 0xf9, 0x00, 0x01, 0xf9,
    0x01, 0xe8, 0xf8, 0x07, 0xb0, 0x7f, 0x41, 0xf9,
    0x00, 0x09, 0xf3, 0x00, 0x08, 0xf3, 0xcb, 0x00,
    0x4e, 0x21, 0xf9, 0x00, 0x2f, 0xc0, 0x00, 0x0e,
    0xb0, 0x7f, 0x70, 0x00, 0x01, 0xf9, 0x00, 0xbf,
    0x50, 0x00, 0xaf, 0x20, 0x0c, 0xf3, 0x00, 0x01,
    0xf9, 0x07, 0xfd, 0x00, 0x07, 0xf5, 0x00, 0x03,
    0xfc, 0x5c, 0x51, 0xf9, 0x0d, 0xf4, 0x00, 0x8e,
    0x40, 0x00, 0x00, 0x9b, 0x05, 0xee, 0xf9, 0x00,
    0x00, 0x06, 0xa1, 0x00, 0x00, 0x00, 0x00, 0x00,
    0x1a, 0xf4,

    /* U+72B6 "状" */
    0x00, 0x00, 0x00, 0x00, 0x00, 0x00, 0x04, 0x00,
    0x00, 0x00, 0x00, 0x00, 0x00, 0x00, 0x4e, 0x60,
    0x00, 0x00, 0xde, 0x10, 0x00, 0x00, 0x00, 0x00,
    0x00, 0x00, 0xfc, 0x00, 0x00, 0x0a, 0xf3, 0x00,
    0x00, 0x00, 0x00, 0x00, 0x00, 0x0f, 0xc0, 0x00,
    0x00, 0x9f, 0x34, 0x10, 0x00, 0x00, 0x00, 0x00,
    0x00, 0xfc, 0x00, 0x00, 0x0a, 0xf4, 0xfd, 0x00,
    0x00, 0x00, 0x6b, 0x00, 0x0f, 0xb0, 0x00, 0x00,
    0xaf, 0x28, 0xf9, 0x00, 0x00, 0x06, 0xf8, 0x00,
    0xfb, 0x00, 0x00, 0x0a, 0xf1, 0x0d, 0xf3, 0x00,
    0x00, 0x0e, 0xf1, 0x1f, 0xb0, 0x00, 0x00, 0xbf,
    0x00, 0x5f, 0x50, 0x00, 0x00, 0x6f, 0x91, 0xfb,
    0x00, 0x00, 0x0c, 0xf0, 0x01, 0x45, 0x40, 0x00,
    0x00, 0xff, 0x2f, 0xb8, 0xbb, 0xcd, 0xff, 0xff,
    0xff, 0xff, 0x40, 0x00, 0x08, 0xd3, 0xfa, 0x2d,
    0xed, 0xcf, 0xfe, 0x98, 0x76, 0x51, 0x00, 0x00,
    0x00, 0x2f, 0xa0, 0x00, 0x03, 0xff, 0xf1, 0x00,
    0x00, 0x00, 0x00, 0x00, 0x09, 0xfa, 0x00, 0x00,
    0x6f, 0xaf, 0x70, 0x00, 0x00, 0x00, 0x00, 0x1c,
    0xff, 0xa0, 0x00, 0x0a, 0xf2, 0xee, 0x00, 0x00,
    0x00, 0x00, 0x6e, 0xf6, 0xf9, 0x00, 0x00, 0xfd,
    0x08, 0xf7, 0x00, 0x00, 0x07, 0xdf, 0xf3, 0x2f,
    0x90, 0x00, 0x6f, 0x70, 0x1e, 0xf2, 0x00, 0x00,
    0x9f, 0xe2, 0x03, 0xf9, 0x00, 0x0d, 0xe0, 0x00,
    0x6f, 0xb0, 0x00, 0x00, 0x31, 0x00, 0x3f, 0x90,
    0x06, 0xf6, 0x00, 0x00, 0xcf, 0x80, 0x00, 0x00,
    0x00, 0x04, 0xf9, 0x01, 0xec, 0x00, 0x00, 0x01,
    0xef, 0x60, 0x00, 0x00, 0x00, 0x4f, 0x80, 0xbe,
    0x10, 0x00, 0x00, 0x04, 0xff, 0x70, 0x00, 0x00,
    0x06, 0xf8, 0x8e, 0x20, 0x00, 0x00, 0x00, 0x04,
    0xff, 0x80, 0x00, 0x00, 0x2d, 0x9b, 0x10, 0x00,
    0x00, 0x00, 0x00, 0x04, 0xe6,

    /* U+7387 "率" */
    0x00, 0x00, 0x00, 0x00, 0x00, 0x00, 0x00, 0x00,
    0x00, 0x00, 0x00, 0x00, 0x00, 0x00, 0x00, 0x00,
    0x5f, 0x80, 0x00, 0x00, 0x00, 0x00, 0x00, 0x00,
    0x00, 0x00, 0x00, 0x01, 0xfc, 0x00, 0x00, 0x00,
    0x00, 0x00, 0x00, 0x00, 0x00, 0x00, 0x12, 0x3f,
    0xd5, 0x67, 0x89, 0xac, 0xc1, 0x00, 0x08, 0xee,
    0xef, 0xff, 0xff, 0xff, 0xff, 0xff, 0xfe, 0xdc,
    0x50, 0x00, 0x1b, 0xcb, 0xa9, 0x87, 0x6f, 0xd3,
    0x21, 0x00, 0x58, 0x00, 0x00, 0x00, 0x59, 0x00,
    0x00, 0x05, 0xf9, 0x21, 0x00, 0x0d, 0xf3, 0x00,
    0x00, 0x06, 0xfd, 0x20, 0x32, 0xdd, 0x0b, 0xe1,
    0x0b, 0xfa, 0x00, 0x00, 0x00, 0x05, 0xfe, 0x2d,
    0xff, 0x23, 0xfe, 0x2c, 0xd4, 0x00, 0x00, 0x00,
    0x00, 0x05, 0xf5, 0x3c, 0xfa, 0xef, 0x33, 0x60,
    0x00, 0x00, 0x00, 0x00, 0x00, 0x01, 0x6b, 0x08,
    0xff, 0x83, 0x0e, 0x90, 0x00, 0x00, 0x00, 0x00,
    0x00, 0x8f, 0x20, 0xbf, 0x5b, 0xe1, 0x9f, 0xd3,
    0x00, 0x00, 0x00, 0x01, 0xcf, 0x40, 0x9f, 0xa6,
    0xbf, 0xa0, 0x5f, 0xf6, 0x00, 0x00, 0x28, 0xef,
    0x56, 0xff, 0xff, 0xfd, 0xcf, 0x40, 0x2e, 0xf1,
    0x00, 0x02, 0xdf, 0x50, 0x08, 0xa9, 0xf7, 0x01,
    0xe5, 0x00, 0x14, 0x00, 0x00, 0x00, 0x10, 0x00,
    0x00, 0x0f, 0xe0, 0x00, 0x00, 0x00, 0x02, 0x00,
    0x76, 0x67, 0x78, 0x89, 0xaa, 0xff, 0xcc, 0xdd,
    0xee, 0xff, 0xfc, 0x09, 0xff, 0xff, 0xff, 0xfe,
    0xef, 0xfd, 0xcc, 0xba, 0xa9, 0x98, 0x70, 0x02,
    0x21, 0x10, 0x00, 0x00, 0xee, 0x00, 0x00, 0x00,
    0x00, 0x00, 0x00, 0x00, 0x00, 0x00, 0x00, 0x0e,
    0xe0, 0x00, 0x00, 0x00, 0x00, 0x00, 0x00, 0x00,
    0x00, 0x00, 0x00, 0xee, 0x00, 0x00, 0x00, 0x00,
    0x00, 0x00, 0x00, 0x00, 0x00, 0x00, 0x0f, 0xe0,
    0x00, 0x00, 0x00, 0x00, 0x00, 0x00, 0x00, 0x00,
    0x00, 0x00, 0xfe, 0x00, 0x00, 0x00, 0x00, 0x00,
    0x00, 0x00, 0x00, 0x00, 0x00, 0x06, 0xa0, 0x00,
    0x00, 0x00, 0x00, 0x00,

    /* U+7528 "用" */
    0x00, 0x08, 0x72, 0x34, 0x56, 0x78, 0x9a, 0xbc,
    0xde, 0xd2, 0x00, 0x08, 0xff, 0xff, 0xff, 0xff,
    0xff, 0xfe, 0xde, 0xf4, 0x00, 0x06, 0xfa, 0x76,
    0x54, 0xdf, 0x10, 0x00, 0x09, 0xf4, 0x00, 0x06,
    0xf6, 0x00, 0x00, 0xcf, 0x00, 0x00, 0x09, 0xf4,
    0x00, 0x06, 0xf6, 0x00, 0x00, 0xcf, 0x00, 0x00,
    0x09, 0xf4, 0x00, 0x06, 0xfa, 0x89, 0x9a, 0xff,
    0xcd, 0xef, 0xff, 0xf4, 0x00, 0x06, 0xff, 0xff,
    0xff, 0xff, 0xdc, 0xba, 0x9c, 0xf4, 0x00, 0x06,
    0xf7, 0x10, 0x00, 0xcf, 0x00, 0x00, 0x08, 0xf4,
    0x00, 0x07, 0xf5, 0x00, 0x00, 0xcf, 0x00, 0x00,
    0x08, 0xf4, 0x00, 0x08, 0xf5, 0x00, 0x00, 0xcf,
    0x00, 0x00, 0x08, 0xf4, 0x00, 0x09, 0xf4, 0x00,
    0x12, 0xdf, 0x44, 0x56, 0x6c, 0xf4, 0x00, 0x0b,
    0xff, 0xff, 0xff, 0xff, 0xff, 0xff, 0xff, 0xf4,
    0x00, 0x0e, 0xfa, 0xa9, 0x88, 0xef, 0x65, 0x44,
    0x3a, 0xf4, 0x00, 0x1f, 0xb0, 0x00, 0x00, 0xcf,
    0x00, 0x00, 0x08, 0xf4, 0x00, 0x6f, 0x60, 0x00,
    0x00, 0xcf, 0x00, 0x00, 0x08, 0xf4, 0x00, 0xcf,
    0x00, 0x00, 0x00, 0xcf, 0x00, 0x00, 0x08, 0xf4,
    0x03, 0xf8, 0x00, 0x00, 0x00, 0xdf, 0x00, 0x00,
    0x08, 0xf4, 0x0b, 0xd0, 0x00, 0x00, 0x00, 0xef,
    0x01, 0xd8, 0x28, 0xf4, 0x4f, 0x30, 0x00, 0x00,
    0x00, 0xdf, 0x00, 0x1b, 0xfe, 0xf4, 0x94, 0x00,
    0x00, 0x00, 0x00, 0x03, 0x00, 0x00, 0x5d, 0xd1,

    /* U+7535 "电" */
    0x00, 0x00, 0x00, 0x0c, 0xa0, 0x00, 0x00, 0x00,
    0x00, 0x00, 0x00, 0x00, 0x00, 0x0b, 0xf2, 0x00,
    0x00, 0x00, 0x00, 0x00, 0x00, 0x00, 0x00, 0x0a,
    0xf2, 0x00, 0x00, 0x00, 0x00, 0x00, 0x00, 0x00,
    0x00, 0x0a, 0xf2, 0x00, 0x00, 0x00, 0x00, 0x00,
    0x31, 0x00, 0x00, 0x0b, 0xf5, 0x34, 0x56, 0x66,
    0x00, 0x00, 0xbf, 0xde, 0xff, 0xff, 0xff, 0xff,
    0xff, 0xff, 0x90, 0x00, 0x5f, 0xeb, 0xa9, 0x8d,
    0xf7, 0x55, 0x43, 0x8f, 0x80, 0x00, 0x3f, 0x90,
    0x00, 0x0b, 0xf2, 0x00, 0x00, 0x8f, 0x60, 0x00,
    0x2f, 0xa0, 0x00, 0x0b, 0xf2, 0x00, 0x00, 0xaf,
    0x40, 0x00, 0x1f, 0xc6, 0x78, 0x9e, 0xfc, 0xcd,
    0xef, 0xff, 0x30, 0x00, 0x0f, 0xff, 0xff, 0xff,
    0xfd, 0xcc, 0xba, 0xff, 0x10, 0x00, 0x0f, 0xd2,
    0x10, 0x0b, 0xf1, 0x00, 0x00, 0xef, 0x00, 0x00,
    0x0f, 0xd0, 0x00, 0x0b, 0xf1, 0x00, 0x00, 0xfd,
    0x00, 0x00, 0x0e, 0xe0, 0x00, 0x0b, 0xf1, 0x00,
    0x00, 0xfc, 0x00, 0x00, 0x0d, 0xf9, 0x9a, 0xbe,
    0xfd, 0xde, 0xff, 0xff, 0x20, 0x25, 0x0d, 0xff,
    0xff, 0xef, 0xfd, 0xcb, 0xaa, 0x98, 0x20, 0x69,
    0x09, 0xf0, 0x00, 0x0c, 0xf1, 0x00, 0x00, 0x00,
    0x00, 0x99, 0x00, 0x00, 0x00, 0x0c, 0xf1, 0x00,
    0x00, 0x00, 0x00, 0xb9, 0x00, 0x00, 0x00, 0x0c,
    0xf1, 0x00, 0x00, 0x00, 0x00, 0xf8, 0x00, 0x00,
    0x00, 0x0b, 0xf4, 0x00, 0x00, 0x00, 0x06, 0xf7,
    0x00, 0x00, 0x00, 0x08, 0xff, 0xed, 0xdd, 0xdd,
    0xff, 0xf2, 0x00, 0x00, 0x00, 0x00, 0xae, 0xff,
    0xff, 0xff, 0xfd, 0x60, 0x00, 0x00, 0x00, 0x00,
    0x00, 0x00, 0x00, 0x00, 0x00, 0x00,

    /* U+76D1 "监" */
    0x00, 0x00, 0x00, 0x02, 0x82, 0x00, 0x02, 0x70,
    0x00, 0x00, 0x00, 0x00, 0x00, 0x00, 0x00, 0x00,
    0xfd, 0x00, 0x04, 0xfe, 0x00, 0x00, 0x00, 0x00,
    0x00, 0x02, 0xc6, 0x00, 0xed, 0x00, 0x05, 0xfd,
    0x00, 0x00, 0x00, 0x00, 0x00, 0x00, 0xee, 0x00,
    0xed, 0x00, 0x09, 0xf9, 0x34, 0x57, 0x93, 0x00,
    0x00, 0x00, 0xde, 0x00, 0xed, 0x00, 0x0e, 0xff,
    0xff, 0xff, 0xfd, 0x00, 0x00, 0x00, 0xee, 0x00,
    0xed, 0x00, 0x4f, 0xb7, 0x65, 0x43, 0x20, 0x00,
    0x00, 0x00, 0xed, 0x00, 0xed, 0x00, 0xaf, 0x15,
    0x10, 0x00, 0x00, 0x00, 0x00, 0x00, 0xfd, 0x00,
    0xed, 0x01, 0xf8, 0x3f, 0xe6, 0x00, 0x00, 0x00,
    0x00, 0x00, 0xfd, 0x00, 0xed, 0x07, 0xe0, 0x05,
    0xff, 0xb1, 0x00, 0x00, 0x00, 0x00, 0xfd, 0x00,
    0xed, 0x0e, 0x50, 0x00, 0x2c, 0xfd, 0x10, 0x00,
    0x00, 0x00, 0xab, 0x00, 0xfd, 0x5a, 0x00, 0x00,
    0x00, 0xbf, 0x40, 0x00, 0x00, 0x00, 0x00, 0x00,
    0xfc, 0x00, 0x00, 0x00, 0x00, 0x03, 0x00, 0x00,
    0x00, 0x00, 0x00, 0x00, 0x36, 0x00, 0x00, 0x00,
    0x00, 0x00, 0x00, 0x00, 0x00, 0x00, 0x6d, 0x99,
    0xaa, 0xbc, 0xcd, 0xef, 0xff, 0xf7, 0x00, 0x00,
    0x00, 0x00, 0x1f, 0xfe, 0xef, 0xfc, 0xbe, 0xf9,
    0x8a, 0xfa, 0x00, 0x00, 0x00, 0x00, 0x0f, 0xd0,
    0x0d, 0xd0, 0x0b, 0xf0, 0x05, 0xf7, 0x00, 0x00,
    0x00, 0x00, 0x0e, 0xe0, 0x0c, 0xe0, 0x0b, 0xf0,
    0x06, 0xf5, 0x00, 0x00, 0x00, 0x00, 0x0d, 0xf0,
    0x0c, 0xe0, 0x0c, 0xe0, 0x08, 0xf3, 0x00, 0x00,
    0x00, 0x00, 0x0b, 0xf0, 0x0b, 0xf0, 0x0c, 0xd0,
    0x09, 0xf2, 0x00, 0x00, 0x00, 0x00, 0x0a, 0xf1,
    0x0b, 0xf0, 0x1d, 0xd3, 0x3c, 0xf5, 0x56, 0x50,
    0x1e, 0xdd, 0xef, 0xff, 0xff, 0xff, 0xff, 0xff,
    0xff, 0xff, 0xff, 0xf5, 0x06, 0xcc, 0xcb, 0xba,
    0xa9, 0x98, 0x88, 0x77, 0x66, 0x55, 0x44, 0x30,

    /* U+76F8 "相" */
    0x00, 0x00, 0x00, 0x00, 0x00, 0x00, 0x00, 0x00,
    0x00, 0x00, 0x00, 0x00, 0x00, 0x00, 0xec, 0x00,
    0x00, 0x00, 0x00, 0x00, 0x00, 0x00, 0x00, 0x00,
    0x00, 0xaf, 0x20, 0x00, 0x00, 0x00, 0x00, 0x00,
    0x00, 0x00, 0x00, 0x00, 0xaf, 0x10, 0x00, 0x20,
    0x00, 0x00, 0x01, 0x10, 0x00, 0x00, 0x00, 0xaf,
    0x10, 0x04, 0xfd, 0xcd, 0xef, 0xff, 0xf3, 0x00,
    0x00, 0x00, 0xaf, 0x10, 0x01, 0xff, 0xdc, 0xa9,
    0x8c, 0xf4, 0x00, 0x00, 0x00, 0xbf, 0x56, 0x71,
    0xfb, 0x00, 0x00, 0x0a, 0xf3, 0x02, 0xee, 0xff,
    0xff, 0xff, 0xfa, 0xfb, 0x00, 0x00, 0x0a, 0xf2,
    0x00, 0x6a, 0x9a, 0xff, 0x42, 0x10, 0xfd, 0x67,
    0x89, 0xae, 0xf2, 0x00, 0x00, 0x08, 0xff, 0x20,
    0x00, 0xff, 0xff, 0xff, 0xff, 0xf2, 0x00, 0x00,
    0x0f, 0xff, 0xf7, 0x00, 0xfd, 0x21, 0x00, 0x0b,
    0xf1, 0x00, 0x00, 0x7f, 0xff, 0xdf, 0x70, 0xfc,
    0x00, 0x00, 0x0b, 0xf1, 0x00, 0x01, 0xfd, 0xcf,
    0x1e, 0xf4, 0xed, 0x00, 0x00, 0x0c, 0xf0, 0x00,
    0x09, 0xf4, 0xcf, 0x03, 0xf6, 0xee, 0x78, 0x9a,
    0xbf, 0xf0, 0x00, 0x3f, 0x90, 0xcf, 0x00, 0x00,
    0xef, 0xff, 0xff, 0xef, 0xf0, 0x00, 0xdb, 0x00,
    0xcf, 0x00, 0x00, 0xee, 0x21, 0x00, 0x0d, 0xf0,
    0x09, 0xc0, 0x00, 0xcf, 0x00, 0x00, 0xde, 0x00,
    0x00, 0x0d, 0xf0, 0x08, 0x00, 0x00, 0xde, 0x00,
    0x00, 0xde, 0x00, 0x00, 0x0d, 0xe0, 0x00, 0x00,
    0x00, 0xde, 0x00, 0x00, 0xdf, 0x89, 0x9a, 0xaf,
    0xf2, 0x00, 0x00, 0x00, 0xde, 0x00, 0x00, 0xdf,
    0xff, 0xff, 0xff, 0xe6, 0x00, 0x00, 0x00, 0xfe,
    0x00, 0x00, 0xef, 0x21, 0x10, 0x00, 0x00, 0x00,
    0x00, 0x00, 0xbc, 0x00, 0x00, 0x8d, 0x00, 0x00,
    0x00, 0x00,

    /* U+786E "确" */
    0x00, 0x00, 0x00, 0x00, 0x00, 0x00, 0x00, 0xa2,
    0x00, 0x00, 0x00, 0x00, 0x00, 0x00, 0x00, 0x00,
    0x00, 0x03, 0xfe, 0x00, 0x00, 0x00, 0x00, 0x00,
    0x00, 0x00, 0x00, 0x00, 0x0a, 0xf8, 0x00, 0x00,
    0x00, 0x01, 0x11, 0x24, 0x56, 0x86, 0x00, 0x3f,
    0xfb, 0xbc, 0xd6, 0x00, 0x0a, 0xff, 0xff, 0xff,
    0xff, 0x30, 0xdf, 0xdc, 0xbe, 0xf9, 0x00, 0x00,
    0x77, 0xaf, 0x92, 0x10, 0x09, 0xf6, 0x00, 0x1f,
    0xd0, 0x00, 0x00, 0x00, 0xaf, 0x30, 0x00, 0x5f,
    0x80, 0x00, 0xbf, 0x53, 0x41, 0x00, 0x00, 0xfd,
    0x00, 0x02, 0xff, 0xee, 0xff, 0xff, 0xff, 0xfe,
    0x00, 0x05, 0xf7, 0x00, 0x0d, 0xaf, 0xc9, 0x8c,
    0xf6, 0x43, 0xee, 0x00, 0x0b, 0xf9, 0x9a, 0x92,
    0x4f, 0x70, 0x09, 0xf1, 0x00, 0xde, 0x00, 0x2f,
    0xff, 0xff, 0xf3, 0x4f, 0x94, 0x4b, 0xf7, 0x78,
    0xfe, 0x00, 0x9f, 0xf1, 0x0a, 0xf2, 0x4f, 0xff,
    0xff, 0xff, 0xff, 0xfe, 0x01, 0xff, 0xf1, 0x0a,
    0xf0, 0x5f, 0x94, 0x3a, 0xf2, 0x00, 0xde, 0x09,
    0xd8, 0xf2, 0x0b, 0xf0, 0x6f, 0x60, 0x09, 0xf1,
    0x00, 0xde, 0x2e, 0x28, 0xf2, 0x0c, 0xe0, 0x7f,
    0x85, 0x6c, 0xf9, 0x9a, 0xfe, 0x33, 0x07, 0xf3,
    0x0c, 0xd0, 0x9f, 0xff, 0xff, 0xff, 0xee, 0xfe,
    0x00, 0x07, 0xff, 0xff, 0xf2, 0xcf, 0x22, 0x19,
    0xf1, 0x00, 0xce, 0x00, 0x08, 0xfb, 0x88, 0x73,
    0xfa, 0x00, 0x09, 0xf1, 0x00, 0xce, 0x00, 0x05,
    0xf3, 0x00, 0x07, 0xf4, 0x00, 0x09, 0xf2, 0x00,
    0xce, 0x00, 0x00, 0x00, 0x00, 0x0e, 0xc0, 0x00,
    0x0a, 0xf9, 0xc5, 0xde, 0x00, 0x00, 0x00, 0x00,
    0x7f, 0x20, 0x00, 0x07, 0xf1, 0x9f, 0xfe, 0x00,
    0x00, 0x00, 0x00, 0xc4, 0x00, 0x00, 0x00, 0x10,
    0x06, 0xe8,

    /* U+793A "示" */
    0x00, 0x00, 0x00, 0x00, 0x01, 0x23, 0x45, 0x67,
    0x94, 0x00, 0x00, 0x00, 0x00, 0xbd, 0xef, 0xff,
    0xff, 0xff, 0xff, 0xff, 0x00, 0x00, 0x00, 0x00,
    0x3c, 0xcb, 0xa9, 0x88, 0x76, 0x54, 0x31, 0x00,
    0x00, 0x00, 0x00, 0x00, 0x00, 0x00, 0x00, 0x00,
    0x00, 0x00, 0x00, 0x00, 0x00, 0x00, 0x00, 0x00,
    0x00, 0x00, 0x00, 0x00, 0x00, 0x00, 0x00, 0x00,
    0x00, 0x00, 0x00, 0x00, 0x00, 0x01, 0x23, 0x45,
    0x67, 0x70, 0x38, 0x88, 0x9a, 0xbc, 0xde, 0xef,
    0xff, 0xff, 0xff, 0xff, 0xf9, 0x2f, 0xff, 0xff,
    0xff, 0xed, 0xff, 0xca, 0x98, 0x87, 0x65, 0x41,
    0x02, 0x32, 0x21, 0x00, 0x00, 0xaf, 0x40, 0x00,
    0x00, 0x00, 0x00, 0x00, 0x00, 0x03, 0x30, 0x00,
    0xaf, 0x40, 0x06, 0x30, 0x00, 0x00, 0x00, 0x00,
    0x0a, 0xf5, 0x00, 0xaf, 0x50, 0x2f, 0xf4, 0x00,
    0x00, 0x00, 0x00, 0x1f, 0xf4, 0x00, 0xaf, 0x50,
    0x06, 0xff, 0x50, 0x00, 0x00, 0x00, 0xbf, 0x80,
    0x00, 0x9f, 0x50, 0x00, 0x6f, 0xf5, 0x00, 0x00,
    0x06, 0xfc, 0x00, 0x00, 0x9f, 0x50, 0x00, 0x06,
    0xff, 0x50, 0x00, 0x2f, 0xd1, 0x00, 0x00, 0x9f,
    0x50, 0x00, 0x00, 0x7f, 0xf3, 0x01, 0xed, 0x10,
    0x00, 0x00, 0x9f, 0x50, 0x00, 0x00, 0x0a, 0xfa,
    0x0c, 0xc1, 0x00, 0x21, 0x00, 0x9f, 0x50, 0x00,
    0x00, 0x00, 0x71, 0x27, 0x00, 0x00, 0x6f, 0xb6,
    0xaf, 0x60, 0x00, 0x00, 0x00, 0x00, 0x00, 0x00,
    0x00, 0x02, 0xbf, 0xff, 0x60, 0x00, 0x00, 0x00,
    0x00, 0x00, 0x00, 0x00, 0x00, 0x05, 0xdd, 0x10,
    0x00, 0x00, 0x00, 0x00,

    /* U+7F51 "网" */
    0x06, 0x20, 0x00, 0x12, 0x34, 0x56, 0x79, 0xab,
    0xcc, 0x60, 0xdf, 0xef, 0xff, 0xff, 0xff, 0xff,
    0xff, 0xfe, 0xfc, 0x0a, 0xfc, 0xa9, 0x87, 0x65,
    0x43, 0x25, 0x10, 0x1f, 0xb0, 0xaf, 0x20, 0x00,
    0x5e, 0x20, 0x00, 0xce, 0x02, 0xfb, 0x0a, 0xf2,
    0x00, 0x05, 0xf5, 0x00, 0x0d, 0xf0, 0x2f, 0xb0,
    0xaf, 0x25, 0x20, 0x7f, 0x6c, 0x10, 0xed, 0x02,
    0xfa, 0x0a, 0xf2, 0xde, 0x1b, 0xf2, 0xfd, 0x2f,
    0x90, 0x2f, 0xa0, 0xaf, 0x23, 0xfb, 0xeb, 0x05,
    0xfe, 0xf6, 0x02, 0xfa, 0x0a, 0xf2, 0x07, 0xff,
    0x60, 0x08, 0xff, 0x10, 0x2f, 0xa0, 0xaf, 0x20,
    0x0c, 0xf3, 0x00, 0x0f, 0xf3, 0x02, 0xfa, 0x0a,
    0xf2, 0x00, 0xef, 0xc0, 0x03, 0xff, 0xe0, 0x3f,
    0xa0, 0xaf, 0x20, 0x5f, 0xbf, 0x60, 0x9e, 0x7f,
    0xa3, 0xf9, 0x0b, 0xf2, 0x0c, 0xb1, 0xee, 0x1f,
    0x80, 0xcf, 0x6f, 0x90, 0xbf, 0x24, 0xf2, 0x06,
    0xc8, 0xe1, 0x02, 0xd6, 0xf9, 0x0b, 0xf2, 0xd7,
    0x00, 0x01, 0xf6, 0x00, 0x00, 0x3f, 0x90, 0xbf,
    0x9b, 0x00, 0x00, 0xac, 0x00, 0x00, 0x03, 0xf9,
    0x0b, 0xf6, 0x00, 0x00, 0x6e, 0x10, 0x03, 0x00,
    0x3f, 0x80, 0xbf, 0x20, 0x00, 0x0a, 0x20, 0x00,
    0x9e, 0x75, 0xf8, 0x0c, 0xf2, 0x00, 0x00, 0x00,
    0x00, 0x00, 0x7f, 0xff, 0x90, 0x6d, 0x10, 0x00,
    0x00, 0x00, 0x00, 0x00, 0x3b, 0xf4,

    /* U+80FD "能" */
    0x00, 0x00, 0x04, 0x00, 0x00, 0x00, 0x73, 0x00,
    0x00, 0x00, 0x00, 0x00, 0x00, 0x1f, 0xa0, 0x00,
    0x00, 0xcf, 0x10, 0x00, 0x00, 0x00, 0x00, 0x00,
    0x6f, 0xc0, 0x00, 0x00, 0xaf, 0x20, 0x00, 0x10,
    0x00, 0x00, 0x00, 0xcf, 0x56, 0x40, 0x00, 0xaf,
    0x20, 0x01, 0xe4, 0x00, 0x00, 0x04, 0xfc, 0x0e,
    0xf5, 0x00, 0xaf, 0x10, 0x4e, 0xf8, 0x00, 0x00,
    0x0d, 0xf3, 0x02, 0xef, 0x40, 0xaf, 0x4a, 0xfd,
    0x60, 0x00, 0x00, 0x8f, 0xc6, 0x89, 0xdf, 0xf2,
    0xbf, 0xfa, 0x40, 0x04, 0x70, 0x8f, 0xff, 0xfd,
    0xb8, 0x66, 0xfb, 0xbf, 0x20, 0x00, 0x08, 0xa0,
    0x04, 0x31, 0x00, 0x01, 0x23, 0x53, 0xbf, 0x10,
    0x00, 0x0c, 0xb0, 0x00, 0xdd, 0xde, 0xff, 0xff,
    0x50, 0x8f, 0xeb, 0xbb, 0xdf, 0x90, 0x00, 0xcf,
    0xff, 0xfe, 0xdf, 0x90, 0x6b, 0xee, 0xfe, 0xda,
    0x10, 0x00, 0xbf, 0x10, 0x00, 0x2f, 0x80, 0xee,
    0x00, 0x00, 0x00, 0x00, 0x00, 0xbf, 0x56, 0x77,
    0x9f, 0x90, 0xcf, 0x00, 0x00, 0x34, 0x00, 0x00,
    0xbf, 0xff, 0xfe, 0xef, 0x90, 0xcf, 0x00, 0x05,
    0xee, 0x00, 0x00, 0xcf, 0x21, 0x00, 0x1f, 0x90,
    0xcf, 0x05, 0xcf, 0xfa, 0x00, 0x00, 0xcf, 0x34,
    0x56, 0x8f, 0x90, 0xcf, 0xff, 0xf9, 0x20, 0x37,
    0x00, 0xcf, 0xff, 0xff, 0xff, 0xa0, 0xcf, 0x94,
    0x00, 0x00, 0x6a, 0x00, 0xdf, 0x43, 0x21, 0x1f,
    0xa0, 0xcf, 0x00, 0x00, 0x00, 0x8a, 0x00, 0xde,
    0x00, 0x00, 0x1f, 0xa0, 0xcf, 0x00, 0x00, 0x00,
    0xba, 0x00, 0xde, 0x00, 0x10, 0x1f, 0xb0, 0xcf,
    0x00, 0x00, 0x02, 0xea, 0x00, 0xee, 0x00, 0xbb,
    0x6f, 0xa0, 0xaf, 0xed, 0xcd, 0xef, 0xf7, 0x00,
    0xb9, 0x00, 0x04, 0xce, 0x40, 0x1b, 0xef, 0xff,
    0xec, 0x70,

    /* U+8BA4 "认" */
    0x00, 0x00, 0x00, 0x00, 0x00, 0x00, 0x00, 0x22,
    0x00, 0x00, 0x00, 0x00, 0x00, 0x00, 0x45, 0x00,
    0x00, 0x00, 0x00, 0x8f, 0x90, 0x00, 0x00, 0x00,
    0x00, 0x00, 0xaf, 0xb1, 0x00, 0x00, 0x00, 0x4f,
    0xc0, 0x00, 0x00, 0x00, 0x00, 0x00, 0x0a, 0xfd,
    0x20, 0x00, 0x00, 0x5f, 0xb0, 0x00, 0x00, 0x00,
    0x00, 0x00, 0x00, 0x7f, 0xe2, 0x00, 0x00, 0x6f,
    0xa0, 0x00, 0x00, 0x00, 0x00, 0x00, 0x00, 0x07,
    0xd1, 0x00, 0x00, 0x7f, 0x90, 0x00, 0x00, 0x00,
    0x00, 0x00, 0x00, 0x00, 0x00, 0x00, 0x00, 0x8f,
    0x70, 0x00, 0x00, 0x00, 0x00, 0x00, 0x00, 0x00,
    0x00, 0x00, 0x00, 0xbf, 0x50, 0x00, 0x00, 0x00,
    0x08, 0x79, 0xbd, 0xc1, 0x00, 0x00, 0x00, 0xdf,
    0x40, 0x00, 0x00, 0x00, 0x0b, 0xff, 0xff, 0xf1,
    0x00, 0x00, 0x00, 0xff, 0x90, 0x00, 0x00, 0x00,
    0x00, 0x11, 0x0b, 0xf0, 0x00, 0x00, 0x03, 0xff,
    0xe0, 0x00, 0x00, 0x00, 0x00, 0x00, 0x0b, 0xf0,
    0x00, 0x00, 0x08, 0xfc, 0xf5, 0x00, 0x00, 0x00,
    0x00, 0x00, 0x0c, 0xf0, 0x00, 0x00, 0x0c, 0xf3,
    0xec, 0x00, 0x00, 0x00, 0x00, 0x00, 0x0c, 0xe0,
    0x00, 0x00, 0x2f, 0xd0, 0x7f, 0x40, 0x00, 0x00,
    0x00, 0x00, 0x0d, 0xe0, 0x00, 0x20, 0x9f, 0x60,
    0x1f, 0xd0, 0x00, 0x00, 0x00, 0x00, 0x0e, 0xd0,
    0x4d, 0x41, 0xfd, 0x00, 0x08, 0xf5, 0x00, 0x00,
    0x00, 0x00, 0x0e, 0xd8, 0xf5, 0x09, 0xf4, 0x00,
    0x00, 0xee, 0x10, 0x00, 0x00, 0x00, 0x1f, 0xff,
    0x60, 0x4f, 0x90, 0x00, 0x00, 0x6f, 0xb0, 0x00,
    0x00, 0x05, 0xff, 0xf6, 0x01, 0xec, 0x00, 0x00,
    0x00, 0x0d, 0xf7, 0x00, 0x00, 0x00, 0x8c, 0x40,
    0x0c, 0xc1, 0x00, 0x00, 0x00, 0x03, 0xff, 0x60,
    0x00, 0x00, 0x00, 0x00, 0xbb, 0x00, 0x00, 0x00,
    0x00, 0x00, 0x8f, 0xf4, 0x00, 0x00, 0x00, 0x08,
    0x60, 0x00, 0x00, 0x00, 0x00, 0x00, 0x0b, 0xd3,

    /* U+8BE6 "详" */
    0x00, 0x00, 0x00, 0x00, 0x00, 0x00, 0x00, 0x00,
    0x03, 0x00, 0x00, 0x00, 0x00, 0x00, 0x00, 0x00,
    0x05, 0x60, 0x00, 0x04, 0xf7, 0x00, 0x00, 0x00,
    0x0a, 0x30, 0x00, 0x00, 0xaf, 0x60, 0x00, 0x8f,
    0x70, 0x00, 0x00, 0x01, 0xef, 0x40, 0x00, 0x00,
    0xdf, 0x40, 0x1f, 0xd0, 0x00, 0x00, 0x00, 0x02,
    0xef, 0x40, 0x00, 0x02, 0xfe, 0x09, 0xf3, 0x00,
    0x00, 0x00, 0x00, 0x03, 0xff, 0x30, 0x00, 0x06,
    0xc5, 0xfa, 0x57, 0x81, 0x00, 0x00, 0x00, 0x06,
    0xf7, 0x1e, 0xde, 0xff, 0xff, 0xff, 0xff, 0xb0,
    0x00, 0x00, 0x00, 0x02, 0x00, 0x6a, 0x98, 0x9f,
    0xb5, 0x43, 0x20, 0x00, 0x00, 0x00, 0x00, 0x00,
    0x00, 0x00, 0x03, 0xf9, 0x00, 0x00, 0x00, 0x08,
    0x9a, 0xce, 0xe2, 0x00, 0x00, 0x00, 0x3f, 0xa2,
    0x35, 0x10, 0x00, 0x7f, 0xfe, 0xef, 0x20, 0x04,
    0xff, 0xff, 0xff, 0xff, 0xfe, 0x00, 0x00, 0x00,
    0x09, 0xf0, 0x00, 0x07, 0x98, 0x9f, 0xc6, 0x54,
    0x20, 0x00, 0x00, 0x00, 0xaf, 0x00, 0x00, 0x00,
    0x03, 0xf9, 0x00, 0x00, 0x00, 0x00, 0x00, 0x0b,
    0xf0, 0x00, 0x00, 0x00, 0x4f, 0xa3, 0x45, 0x68,
    0x50, 0x00, 0x00, 0xbe, 0x01, 0xff, 0xff, 0xff,
    0xff, 0xff, 0xff, 0xff, 0x30, 0x00, 0x0c, 0xd0,
    0x07, 0xaa, 0x98, 0xaf, 0xc6, 0x65, 0x54, 0x30,
    0x00, 0x00, 0xcd, 0x06, 0xc0, 0x00, 0x03, 0xf9,
    0x00, 0x00, 0x00, 0x00, 0x00, 0x0d, 0xdb, 0xe2,
    0x00, 0x00, 0x4f, 0x90, 0x00, 0x00, 0x00, 0x00,
    0x03, 0xef, 0xe3, 0x00, 0x00, 0x04, 0xf9, 0x00,
    0x00, 0x00, 0x00, 0x03, 0xff, 0xe3, 0x00, 0x00,
    0x00, 0x4f, 0x90, 0x00, 0x00, 0x00, 0x00, 0x02,
    0x61, 0x00, 0x00, 0x00, 0x06, 0xf9, 0x00, 0x00,
    0x00, 0x00, 0x00, 0x00, 0x00, 0x00, 0x00, 0x00,
    0x3e, 0x70, 0x00, 0x00, 0x00,

    /* U+8C37 "谷" */
    0x00, 0x00, 0x00, 0x01, 0xb2, 0x00, 0x05, 0xc2,
    0x00, 0x00, 0x00, 0x00, 0x00, 0x00, 0x00, 0x05,
    0xfc, 0x00, 0x06, 0xff, 0x40, 0x00, 0x00, 0x00,
    0x00, 0x00, 0x00, 0x0d, 0xf5, 0x00, 0x00, 0x5f,
    0xf6, 0x00, 0x00, 0x00, 0x00, 0x00, 0x00, 0x9f,
    0x80, 0x0e, 0xb0, 0x04, 0xff, 0x70, 0x00, 0x00,
    0x00, 0x00, 0x06, 0xfb, 0x00, 0x2f, 0xf1, 0x00,
    0x3f, 0xf8, 0x00, 0x00, 0x00, 0x00, 0x5f, 0xa0,
    0x00, 0xbf, 0xb0, 0x00, 0x04, 0xff, 0x70, 0x00,
    0x00, 0x04, 0xf9, 0x00, 0x05, 0xff, 0xf8, 0x00,
    0x00, 0x4f, 0x60, 0x00, 0x00, 0x4e, 0x50, 0x00,
    0x2f, 0xf3, 0xaf, 0x90, 0x00, 0x00, 0x00, 0x00,
    0x00, 0x10, 0x00, 0x01, 0xdf, 0x60, 0x0a, 0xfa,
    0x00, 0x00, 0x00, 0x00, 0x00, 0x00, 0x00, 0x0c,
    0xf9, 0x00, 0x00, 0xaf, 0xc1, 0x00, 0x00, 0x00,
    0x00, 0x00, 0x00, 0xbf, 0x90, 0x00, 0x00, 0x09,
    0xfe, 0x30, 0x00, 0x00, 0x00, 0x00, 0x0b, 0xf8,
    0x00, 0x00, 0x00, 0x00, 0x6f, 0xf8, 0x00, 0x00,
    0x00, 0x02, 0xdf, 0xf9, 0x89, 0x9a, 0xbc, 0xdd,
    0xda, 0xef, 0xd4, 0x00, 0x00, 0x4e, 0xc3, 0xff,
    0xff, 0xff, 0xfe, 0xdd, 0xfd, 0x1c, 0xff, 0xb1,
    0x09, 0xe7, 0x00, 0xee, 0x21, 0x00, 0x00, 0x04,
    0xfb, 0x00, 0x6f, 0xe2, 0x57, 0x10, 0x00, 0xdf,
    0x00, 0x00, 0x00, 0x06, 0xf8, 0x00, 0x01, 0x10,
    0x00, 0x00, 0x00, 0xcf, 0x00, 0x00, 0x00, 0x07,
    0xf6, 0x00, 0x00, 0x00, 0x00, 0x00, 0x00, 0xbf,
    0x20, 0x00, 0x00, 0x08, 0xf5, 0x00, 0x00, 0x00,
    0x00, 0x00, 0x00, 0xaf, 0xa9, 0x9a, 0xab, 0xbe,
    0xf7, 0x00, 0x00, 0x00, 0x00, 0x00, 0x00, 0xaf,
    0xff, 0xff, 0xff, 0xff, 0xeb, 0x00, 0x00, 0x00,
    0x00, 0x00, 0x00, 0x7e, 0x51, 0x10, 0x00, 0x00,
    0x00, 0x00, 0x00, 0x00,

    /* U+8D1F "负" */
    0x00, 0x00, 0x00, 0x00, 0xa7, 0x00, 0x00, 0x00,
    0x00, 0x00, 0x00, 0x00, 0x00, 0x02, 0xff, 0x30,
    0x00, 0x00, 0x00, 0x00, 0x00, 0x00, 0x00, 0x1d,
    0xfa, 0x00, 0x12, 0x10, 0x00, 0x00, 0x00, 0x00,
    0x00, 0xbf, 0xff, 0xff, 0xff, 0xf4, 0x00, 0x00,
    0x00, 0x00, 0x0a, 0xfc, 0xa9, 0x98, 0xaf, 0xf2,
    0x00, 0x00, 0x00, 0x00, 0xaf, 0x90, 0x00, 0x02,
    0xef, 0x40, 0x00, 0x00, 0x00, 0x0a, 0xf7, 0x00,
    0x00, 0x2e, 0xf5, 0x00, 0x00, 0x00, 0x01, 0xcf,
    0x90, 0x00, 0x13, 0xef, 0xa6, 0x78, 0x82, 0x00,
    0x1d, 0xa5, 0xff, 0xff, 0xff, 0xff, 0xff, 0xff,
    0xfb, 0x00, 0x23, 0x00, 0xff, 0xa9, 0x87, 0x76,
    0x54, 0x35, 0xf9, 0x00, 0x00, 0x00, 0xed, 0x00,
    0x03, 0x72, 0x00, 0x04, 0xf8, 0x00, 0x00, 0x00,
    0xde, 0x00, 0x05, 0xfc, 0x00, 0x05, 0xf6, 0x00,
    0x00, 0x00, 0xcf, 0x00, 0x02, 0xfb, 0x00, 0x06,
    0xf5, 0x00, 0x00, 0x00, 0xaf, 0x10, 0x03, 0xfa,
    0x00, 0x07, 0xf4, 0x00, 0x00, 0x00, 0x9f, 0x20,
    0x05, 0xf8, 0x00, 0x08, 0xf3, 0x00, 0x00, 0x00,
    0x8f, 0x30, 0x08, 0xf4, 0x00, 0x09, 0xf2, 0x00,
    0x00, 0x00, 0x8f, 0x40, 0x1e, 0xe0, 0x00, 0x0b,
    0xf1, 0x00, 0x00, 0x00, 0x8f, 0x50, 0xbf, 0x70,
    0xb9, 0x36, 0xd0, 0x00, 0x00, 0x00, 0x06, 0x2b,
    0xfa, 0x00, 0xbf, 0xfc, 0x50, 0x00, 0x00, 0x00,
    0x07, 0xef, 0x80, 0x00, 0x03, 0x9f, 0xfd, 0x50,
    0x00, 0x39, 0xef, 0xb3, 0x00, 0x00, 0x00, 0x01,
    0x9f, 0xfa, 0x05, 0xeb, 0x71, 0x00, 0x00, 0x00,
    0x00, 0x00, 0x02, 0xb8,

    /* U+8F7D "载" */
    0x00, 0x00, 0x00, 0x20, 0x00, 0x04, 0x72, 0x00,
    0x00, 0x00, 0x00, 0x00, 0x00, 0x00, 0x0c, 0xf1,
    0x00, 0x2f, 0xc0, 0x00, 0x00, 0x00, 0x00, 0x00,
    0x00, 0x00, 0x8f, 0x20, 0x00, 0xde, 0x2f, 0xa0,
    0x00, 0x00, 0x00, 0x01, 0x44, 0x5b, 0xfa, 0xac,
    0x5b, 0xf0, 0xaf, 0xd1, 0x00, 0x00, 0x00, 0x2f,
    0xff, 0xff, 0xfe, 0xd9, 0xaf, 0x10, 0x8f, 0xc0,
    0x00, 0x00, 0x00, 0x13, 0x29, 0xf2, 0x00, 0x08,
    0xf2, 0x00, 0xaa, 0x00, 0x00, 0x00, 0x00, 0x12,
    0xaf, 0x66, 0x78, 0xcf, 0xcb, 0xcd, 0xff, 0xd0,
    0x05, 0xff, 0xff, 0xff, 0xff, 0xff, 0xff, 0xff,
    0xcc, 0xba, 0x97, 0x00, 0x07, 0x87, 0x7a, 0xf6,
    0x32, 0x10, 0x0f, 0xb0, 0x00, 0x00, 0x00, 0x00,
    0x00, 0x00, 0x6f, 0x60, 0x00, 0x10, 0xde, 0x00,
    0x00, 0x00, 0x00, 0x00, 0xa9, 0xad, 0xfd, 0xde,
    0xff, 0x59, 0xf2, 0x00, 0xe5, 0x00, 0x00, 0x09,
    0xde, 0xfd, 0xa9, 0x87, 0x72, 0x5f, 0x60, 0x3f,
    0xc0, 0x00, 0x00, 0x00, 0xaf, 0x4b, 0x40, 0x00,
    0x01, 0xfb, 0x0b, 0xf6, 0x00, 0x00, 0x00, 0x3f,
    0x80, 0xed, 0x25, 0x40, 0x0c, 0xf5, 0xfc, 0x00,
    0x00, 0x00, 0x0c, 0xfd, 0xdf, 0xff, 0xff, 0x20,
    0x6f, 0xff, 0x20, 0x00, 0x00, 0x01, 0xee, 0xcb,
    0xfd, 0x53, 0x10, 0x00, 0xff, 0x60, 0x00, 0x51,
    0x00, 0x00, 0x00, 0x0e, 0xc3, 0x7b, 0x60, 0x5f,
    0xf8, 0x00, 0x0c, 0x30, 0x00, 0x03, 0x58, 0xff,
    0xf9, 0x30, 0x3f, 0xbd, 0xf2, 0x01, 0xf2, 0x0d,
    0xef, 0xff, 0xff, 0xc0, 0x00, 0x1e, 0xd0, 0x4f,
    0xd1, 0x5f, 0x10, 0x9f, 0xea, 0x61, 0xeb, 0x00,
    0x1d, 0xc1, 0x00, 0x8f, 0xcb, 0xf0, 0x00, 0x10,
    0x00, 0x0f, 0xb0, 0x1d, 0xb0, 0x00, 0x00, 0xbf,
    0xfc, 0x00, 0x00, 0x00, 0x00, 0xb9, 0x0a, 0x80,
    0x00, 0x00, 0x00, 0x8f, 0x60,

    /* U+8FC7 "过" */
    0x00, 0x00, 0x00, 0x00, 0x00, 0x00, 0x00, 0x00,
    0x40, 0x00, 0x00, 0x00, 0x00, 0x00, 0x00, 0x00,
    0x00, 0x00, 0x00, 0x01, 0xfe, 0x00, 0x00, 0x00,
    0x00, 0x5d, 0x40, 0x00, 0x00, 0x00, 0x00, 0x00,
    0xcf, 0x10, 0x00, 0x00, 0x00, 0x3f, 0xf5, 0x00,
    0x00, 0x00, 0x00, 0x00, 0xbf, 0x10, 0x00, 0x00,
    0x00, 0x03, 0xff, 0x40, 0x00, 0x00, 0x00, 0x00,
    0xbf, 0x10, 0x00, 0x00, 0x00, 0x00, 0x5f, 0xf2,
    0x00, 0x00, 0x12, 0x34, 0xcf, 0x9a, 0xd2, 0x00,
    0x00, 0x00, 0x07, 0xf4, 0xef, 0xff, 0xff, 0xff,
    0xff, 0xff, 0xfa, 0x00, 0x00, 0x00, 0x00, 0x10,
    0x5c, 0xba, 0x98, 0x76, 0xdf, 0x53, 0x20, 0x00,
    0x07, 0x89, 0xac, 0xd4, 0x00, 0x43, 0x00, 0x00,
    0xbf, 0x20, 0x00, 0x00, 0x09, 0xff, 0xff, 0xf6,
    0x00, 0xff, 0x40, 0x00, 0xbf, 0x20, 0x00, 0x00,
    0x00, 0x21, 0x5f, 0xa0, 0x00, 0x5f, 0xf3, 0x00,
    0xbf, 0x20, 0x00, 0x00, 0x00, 0x01, 0xed, 0x00,
    0x00, 0x07, 0xfe, 0x10, 0xbf, 0x20, 0x00, 0x00,
    0x00, 0x08, 0xf3, 0x00, 0x00, 0x00, 0xbf, 0xa0,
    0xbf, 0x20, 0x00, 0x00, 0x00, 0x08, 0xfd, 0x30,
    0x00, 0x00, 0x1d, 0x60, 0xaf, 0x20, 0x00, 0x00,
    0x00, 0x00, 0x7f, 0xf3, 0x00, 0x00, 0x00, 0x00,
    0xaf, 0x20, 0x00, 0x00, 0x00, 0x00, 0x08, 0xf7,
    0x00, 0x00, 0xa8, 0x10, 0xaf, 0x20, 0x00, 0x00,
    0x00, 0x00, 0x6f, 0xe1, 0x00, 0x00, 0x2e, 0xfa,
    0xcf, 0x20, 0x00, 0x00, 0x00, 0x27, 0xff, 0x30,
    0x00, 0x00, 0x01, 0xbf, 0xff, 0x20, 0x00, 0x00,
    0x3f, 0xff, 0xff, 0xfd, 0xa7, 0x41, 0x00, 0x05,
    0xdb, 0x00, 0x00, 0x00, 0x2c, 0x96, 0x57, 0xad,
    0xff, 0xff, 0xeb, 0x96, 0x42, 0x00, 0x00, 0x00,
    0x00, 0x00, 0x00, 0x00, 0x14, 0x7a, 0xdf, 0xff,
    0xff, 0xff, 0xed, 0xc0, 0x00, 0x00, 0x00, 0x00,
    0x00, 0x00, 0x00, 0x36, 0x8b, 0xde, 0xff, 0x80,
    0x00, 0x00, 0x00, 0x00, 0x00, 0x00, 0x00, 0x00,
    0x00, 0x00, 0x00, 0x00,

    /* U+8FDE "连" */
    0x00, 0x00, 0x00, 0x00, 0x00, 0x00, 0x01, 0x00,
    0x00, 0x00, 0x00, 0x00, 0x00, 0x01, 0x00, 0x00,
    0x00, 0x00, 0x0b, 0xd1, 0x00, 0x00, 0x00, 0x00,
    0x00, 0x6f, 0x70, 0x00, 0x00, 0x00, 0x0d, 0xf1,
    0x00, 0x00, 0x00, 0x00, 0x00, 0x1d, 0xf9, 0x00,
    0x00, 0x00, 0x2f, 0xb0, 0x00, 0x00, 0x00, 0x00,
    0x00, 0x01, 0xdf, 0x90, 0x66, 0x67, 0xbf, 0xc9,
    0xaa, 0xbc, 0xd5, 0x00, 0x00, 0x00, 0x2e, 0xf5,
    0x9f, 0xff, 0xff, 0xff, 0xed, 0xdc, 0xb8, 0x00,
    0x00, 0x00, 0x03, 0xb1, 0x02, 0x27, 0xf7, 0x00,
    0x00, 0x00, 0x00, 0x00, 0x00, 0x00, 0x00, 0x00,
    0x00, 0x0c, 0xf1, 0x8f, 0x50, 0x00, 0x00, 0x00,
    0x08, 0x9a, 0xce, 0xf7, 0x00, 0x3f, 0xa0, 0x4f,
    0x80, 0x00, 0x00, 0x00, 0x07, 0xff, 0xef, 0xf6,
    0x00, 0xaf, 0x63, 0x7f, 0xb7, 0x88, 0x00, 0x00,
    0x00, 0x00, 0x6f, 0xa0, 0x00, 0xff, 0xff, 0xff,
    0xff, 0xff, 0x40, 0x00, 0x00, 0x02, 0xfd, 0x00,
    0x00, 0x89, 0x76, 0x8f, 0x93, 0x20, 0x00, 0x00,
    0x00, 0x09, 0xf4, 0x00, 0x00, 0x00, 0x00, 0x4f,
    0x70, 0x00, 0x00, 0x00, 0x00, 0x06, 0xfe, 0x50,
    0x54, 0x55, 0x67, 0xaf, 0xca, 0xab, 0xce, 0x60,
    0x00, 0x00, 0x4e, 0xf5, 0xcf, 0xff, 0xff, 0xff,
    0xff, 0xfe, 0xdd, 0x90, 0x00, 0x00, 0x08, 0xf8,
    0x14, 0x43, 0x22, 0x6f, 0x70, 0x00, 0x00, 0x00,
    0x00, 0x00, 0x6f, 0xd1, 0x00, 0x00, 0x00, 0x6f,
    0x70, 0x00, 0x00, 0x00, 0x00, 0x07, 0xfe, 0x20,
    0x00, 0x00, 0x00, 0x7f, 0x70, 0x00, 0x00, 0x00,
    0x1d, 0xff, 0xff, 0xfc, 0x96, 0x30, 0x00, 0x3e,
    0x50, 0x00, 0x00, 0x00, 0x1e, 0xc8, 0x78, 0xbe,
    0xff, 0xff, 0xdb, 0x86, 0x32, 0x00, 0x00, 0x00,
    0x00, 0x00, 0x00, 0x00, 0x25, 0x8c, 0xff, 0xff,
    0xff, 0xfe, 0xdd, 0xc1, 0x00, 0x00, 0x00, 0x00,
    0x00, 0x00, 0x02, 0x47, 0x9b, 0xde, 0xff, 0xb0,
    0x00, 0x00, 0x00, 0x00, 0x00, 0x00, 0x00, 0x00,
    0x00, 0x00, 0x00, 0x00,

    /* U+91CF "量" */
    0x00, 0x00, 0x89, 0x56, 0x78, 0x9a, 0xbb, 0xcd,
    0xd4, 0x00, 0x00, 0x00, 0x00, 0x6f, 0xff, 0xfe,
    0xdc, 0xba, 0x9c, 0xf6, 0x00, 0x00, 0x00, 0x00,
    0x2f, 0x92, 0x23, 0x45, 0x67, 0x8c, 0xf4, 0x00,
    0x00, 0x00, 0x00, 0x1f, 0xff, 0xff, 0xff, 0xed,
    0xde, 0xf1, 0x00, 0x00, 0x00, 0x00, 0x0f, 0xc3,
    0x21, 0x00, 0x11, 0x2d, 0xf0, 0x00, 0x00, 0x00,
    0x00, 0x0e, 0xfd, 0xde, 0xff, 0xff, 0xff, 0xf4,
    0x00, 0x00, 0x00, 0x00, 0x0c, 0xf9, 0x87, 0x66,
    0x54, 0x33, 0x32, 0x34, 0x40, 0x07, 0x67, 0x89,
    0xba, 0xbc, 0xcd, 0xef, 0xff, 0xff, 0xff, 0xf4,
    0x0c, 0xff, 0xff, 0xed, 0xdc, 0xba, 0x99, 0x87,
    0x66, 0x54, 0x30, 0x00, 0x10, 0x87, 0x55, 0x67,
    0x89, 0x9a, 0xbc, 0xc8, 0x00, 0x00, 0x00, 0x00,
    0x9f, 0xff, 0xfe, 0xff, 0xcb, 0xaa, 0xfc, 0x00,
    0x00, 0x00, 0x00, 0x7f, 0x41, 0x23, 0xfd, 0x45,
    0x68, 0xf9, 0x00, 0x00, 0x00, 0x00, 0x5f, 0xff,
    0xff, 0xff, 0xff, 0xee, 0xf7, 0x00, 0x00, 0x00,
    0x00, 0x4f, 0x93, 0x32, 0xfb, 0x00, 0x06, 0xf4,
    0x00, 0x00, 0x00, 0x00, 0x3f, 0xdc, 0xdd, 0xff,
    0xff, 0xff, 0xf8, 0x00, 0x00, 0x00, 0x00, 0x2f,
    0xc9, 0x87, 0xfd, 0x65, 0x54, 0x41, 0x00, 0x00,
    0x00, 0x00, 0x68, 0x77, 0x78, 0xfe, 0x99, 0x9a,
    0xca, 0x00, 0x00, 0x00, 0x00, 0x7f, 0xff, 0xff,
    0xff, 0xdd, 0xcc, 0xba, 0x10, 0x00, 0x00, 0x00,
    0x00, 0x00, 0x00, 0xfb, 0x00, 0x00, 0x00, 0x00,
    0x00, 0x07, 0x55, 0x66, 0x67, 0x78, 0xfd, 0x89,
    0x9a, 0xab, 0xbc, 0xc2, 0x0b, 0xff, 0xff, 0xff,
    0xff, 0xff, 0xff, 0xfe, 0xee, 0xdd, 0xd5, 0x00,
    0x22, 0x21, 0x11, 0x00, 0x00, 0x00, 0x00, 0x00,
    0x00, 0x00,

    /* U+9875 "页" */
    0x00, 0x00, 0x00, 0x00, 0x00, 0x00, 0x12, 0x34,
    0x57, 0x92, 0x77, 0x89, 0xab, 0xcd, 0xef, 0xff,
    0xff, 0xff, 0xff, 0xfd, 0x6f, 0xff, 0xfe, 0xdc,
    0xdf, 0xd8, 0x76, 0x54, 0x32, 0x10, 0x01, 0x10,
    0x00, 0x00, 0x9f, 0x90, 0x00, 0x00, 0x00, 0x00,
    0x00, 0x00, 0x00, 0x01, 0xfe, 0x10, 0x00, 0x00,
    0x00, 0x00, 0x00, 0x07, 0xd7, 0x6b, 0xfd, 0xab,
    0xcd, 0xed, 0x30, 0x00, 0x00, 0x03, 0xff, 0xff,
    0xff, 0xfe, 0xdc, 0xdf, 0x60, 0x00, 0x00, 0x01,
    0xfb, 0x21, 0x00, 0x00, 0x00, 0x8f, 0x40, 0x00,
    0x00, 0x01, 0xfb, 0x00, 0x19, 0x50, 0x00, 0x9f,
    0x30, 0x00, 0x00, 0x00, 0xfb, 0x00, 0x0e, 0xf1,
    0x00, 0xaf, 0x20, 0x00, 0x00, 0x00, 0xfc, 0x00,
    0x0c, 0xf1, 0x00, 0xaf, 0x10, 0x00, 0x00, 0x00,
    0xed, 0x00, 0x0d, 0xf0, 0x00, 0xbf, 0x00, 0x00,
    0x00, 0x00, 0xde, 0x00, 0x0f, 0xe0, 0x00, 0xcf,
    0x00, 0x00, 0x00, 0x00, 0xcf, 0x00, 0x1f, 0xb0,
    0x00, 0xce, 0x00, 0x00, 0x00, 0x00, 0xbf, 0x00,
    0x6f, 0x70, 0x00, 0xed, 0x00, 0x00, 0x00, 0x00,
    0xcf, 0x00, 0xcf, 0x20, 0x00, 0xfc, 0x00, 0x00,
    0x00, 0x00, 0x9f, 0x17, 0xf9, 0x0d, 0xe7, 0x44,
    0x00, 0x00, 0x00, 0x00, 0x01, 0x8f, 0xc0, 0x06,
    0xef, 0xf8, 0x00, 0x00, 0x00, 0x00, 0x3c, 0xf9,
    0x00, 0x00, 0x07, 0xff, 0xe6, 0x00, 0x00, 0x4b,
    0xfb, 0x40, 0x00, 0x00, 0x00, 0x19, 0xff, 0xb0,
    0x0a, 0xd8, 0x20, 0x00, 0x00, 0x00, 0x00, 0x00,
    0x3c, 0x90,

    /* U+9891 "频" */
    0x00, 0x00, 0x00, 0x5a, 0x30, 0x00, 0x00, 0x00,
    0x00, 0x00, 0x00, 0x00, 0x00, 0x00, 0x00, 0x2f,
    0x90, 0x00, 0x00, 0x00, 0x00, 0x23, 0x46, 0x20,
    0x00, 0x00, 0x00, 0x1f, 0x90, 0x03, 0xdc, 0xde,
    0xff, 0xff, 0xff, 0xe0, 0x00, 0x0a, 0xe3, 0x1f,
    0x90, 0x31, 0x8b, 0xa9, 0xef, 0x75, 0x43, 0x20,
    0x00, 0x05, 0xf5, 0x1f, 0xff, 0xfe, 0x00, 0x00,
    0xef, 0x10, 0x00, 0x00, 0x00, 0x03, 0xf6, 0x1f,
    0xb5, 0x42, 0x01, 0x06, 0xf6, 0x00, 0x10, 0x00,
    0x00, 0x03, 0xf6, 0x1f, 0x80, 0x00, 0x1f, 0xcf,
    0xfe, 0xff, 0xf9, 0x00, 0x00, 0x02, 0xf6, 0x1f,
    0x93, 0x47, 0x2d, 0xfb, 0xa9, 0x87, 0xfb, 0x00,
    0x0d, 0xde, 0xff, 0xff, 0xff, 0xed, 0x9d, 0xe0,
    0x77, 0x00, 0xfb, 0x00, 0x02, 0x54, 0x92, 0x5f,
    0x70, 0x44, 0x0c, 0xe0, 0x9f, 0x40, 0xfa, 0x00,
    0x00, 0x01, 0xfa, 0x4f, 0x60, 0xaf, 0x2c, 0xe0,
    0x8f, 0x31, 0xf9, 0x00, 0x00, 0x06, 0xf9, 0x4f,
    0x60, 0xef, 0x0c, 0xf0, 0x9f, 0x31, 0xf9, 0x00,
    0x00, 0x0c, 0xf1, 0x4f, 0x63, 0xfa, 0x0b, 0xf0,
    0x9f, 0x21, 0xf8, 0x00, 0x00, 0x4f, 0x60, 0x5f,
    0x6a, 0xf4, 0x0b, 0xf0, 0xbf, 0x02, 0xf8, 0x00,
    0x00, 0xdb, 0x00, 0x4f, 0x9f, 0xc0, 0x0b, 0xf0,
    0xde, 0x02, 0xf7, 0x00, 0x08, 0xc1, 0x00, 0x03,
    0xef, 0x30, 0x0a, 0xf2, 0xfb, 0x03, 0xf6, 0x00,
    0x06, 0x00, 0x00, 0x09, 0xf8, 0x00, 0x0b, 0xf8,
    0xf6, 0x64, 0xf6, 0x00, 0x00, 0x00, 0x00, 0x8f,
    0xb0, 0x00, 0x01, 0x7e, 0xe3, 0xfd, 0x61, 0x00,
    0x00, 0x00, 0x09, 0xfb, 0x00, 0x00, 0x00, 0xbf,
    0x40, 0x4f, 0xe2, 0x00, 0x00, 0x02, 0xcf, 0x80,
    0x00, 0x00, 0x0b, 0xf5, 0x00, 0x03, 0xfe, 0x20,
    0x00, 0x7f, 0xc3, 0x00, 0x00, 0x03, 0xdd, 0x30,
    0x00, 0x00, 0x4f, 0xe0, 0x0b, 0xb4, 0x00, 0x00,
    0x00, 0x2d, 0x60, 0x00, 0x00, 0x00, 0x05, 0x90
};

/*---------------------
 *  GLYPH DESCRIPTION
 *--------------------*/

static const lv_font_fmt_txt_glyph_dsc_t glyph_dsc[] = {
    {.bitmap_index = 0, .adv_w = 0, .box_w = 0, .box_h = 0, .ofs_x = 0, .ofs_y = 0} /* id = 0 reserved */,
    {.bitmap_index = 0, .adv_w = 192, .box_w = 0, .box_h = 0, .ofs_x = 0, .ofs_y = 0},
    {.bitmap_index = 0, .adv_w = 192, .box_w = 4, .box_h = 18, .ofs_x = 4, .ofs_y = 0},
    {.bitmap_index = 36, .adv_w = 192, .box_w = 6, .box_h = 7, .ofs_x = 3, .ofs_y = 11},
    {.bitmap_index = 57, .adv_w = 192, .box_w = 12, .box_h = 18, .ofs_x = 0, .ofs_y = 0},
    {.bitmap_index = 165, .adv_w = 192, .box_w = 12, .box_h = 23, .ofs_x = 0, .ofs_y = -3},
    {.bitmap_index = 303, .adv_w = 192, .box_w = 12, .box_h = 19, .ofs_x = 0, .ofs_y = 0},
    {.bitmap_index = 417, .adv_w = 192, .box_w = 12, .box_h = 18, .ofs_x = 0, .ofs_y = 0},
    {.bitmap_index = 525, .adv_w = 192, .box_w = 4, .box_h = 7, .ofs_x = 4, .ofs_y = 11},
    {.bitmap_index = 539, .adv_w = 192, .box_w = 7, .box_h = 24, .ofs_x = 3, .ofs_y = -4},
    {.bitmap_index = 623, .adv_w = 192, .box_w = 7, .box_h = 24, .ofs_x = 2, .ofs_y = -4},
    {.bitmap_index = 707, .adv_w = 192, .box_w = 11, .box_h = 15, .ofs_x = 1, .ofs_y = 1},
    {.bitmap_index = 790, .adv_w = 192, .box_w = 11, .box_h = 13, .ofs_x = 0, .ofs_y = 2},
    {.bitmap_index = 862, .adv_w = 192, .box_w = 5, .box_h = 7, .ofs_x = 3, .ofs_y = -3},
    {.bitmap_index = 880, .adv_w = 192, .box_w = 9, .box_h = 2, .ofs_x = 2, .ofs_y = 7},
    {.bitmap_index = 889, .adv_w = 192, .box_w = 4, .box_h = 4, .ofs_x = 4, .ofs_y = 0},
    {.bitmap_index = 897, .adv_w = 192, .box_w = 12, .box_h = 22, .ofs_x = 0, .ofs_y = -2},
    {.bitmap_index = 1029, .adv_w = 192, .box_w = 12, .box_h = 18, .ofs_x = 0, .ofs_y = 0},
    {.bitmap_index = 1137, .adv_w = 192, .box_w = 10, .box_h = 18, .ofs_x = 1, .ofs_y = 0},
    {.bitmap_index = 1227, .adv_w = 192, .box_w = 12, .box_h = 18, .ofs_x = 0, .ofs_y = 0},
    {.bitmap_index = 1335, .adv_w = 192, .box_w = 12, .box_h = 18, .ofs_x = 0, .ofs_y = 0},
    {.bitmap_index = 1443, .adv_w = 192, .box_w = 12, .box_h = 18, .ofs_x = 0, .ofs_y = 0},
    {.bitmap_index = 1551, .adv_w = 192, .box_w = 12, .box_h = 17, .ofs_x = 0, .ofs_y = 0},
    {.bitmap_index = 1653, .adv_w = 192, .box_w = 12, .box_h = 18, .ofs_x = 0, .ofs_y = 0},
    {.bitmap_index = 1761, .adv_w = 192, .box_w = 11, .box_h = 17, .ofs_x = 1, .ofs_y = 0},
    {.bitmap_index = 1855, .adv_w = 192, .box_w = 12, .box_h = 18, .ofs_x = 0, .ofs_y = 0},
    {.bitmap_index = 1963, .adv_w = 192, .box_w = 12, .box_h = 18, .ofs_x = 0, .ofs_y = 0},
    {.bitmap_index = 2071, .adv_w = 192, .box_w = 4, .box_h = 13, .ofs_x = 4, .ofs_y = 2},
    {.bitmap_index = 2097, .adv_w = 192, .box_w = 4, .box_h = 15, .ofs_x = 4, .ofs_y = 0},
    {.bitmap_index = 2127, .adv_w = 192, .box_w = 10, .box_h = 13, .ofs_x = 1, .ofs_y = 2},
    {.bitmap_index = 2192, .adv_w = 192, .box_w = 10, .box_h = 6, .ofs_x = 1, .ofs_y = 5},
    {.bitmap_index = 2222, .adv_w = 192, .box_w = 10, .box_h = 13, .ofs_x = 1, .ofs_y = 2},
    {.bitmap_index = 2287, .adv_w = 192, .box_w = 10, .box_h = 18, .ofs_x = 1, .ofs_y = 0},
    {.bitmap_index = 2377, .adv_w = 192, .box_w = 12, .box_h = 18, .ofs_x = 0, .ofs_y = 0},
    {.bitmap_index = 2485, .adv_w = 192, .box_w = 12, .box_h = 18, .ofs_x = 0, .ofs_y = 0},
    {.bitmap_index = 2593, .adv_w = 192, .box_w = 12, .box_h = 18, .ofs_x = 0, .ofs_y = 0},
    {.bitmap_index = 2701, .adv_w = 192, .box_w = 12, .box_h = 18, .ofs_x = 0, .ofs_y = 0},
    {.bitmap_index = 2809, .adv_w = 192, .box_w = 12, .box_h = 18, .ofs_x = 0, .ofs_y = 0},
    {.bitmap_index = 2917, .adv_w = 192, .box_w = 12, .box_h = 18, .ofs_x = 0, .ofs_y = 0},
    {.bitmap_index = 3025, .adv_w = 192, .box_w = 10, .box_h = 17, .ofs_x = 1, .ofs_y = 0},
    {.bitmap_index = 3110, .adv_w = 192, .box_w = 12, .box_h = 18, .ofs_x = 0, .ofs_y = 0},
    {.bitmap_index = 3218, .adv_w = 192, .box_w = 11, .box_h = 17, .ofs_x = 0, .ofs_y = 0},
    {.bitmap_index = 3312, .adv_w = 192, .box_w = 10, .box_h = 17, .ofs_x = 1, .ofs_y = 0},
    {.bitmap_index = 3397, .adv_w = 192, .box_w = 9, .box_h = 17, .ofs_x = 1, .ofs_y = 0},
    {.bitmap_index = 3474, .adv_w = 192, .box_w = 11, .box_h = 17, .ofs_x = 1, .ofs_y = 0},
    {.bitmap_index = 3568, .adv_w = 192, .box_w = 11, .box_h = 17, .ofs_x = 1, .ofs_y = 0},
    {.bitmap_index = 3662, .adv_w = 192, .box_w = 12, .box_h = 17, .ofs_x = 0, .ofs_y = 0},
    {.bitmap_index = 3764, .adv_w = 192, .box_w = 10, .box_h = 17, .ofs_x = 1, .ofs_y = 0},
    {.bitmap_index = 3849, .adv_w = 192, .box_w = 12, .box_h = 18, .ofs_x = 0, .ofs_y = 0},
    {.bitmap_index = 3957, .adv_w = 192, .box_w = 12, .box_h = 18, .ofs_x = 0, .ofs_y = 0},
    {.bitmap_index = 4065, .adv_w = 192, .box_w = 12, .box_h = 19, .ofs_x = 0, .ofs_y = -1},
    {.bitmap_index = 4179, .adv_w = 192, .box_w = 12, .box_h = 17, .ofs_x = 0, .ofs_y = 0},
    {.bitmap_index = 4281, .adv_w = 192, .box_w = 12, .box_h = 18, .ofs_x = 0, .ofs_y = 0},
    {.bitmap_index = 4389, .adv_w = 192, .box_w = 12, .box_h = 17, .ofs_x = 0, .ofs_y = 0},
    {.bitmap_index = 4491, .adv_w = 192, .box_w = 10, .box_h = 17, .ofs_x = 1, .ofs_y = 0},
    {.bitmap_index = 4576, .adv_w = 192, .box_w = 12, .box_h = 17, .ofs_x = 0, .ofs_y = 0},
    {.bitmap_index = 4678, .adv_w = 192, .box_w = 12, .box_h = 17, .ofs_x = 0, .ofs_y = 0},
    {.bitmap_index = 4780, .adv_w = 192, .box_w = 12, .box_h = 17, .ofs_x = 0, .ofs_y = 0},
    {.bitmap_index = 4882, .adv_w = 192, .box_w = 12, .box_h = 17, .ofs_x = 0, .ofs_y = 0},
    {.bitmap_index = 4984, .adv_w = 192, .box_w = 12, .box_h = 18, .ofs_x = 0, .ofs_y = 0},
    {.bitmap_index = 5092, .adv_w = 192, .box_w = 7, .box_h = 23, .ofs_x = 3, .ofs_y = -4},
    {.bitmap_index = 5173, .adv_w = 192, .box_w = 12, .box_h = 22, .ofs_x = 0, .ofs_y = -2},
    {.bitmap_index = 5305, .adv_w = 192, .box_w = 7, .box_h = 23, .ofs_x = 2, .ofs_y = -4},
    {.bitmap_index = 5386, .adv_w = 192, .box_w = 10, .box_h = 8, .ofs_x = 1, .ofs_y = 11},
    {.bitmap_index = 5426, .adv_w = 192, .box_w = 12, .box_h = 2, .ofs_x = 0, .ofs_y = -4},
    {.bitmap_index = 5438, .adv_w = 192, .box_w = 6, .box_h = 4, .ofs_x = 3, .ofs_y = 14},
    {.bitmap_index = 5450, .adv_w = 192, .box_w = 12, .box_h = 12, .ofs_x = 0, .ofs_y = 0},
    {.bitmap_index = 5522, .adv_w = 192, .box_w = 10, .box_h = 17, .ofs_x = 1, .ofs_y = 0},
    {.bitmap_index = 5607, .adv_w = 192, .box_w = 10, .box_h = 12, .ofs_x = 1, .ofs_y = 0},
    {.bitmap_index = 5667, .adv_w = 192, .box_w = 12, .box_h = 17, .ofs_x = 0, .ofs_y = 0},
    {.bitmap_index = 5769, .adv_w = 192, .box_w = 12, .box_h = 12, .ofs_x = 0, .ofs_y = 0},
    {.bitmap_index = 5841, .adv_w = 192, .box_w = 10, .box_h = 17, .ofs_x = 1, .ofs_y = 0},
    {.bitmap_index = 5926, .adv_w = 192, .box_w = 11, .box_h = 16, .ofs_x = 1, .ofs_y = -4},
    {.bitmap_index = 6014, .adv_w = 192, .box_w = 10, .box_h = 17, .ofs_x = 1, .ofs_y = 0},
    {.bitmap_index = 6099, .adv_w = 192, .box_w = 10, .box_h = 17, .ofs_x = 1, .ofs_y = 0},
    {.bitmap_index = 6184, .adv_w = 192, .box_w = 9, .box_h = 21, .ofs_x = 1, .ofs_y = -4},
    {.bitmap_index = 6279, .adv_w = 192, .box_w = 11, .box_h = 17, .ofs_x = 1, .ofs_y = 0},
    {.bitmap_index = 6373, .adv_w = 192, .box_w = 10, .box_h = 18, .ofs_x = 1, .ofs_y = 0},
    {.bitmap_index = 6463, .adv_w = 192, .box_w = 12, .box_h = 12, .ofs_x = 0, .ofs_y = 0},
    {.bitmap_index = 6535, .adv_w = 192, .box_w = 10, .box_h = 12, .ofs_x = 1, .ofs_y = 0},
    {.bitmap_index = 6595, .adv_w = 192, .box_w = 12, .box_h = 12, .ofs_x = 0, .ofs_y = 0},
    {.bitmap_index = 6667, .adv_w = 192, .box_w = 11, .box_h = 16, .ofs_x = 1, .ofs_y = -4},
    {.bitmap_index = 6755, .adv_w = 192, .box_w = 11, .box_h = 16, .ofs_x = 0, .ofs_y = -4},
    {.bitmap_index = 6843, .adv_w = 192, .box_w = 9, .box_h = 12, .ofs_x = 2, .ofs_y = 0},
    {.bitmap_index = 6897, .adv_w = 192, .box_w = 10, .box_h = 12, .ofs_x = 1, .ofs_y = 0},
    {.bitmap_index = 6957, .adv_w = 192, .box_w = 10, .box_h = 17, .ofs_x = 1, .ofs_y = 0},
    {.bitmap_index = 7042, .adv_w = 192, .box_w = 11, .box_h = 12, .ofs_x = 1, .ofs_y = 0},
    {.bitmap_index = 7108, .adv_w = 192, .box_w = 10, .box_h = 12, .ofs_x = 1, .ofs_y = 0},
    {.bitmap_index = 7168, .adv_w = 192, .box_w = 12, .box_h = 12, .ofs_x = 0, .ofs_y = 0},
    {.bitmap_index = 7240, .adv_w = 192, .box_w = 10, .box_h = 12, .ofs_x = 1, .ofs_y = 0},
    {.bitmap_index = 7300, .adv_w = 192, .box_w = 12, .box_h = 16, .ofs_x = 0, .ofs_y = -4},
    {.bitmap_index = 7396, .adv_w = 192, .box_w = 10, .box_h = 12, .ofs_x = 1, .ofs_y = 0},
    {.bitmap_index = 7456, .adv_w = 192, .box_w = 8, .box_h = 23, .ofs_x = 2, .ofs_y = -4},
    {.bitmap_index = 7548, .adv_w = 192, .box_w = 3, .box_h = 22, .ofs_x = 5, .ofs_y = -3},
    {.bitmap_index = 7581, .adv_w = 192, .box_w = 8, .box_h = 23, .ofs_x = 2, .ofs_y = -4},
    {.bitmap_index = 7673, .adv_w = 192, .box_w = 12, .box_h = 4, .ofs_x = 0, .ofs_y = 4},
    {.bitmap_index = 7697, .adv_w = 384, .box_w = 23, .box_h = 20, .ofs_x = 0, .ofs_y = -1},
    {.bitmap_index = 7927, .adv_w = 384, .box_w = 22, .box_h = 20, .ofs_x = 1, .ofs_y = -2},
    {.bitmap_index = 8147, .adv_w = 384, .box_w = 24, .box_h = 23, .ofs_x = 0, .ofs_y = -2},
    {.bitmap_index = 8423, .adv_w = 384, .box_w = 22, .box_h = 20, .ofs_x = 0, .ofs_y = -2},
    {.bitmap_index = 8643, .adv_w = 384, .box_w = 22, .box_h = 22, .ofs_x = 1, .ofs_y = -2},
    {.bitmap_index = 8885, .adv_w = 384, .box_w = 22, .box_h = 23, .ofs_x = 0, .ofs_y = -3},
    {.bitmap_index = 9138, .adv_w = 384, .box_w = 23, .box_h = 21, .ofs_x = 0, .ofs_y = -2},
    {.bitmap_index = 9380, .adv_w = 384, .box_w = 23, .box_h = 22, .ofs_x = 1, .ofs_y = -2},
    {.bitmap_index = 9633, .adv_w = 384, .box_w = 21, .box_h = 20, .ofs_x = 3, .ofs_y = -2},
    {.bitmap_index = 9843, .adv_w = 384, .box_w = 22, .box_h = 24, .ofs_x = 1, .ofs_y = -3},
    {.bitmap_index = 10107, .adv_w = 384, .box_w = 24, .box_h = 23, .ofs_x = 0, .ofs_y = -3},
    {.bitmap_index = 10383, .adv_w = 384, .box_w = 22, .box_h = 21, .ofs_x = 1, .ofs_y = -2},
    {.bitmap_index = 10614, .adv_w = 384, .box_w = 18, .box_h = 22, .ofs_x = 3, .ofs_y = -2},
    {.bitmap_index = 10812, .adv_w = 384, .box_w = 24, .box_h = 23, .ofs_x = 0, .ofs_y = -2},
    {.bitmap_index = 11088, .adv_w = 384, .box_w = 22, .box_h = 22, .ofs_x = 1, .ofs_y = -2},
    {.bitmap_index = 11330, .adv_w = 384, .box_w = 23, .box_h = 22, .ofs_x = 1, .ofs_y = -2},
    {.bitmap_index = 11583, .adv_w = 384, .box_w = 24, .box_h = 23, .ofs_x = 0, .ofs_y = -3},
    {.bitmap_index = 11859, .adv_w = 384, .box_w = 24, .box_h = 22, .ofs_x = 0, .ofs_y = -3},
    {.bitmap_index = 12123, .adv_w = 384, .box_w = 23, .box_h = 21, .ofs_x = 1, .ofs_y = -2},
    {.bitmap_index = 12365, .adv_w = 384, .box_w = 23, .box_h = 20, .ofs_x = 0, .ofs_y = -2},
    {.bitmap_index = 12595, .adv_w = 384, .box_w = 15, .box_h = 20, .ofs_x = 4, .ofs_y = -2},
    {.bitmap_index = 12745, .adv_w = 384, .box_w = 22, .box_h = 22, .ofs_x = 2, .ofs_y = -2},
    {.bitmap_index = 12987, .adv_w = 384, .box_w = 18, .box_h = 22, .ofs_x = 1, .ofs_y = -3},
    {.bitmap_index = 13185, .adv_w = 384, .box_w = 24, .box_h = 23, .ofs_x = 0, .ofs_y = -2},
    {.bitmap_index = 13461, .adv_w = 384, .box_w = 24, .box_h = 22, .ofs_x = 0, .ofs_y = -2},
    {.bitmap_index = 13725, .adv_w = 384, .box_w = 23, .box_h = 23, .ofs_x = 1, .ofs_y = -3},
    {.bitmap_index = 13990, .adv_w = 384, .box_w = 24, .box_h = 19, .ofs_x = 0, .ofs_y = -1},
    {.bitmap_index = 14218, .adv_w = 384, .box_w = 23, .box_h = 22, .ofs_x = 1, .ofs_y = -3},
    {.bitmap_index = 14471, .adv_w = 384, .box_w = 22, .box_h = 22, .ofs_x = 0, .ofs_y = -2},
    {.bitmap_index = 14713, .adv_w = 384, .box_w = 23, .box_h = 22, .ofs_x = 1, .ofs_y = -2},
    {.bitmap_index = 14966, .adv_w = 384, .box_w = 23, .box_h = 24, .ofs_x = 1, .ofs_y = -3},
    {.bitmap_index = 15242, .adv_w = 384, .box_w = 20, .box_h = 20, .ofs_x = 1, .ofs_y = -2},
    {.bitmap_index = 15442, .adv_w = 384, .box_w = 20, .box_h = 23, .ofs_x = 3, .ofs_y = -3},
    {.bitmap_index = 15672, .adv_w = 384, .box_w = 24, .box_h = 22, .ofs_x = 0, .ofs_y = -2},
    {.bitmap_index = 15936, .adv_w = 384, .box_w = 22, .box_h = 22, .ofs_x = 0, .ofs_y = -2},
    {.bitmap_index = 16178, .adv_w = 384, .box_w = 22, .box_h = 22, .ofs_x = 0, .ofs_y = -2},
    {.bitmap_index = 16420, .adv_w = 384, .box_w = 22, .box_h = 20, .ofs_x = 1, .ofs_y = -2},
    {.bitmap_index = 16640, .adv_w = 384, .box_w = 19, .box_h = 20, .ofs_x = 2, .ofs_y = -2},
    {.bitmap_index = 16830, .adv_w = 384, .box_w = 22, .box_h = 22, .ofs_x = 1, .ofs_y = -2},
    {.bitmap_index = 17072, .adv_w = 384, .box_w = 24, .box_h = 22, .ofs_x = 0, .ofs_y = -2},
    {.bitmap_index = 17336, .adv_w = 384, .box_w = 23, .box_h = 22, .ofs_x = 1, .ofs_y = -2},
    {.bitmap_index = 17589, .adv_w = 384, .box_w = 24, .box_h = 21, .ofs_x = 0, .ofs_y = -2},
    {.bitmap_index = 17841, .adv_w = 384, .box_w = 20, .box_h = 22, .ofs_x = 1, .ofs_y = -2},
    {.bitmap_index = 18061, .adv_w = 384, .box_w = 23, .box_h = 22, .ofs_x = 1, .ofs_y = -2},
    {.bitmap_index = 18314, .adv_w = 384, .box_w = 24, .box_h = 23, .ofs_x = 0, .ofs_y = -3},
    {.bitmap_index = 18590, .adv_w = 384, .box_w = 24, .box_h = 23, .ofs_x = 0, .ofs_y = -3},
    {.bitmap_index = 18866, .adv_w = 384, .box_w = 22, .box_h = 22, .ofs_x = 1, .ofs_y = -3},
    {.bitmap_index = 19108, .adv_w = 384, .box_w = 20, .box_h = 21, .ofs_x = 2, .ofs_y = -2},
    {.bitmap_index = 19318, .adv_w = 384, .box_w = 24, .box_h = 22, .ofs_x = 0, .ofs_y = -2}
};

/*---------------------
 *  CHARACTER MAPPING
 *--------------------*/

static const uint16_t unicode_list_1[] = {
    0x00, 0x01, 0xc0, 0x3fd, 0x443, 0x495, 0x581, 0xdac,
    0xfe8, 0x102e, 0x10a3, 0x10f8, 0x1149, 0x11f7, 0x1231, 0x12bb,
    0x159b, 0x15c6, 0x17a3, 0x17d6, 0x17db, 0x17ec, 0x18fe, 0x1920,
    0x1922, 0x1d16, 0x1d59, 0x1dab, 0x1f41, 0x24ac, 0x257d, 0x271e,
    0x272b, 0x28c7, 0x28ee, 0x2a64, 0x2b30, 0x3147, 0x32f3, 0x3d9a,
    0x3ddc, 0x3e2d, 0x3f15, 0x4173, 0x41bd, 0x41d4, 0x43c5, 0x4a6b,
    0x4a87
};

/*Collect the unicode lists and glyph_id offsets*/
static const lv_font_fmt_txt_cmap_t cmaps[] =
{
    {
        .range_start = 32, .range_length = 95, .glyph_id_start = 1,
        .unicode_list = NULL, .glyph_id_ofs_list = NULL, .list_length = 0, .type = LV_FONT_FMT_TXT_CMAP_FORMAT0_TINY
    },
    {
        .range_start = 19978, .range_length = 19080, .glyph_id_start = 96,
        .unicode_list = unicode_list_1, .glyph_id_ofs_list = NULL, .list_length = 49, .type = LV_FONT_FMT_TXT_CMAP_SPARSE_TINY
    }
};



/*--------------------
 *  ALL CUSTOM DATA
 *--------------------*/

#if LVGL_VERSION_MAJOR == 8
/*Store all the custom data of the font*/
static  lv_font_fmt_txt_glyph_cache_t cache;
#endif

#if LVGL_VERSION_MAJOR >= 8
static const lv_font_fmt_txt_dsc_t font_dsc = {
#else
static lv_font_fmt_txt_dsc_t font_dsc = {
#endif
    .glyph_bitmap = glyph_bitmap,
    .glyph_dsc = glyph_dsc,
    .cmaps = cmaps,
    .kern_dsc = NULL,
    .kern_scale = 0,
    .cmap_num = 2,
    .bpp = 4,
    .kern_classes = 0,
    .bitmap_format = 0,
#if LVGL_VERSION_MAJOR == 8
    .cache = &cache
#endif

};



/*-----------------
 *  PUBLIC FONT
 *----------------*/

/*Initialize a public general font descriptor*/
#if LVGL_VERSION_MAJOR >= 8
const lv_font_t font_cn_24_data = {
#else
lv_font_t font_cn_24_data = {
#endif
    .get_glyph_dsc = lv_font_get_glyph_dsc_fmt_txt,    /*Function pointer to get glyph's data*/
    .get_glyph_bitmap = lv_font_get_bitmap_fmt_txt,    /*Function pointer to get glyph's bitmap*/
    .line_height = 25,          /*The maximum line height required by the font*/
    .base_line = 4,             /*Baseline measured from the bottom of the line*/
#if !(LVGL_VERSION_MAJOR == 6 && LVGL_VERSION_MINOR == 0)
    .subpx = LV_FONT_SUBPX_NONE,
#endif
#if LV_VERSION_CHECK(7, 4, 0) || LVGL_VERSION_MAJOR >= 8
    .underline_position = -4,
    .underline_thickness = 1,
#endif

#if LV_VERSION_CHECK(9, 3, 0)
    .static_bitmap = 1,    /*Bitmaps are stored as const so they are always static if not compressed */
#endif

    .dsc = &font_dsc,          /*The custom font data. Will be accessed by `get_glyph_bitmap/dsc` */
#if LV_VERSION_CHECK(8, 2, 0) || LVGL_VERSION_MAJOR >= 9
    .fallback = NULL,
#endif
    .user_data = NULL,
};



#endif /*#if FONT_CN_24_DATA*/
