/*******************************************************************************
 * Size: 36 px
 * Bpp: 4
 * Opts: --font /fonts/LXGWWenKaiMono-Medium.ttf -o /fonts/font_cn_34_data.c --size 36 --bpp 4 --format lvgl --no-compress --symbols 1234567890KW --range 0x20-0x7f
 ******************************************************************************/

#ifdef __has_include
    #if __has_include("lvgl.h")
        #ifndef LV_LVGL_H_INCLUDE_SIMPLE
            #define LV_LVGL_H_INCLUDE_SIMPLE
        #endif
    #endif
#endif

#ifdef LV_LVGL_H_INCLUDE_SIMPLE
    #include "lvgl.h"
#else
    #include "lvgl/lvgl.h"
#endif



#ifndef FONT_CN_34_DATA
#define FONT_CN_34_DATA 1
#endif

#if FONT_CN_34_DATA

/*-----------------
 *    BITMAPS
 *----------------*/

/*Store the image of the glyphs*/
static LV_ATTRIBUTE_LARGE_CONST const uint8_t glyph_bitmap[] = {
    /* U+0020 " " */

    /* U+0021 "!" */
    0x07, 0xfc, 0x30, 0x0a, 0xff, 0xc0, 0x09, 0xff,
    0xb0, 0x09, 0xff, 0x90, 0x08, 0xff, 0x80, 0x08,
    0xff, 0x80, 0x07, 0xff, 0x80, 0x07, 0xff, 0x70,
    0x07, 0xff, 0x70, 0x07, 0xff, 0x60, 0x06, 0xff,
    0x60, 0x06, 0xff, 0x50, 0x06, 0xff, 0x50, 0x05,
    0xff, 0x40, 0x05, 0xff, 0x40, 0x05, 0xff, 0x30,
    0x05, 0xff, 0x30, 0x04, 0xff, 0x30, 0x05, 0xff,
    0x20, 0x04, 0xff, 0x20, 0x00, 0x36, 0x00, 0x00,
    0x00, 0x00, 0x01, 0x64, 0x00, 0x0d, 0xff, 0x60,
    0x2f, 0xff, 0xe0, 0x0e, 0xff, 0xf0, 0x04, 0xee,
    0x60,

    /* U+0022 "\"" */
    0x1c, 0xe9, 0x00, 0x9e, 0xc1, 0x3f, 0xfe, 0x00,
    0xef, 0xf3, 0x2f, 0xfd, 0x00, 0xdf, 0xf2, 0x2f,
    0xfd, 0x00, 0xdf, 0xf2, 0x1f, 0xfc, 0x00, 0xcf,
    0xf1, 0x1f, 0xfc, 0x00, 0xcf, 0xf1, 0x1f, 0xfb,
    0x00, 0xbf, 0xf0, 0x0f, 0xfb, 0x00, 0xbf, 0xf0,
    0x0f, 0xfa, 0x00, 0xaf, 0xf0, 0x05, 0x83, 0x00,
    0x38, 0x50,

    /* U+0023 "#" */
    0x00, 0x00, 0x00, 0xdf, 0x60, 0x00, 0xbf, 0x80,
    0x00, 0x00, 0x00, 0x00, 0xff, 0xa0, 0x00, 0xff,
    0xc0, 0x00, 0x00, 0x00, 0x02, 0xff, 0x80, 0x00,
    0xff, 0x90, 0x00, 0x00, 0x00, 0x04, 0xff, 0x60,
    0x02, 0xff, 0x70, 0x00, 0x00, 0x00, 0x06, 0xff,
    0x40, 0x04, 0xff, 0x50, 0x00, 0x00, 0x00, 0x07,
    0xff, 0x20, 0x06, 0xff, 0x30, 0x00, 0x00, 0x00,
    0x09, 0xff, 0x00, 0x07, 0xff, 0x10, 0x00, 0x05,
    0xff, 0xff, 0xff, 0xff, 0xff, 0xff, 0xff, 0xe0,
    0x06, 0xff, 0xff, 0xff, 0xff, 0xff, 0xff, 0xff,
    0xf2, 0x00, 0x99, 0x9f, 0xfd, 0x99, 0x9f, 0xfe,
    0x99, 0x80, 0x00, 0x00, 0x1f, 0xf8, 0x00, 0x0f,
    0xf9, 0x00, 0x00, 0x00, 0x00, 0x3f, 0xf6, 0x00,
    0x1f, 0xf7, 0x00, 0x00, 0x00, 0x00, 0x5f, 0xf4,
    0x00, 0x3f, 0xf6, 0x00, 0x00, 0x00, 0x00, 0x7f,
    0xf2, 0x00, 0x5f, 0xf4, 0x00, 0x00, 0x00, 0x00,
    0x9f, 0xf0, 0x00, 0x7f, 0xf2, 0x00, 0x00, 0x00,
    0x00, 0xaf, 0xf0, 0x00, 0x9f, 0xf0, 0x00, 0x00,
    0x08, 0x99, 0xef, 0xf9, 0x99, 0xdf, 0xf9, 0x98,
    0x00, 0x4f, 0xff, 0xff, 0xff, 0xff, 0xff, 0xff,
    0xff, 0x50, 0x1e, 0xff, 0xff, 0xff, 0xff, 0xff,
    0xff, 0xff, 0x30, 0x00, 0x02, 0xff, 0x70, 0x00,
    0xff, 0x90, 0x00, 0x00, 0x00, 0x04, 0xff, 0x50,
    0x02, 0xff, 0x70, 0x00, 0x00, 0x00, 0x06, 0xff,
    0x30, 0x04, 0xff, 0x50, 0x00, 0x00, 0x00, 0x08,
    0xff, 0x20, 0x06, 0xff, 0x30, 0x00, 0x00, 0x00,
    0x09, 0xff, 0x00, 0x07, 0xff, 0x20, 0x00, 0x00,
    0x00, 0x0c, 0xfe, 0x00, 0x0a, 0xff, 0x00, 0x00,
    0x00, 0x00, 0x0f, 0xfd, 0x00, 0x0d, 0xfe, 0x00,
    0x00, 0x00, 0x00, 0x0d, 0xf7, 0x00, 0x0c, 0xf9,
    0x00, 0x00, 0x00,

    /* U+0024 "$" */
    0x00, 0x00, 0x00, 0x02, 0xfd, 0x40, 0x00, 0x00,
    0x00, 0x00, 0x00, 0x00, 0x3f, 0xfa, 0x00, 0x00,
    0x00, 0x00, 0x00, 0x00, 0x6b, 0xff, 0xe9, 0x30,
    0x00, 0x00, 0x00, 0x04, 0xdf, 0xff, 0xff, 0xff,
    0xb1, 0x00, 0x00, 0x04, 0xff, 0xff, 0xff, 0xff,
    0xff, 0xe2, 0x00, 0x01, 0xef, 0xfb, 0x4f, 0xf9,
    0x7f, 0xff, 0xa0, 0x00, 0x9f, 0xfb, 0x01, 0xff,
    0x90, 0x2e, 0xfa, 0x00, 0x0e, 0xff, 0x20, 0x1f,
    0xf9, 0x00, 0x2e, 0x50, 0x01, 0xff, 0xd0, 0x01,
    0xff, 0x90, 0x00, 0x00, 0x00, 0x2f, 0xfc, 0x00,
    0x1f, 0xf9, 0x00, 0x00, 0x00, 0x00, 0xff, 0xf0,
    0x01, 0xff, 0x90, 0x00, 0x00, 0x00, 0x0b, 0xff,
    0xa0, 0x1f, 0xf9, 0x00, 0x00, 0x00, 0x00, 0x2f,
    0xff, 0xea, 0xff, 0x90, 0x00, 0x00, 0x00, 0x00,
    0x4f, 0xff, 0xff, 0xfc, 0x40, 0x00, 0x00, 0x00,
    0x00, 0x19, 0xff, 0xff, 0xff, 0xd5, 0x00, 0x00,
    0x00, 0x00, 0x00, 0x6f, 0xff, 0xff, 0xf9, 0x00,
    0x00, 0x00, 0x00, 0x01, 0xff, 0xcc, 0xff, 0xf8,
    0x00, 0x00, 0x00, 0x00, 0x1f, 0xf9, 0x07, 0xff,
    0xf2, 0x00, 0x00, 0x00, 0x01, 0xff, 0x90, 0x0a,
    0xff, 0x80, 0x00, 0x00, 0x00, 0x1f, 0xf9, 0x00,
    0x4f, 0xfc, 0x00, 0x00, 0x00, 0x01, 0xff, 0x90,
    0x00, 0xff, 0xe0, 0x00, 0x00, 0x00, 0x1f, 0xf9,
    0x00, 0x0f, 0xff, 0x01, 0x60, 0x00, 0x01, 0xff,
    0x90, 0x00, 0xff, 0xe0, 0xbf, 0x90, 0x00, 0x1f,
    0xf9, 0x00, 0x5f, 0xfb, 0x0f, 0xff, 0x60, 0x01,
    0xff, 0x90, 0x0d, 0xff, 0x60, 0x8f, 0xff, 0x90,
    0x1f, 0xf9, 0x1c, 0xff, 0xd0, 0x00, 0xaf, 0xff,
    0xfb, 0xff, 0xef, 0xff, 0xf3, 0x00, 0x00, 0x7f,
    0xff, 0xff, 0xff, 0xff, 0xe4, 0x00, 0x00, 0x00,
    0x28, 0xdf, 0xff, 0xfc, 0x71, 0x00, 0x00, 0x00,
    0x00, 0x00, 0x2f, 0xfa, 0x00, 0x00, 0x00, 0x00,
    0x00, 0x00, 0x02, 0xff, 0xa0, 0x00, 0x00, 0x00,
    0x00, 0x00, 0x00, 0x2f, 0xfa, 0x00, 0x00, 0x00,
    0x00, 0x00, 0x00, 0x00, 0xaf, 0x90, 0x00, 0x00,
    0x00,

    /* U+0025 "%" */
    0x00, 0x00, 0x00, 0x00, 0x00, 0x04, 0x40, 0x00,
    0x00, 0x00, 0x00, 0x00, 0x00, 0x00, 0xef, 0x60,
    0x00, 0x09, 0xff, 0xe9, 0x00, 0x00, 0x3f, 0xf8,
    0x00, 0x02, 0xff, 0xff, 0xfa, 0x00, 0x07, 0xff,
    0x30, 0x00, 0x8f, 0xfc, 0xaf, 0xf3, 0x00, 0xdf,
    0xd0, 0x00, 0x0c, 0xfe, 0x00, 0xef, 0x80, 0x2f,
    0xf8, 0x00, 0x00, 0xef, 0x90, 0x0a, 0xfb, 0x07,
    0xff, 0x20, 0x00, 0x0f, 0xf7, 0x00, 0x9f, 0xd0,
    0xdf, 0xd0, 0x00, 0x00, 0xef, 0x70, 0x08, 0xfd,
    0x2f, 0xf8, 0x00, 0x00, 0x0d, 0xf8, 0x00, 0x9f,
    0xc8, 0xff, 0x20, 0x00, 0x00, 0xaf, 0xb0, 0x0c,
    0xfa, 0xdf, 0xd0, 0x00, 0x00, 0x06, 0xff, 0x34,
    0xff, 0x8f, 0xf7, 0x00, 0x00, 0x00, 0x0e, 0xff,
    0xff, 0xe8, 0xff, 0x20, 0x00, 0x00, 0x00, 0x4f,
    0xff, 0xf4, 0xdf, 0xd0, 0x00, 0x00, 0x00, 0x00,
    0x16, 0x51, 0x3f, 0xf7, 0x00, 0x00, 0x00, 0x00,
    0x00, 0x00, 0x08, 0xff, 0x20, 0x36, 0x20, 0x00,
    0x00, 0x00, 0x00, 0xdf, 0xc1, 0x9f, 0xff, 0x60,
    0x00, 0x00, 0x00, 0x3f, 0xf7, 0xaf, 0xff, 0xff,
    0x20, 0x00, 0x00, 0x08, 0xff, 0x4f, 0xf9, 0x2e,
    0xf8, 0x00, 0x00, 0x00, 0xdf, 0xc7, 0xff, 0x00,
    0x9f, 0xc0, 0x00, 0x00, 0x3f, 0xf7, 0x9f, 0xd0,
    0x06, 0xff, 0x00, 0x00, 0x08, 0xff, 0x2b, 0xfb,
    0x00, 0x5f, 0xf0, 0x00, 0x00, 0xef, 0xc0, 0xbf,
    0xb0, 0x04, 0xff, 0x10, 0x00, 0x3f, 0xf7, 0x0b,
    0xfc, 0x00, 0x5f, 0xf0, 0x00, 0x08, 0xff, 0x10,
    0x9f, 0xe0, 0x07, 0xfe, 0x00, 0x00, 0xef, 0xc0,
    0x05, 0xff, 0x20, 0xbf, 0xb0, 0x00, 0x5f, 0xf7,
    0x00, 0x1f, 0xfc, 0x9f, 0xf5, 0x00, 0x09, 0xff,
    0x20, 0x00, 0x8f, 0xff, 0xfc, 0x00, 0x00, 0x6f,
    0xd0, 0x00, 0x00, 0x8e, 0xfa, 0x10, 0x00, 0x00,
    0x53, 0x00, 0x00, 0x00, 0x00, 0x00, 0x00,

    /* U+0026 "&" */
    0x00, 0x00, 0x4c, 0xfe, 0xb2, 0x00, 0x00, 0x00,
    0x00, 0x00, 0x5f, 0xff, 0xff, 0xf3, 0x00, 0x00,
    0x00, 0x00, 0x1f, 0xff, 0xbb, 0xff, 0xc0, 0x00,
    0x00, 0x00, 0x07, 0xff, 0x80, 0x0b, 0xff, 0x10,
    0x00, 0x00, 0x00, 0xaf, 0xf1, 0x00, 0x8f, 0xf2,
    0x00, 0x00, 0x00, 0x0c, 0xff, 0x00, 0x09, 0xff,
    0x10, 0x00, 0x00, 0x00, 0xbf, 0xf0, 0x00, 0xdf,
    0xe0, 0x00, 0x00, 0x00, 0x09, 0xff, 0x10, 0x5f,
    0xf8, 0x00, 0x00, 0x00, 0x00, 0x6f, 0xf5, 0x1e,
    0xfe, 0x10, 0x00, 0x00, 0x00, 0x01, 0xff, 0xbd,
    0xff, 0x40, 0x00, 0x00, 0x00, 0x00, 0x0c, 0xff,
    0xff, 0x60, 0x00, 0x00, 0x00, 0x00, 0x00, 0x8f,
    0xff, 0x70, 0x00, 0x00, 0x61, 0x00, 0x00, 0x3f,
    0xff, 0xe0, 0x00, 0x00, 0x8f, 0xe1, 0x00, 0x0e,
    0xff, 0xff, 0x70, 0x00, 0x0c, 0xff, 0x10, 0x07,
    0xff, 0x8e, 0xfe, 0x10, 0x00, 0xff, 0xe0, 0x00,
    0xff, 0xd0, 0x7f, 0xf8, 0x00, 0x3f, 0xfa, 0x00,
    0x4f, 0xf6, 0x00, 0xdf, 0xf2, 0x07, 0xff, 0x50,
    0x09, 0xff, 0x10, 0x04, 0xff, 0xb0, 0xdf, 0xf0,
    0x00, 0xcf, 0xd0, 0x00, 0x0b, 0xff, 0x7f, 0xfa,
    0x00, 0x0d, 0xfc, 0x00, 0x00, 0x2f, 0xff, 0xff,
    0x30, 0x00, 0xef, 0xb0, 0x00, 0x00, 0x7f, 0xff,
    0xc0, 0x00, 0x0d, 0xfd, 0x00, 0x00, 0x00, 0xef,
    0xf6, 0x00, 0x00, 0xbf, 0xf1, 0x00, 0x00, 0x5f,
    0xff, 0xd0, 0x00, 0x06, 0xff, 0x90, 0x00, 0x5f,
    0xff, 0xff, 0x90, 0x00, 0x0e, 0xff, 0xca, 0xcf,
    0xff, 0x6d, 0xff, 0x80, 0x00, 0x3f, 0xff, 0xff,
    0xff, 0x70, 0x2d, 0xff, 0xb2, 0x00, 0x2a, 0xef,
    0xea, 0x30, 0x00, 0x07, 0xdf, 0xa0,

    /* U+0027 "'" */
    0x4e, 0xe4, 0x8f, 0xf8, 0x8f, 0xf8, 0x7f, 0xf7,
    0x7f, 0xf7, 0x6f, 0xf6, 0x6f, 0xf6, 0x5f, 0xf5,
    0x5f, 0xf5, 0x07, 0x70,

    /* U+0028 "(" */
    0x00, 0x00, 0x00, 0x00, 0x4e, 0x60, 0x00, 0x00,
    0x00, 0x5f, 0xf5, 0x00, 0x00, 0x00, 0x4f, 0xf8,
    0x00, 0x00, 0x00, 0x1e, 0xfb, 0x00, 0x00, 0x00,
    0x0a, 0xff, 0x20, 0x00, 0x00, 0x04, 0xff, 0x80,
    0x00, 0x00, 0x00, 0xdf, 0xf1, 0x00, 0x00, 0x00,
    0x6f, 0xf9, 0x00, 0x00, 0x00, 0x0d, 0xff, 0x30,
    0x00, 0x00, 0x04, 0xff, 0xd0, 0x00, 0x00, 0x00,
    0xbf, 0xf9, 0x00, 0x00, 0x00, 0x0f, 0xff, 0x40,
    0x00, 0x00, 0x05, 0xff, 0xf0, 0x00, 0x00, 0x00,
    0x9f, 0xfc, 0x00, 0x00, 0x00, 0x0c, 0xff, 0x90,
    0x00, 0x00, 0x00, 0xff, 0xf7, 0x00, 0x00, 0x00,
    0x0f, 0xff, 0x50, 0x00, 0x00, 0x01, 0xff, 0xf4,
    0x00, 0x00, 0x00, 0x2f, 0xff, 0x30, 0x00, 0x00,
    0x01, 0xff, 0xf3, 0x00, 0x00, 0x00, 0x0f, 0xff,
    0x50, 0x00, 0x00, 0x00, 0xff, 0xf7, 0x00, 0x00,
    0x00, 0x0c, 0xff, 0x90, 0x00, 0x00, 0x00, 0x8f,
    0xfd, 0x00, 0x00, 0x00, 0x04, 0xff, 0xf1, 0x00,
    0x00, 0x00, 0x0e, 0xff, 0x60, 0x00, 0x00, 0x00,
    0x8f, 0xfb, 0x00, 0x00, 0x00, 0x01, 0xff, 0xf1,
    0x00, 0x00, 0x00, 0x07, 0xff, 0x80, 0x00, 0x00,
    0x00, 0x0d, 0xff, 0x10, 0x00, 0x00, 0x00, 0x3f,
    0xf9, 0x00, 0x00, 0x00, 0x00, 0x6f, 0xf5, 0x00,
    0x00, 0x00, 0x00, 0x9f, 0xf3, 0x00, 0x00, 0x00,
    0x00, 0xaf, 0xe1, 0x00, 0x00, 0x00, 0x00, 0x7e,
    0x10,

    /* U+0029 ")" */
    0x6e, 0x50, 0x00, 0x00, 0x00, 0x05, 0xff, 0x50,
    0x00, 0x00, 0x00, 0x08, 0xff, 0x30, 0x00, 0x00,
    0x00, 0x0b, 0xfe, 0x10, 0x00, 0x00, 0x00, 0x2f,
    0xfa, 0x00, 0x00, 0x00, 0x00, 0x8f, 0xf4, 0x00,
    0x00, 0x00, 0x01, 0xff, 0xd0, 0x00, 0x00, 0x00,
    0x09, 0xff, 0x60, 0x00, 0x00, 0x00, 0x3f, 0xfd,
    0x00, 0x00, 0x00, 0x00, 0xdf, 0xf4, 0x00, 0x00,
    0x00, 0x08, 0xff, 0xb0, 0x00, 0x00, 0x00, 0x4f,
    0xff, 0x00, 0x00, 0x00, 0x00, 0xff, 0xf5, 0x00,
    0x00, 0x00, 0x0c, 0xff, 0x90, 0x00, 0x00, 0x00,
    0x9f, 0xfc, 0x00, 0x00, 0x00, 0x07, 0xff, 0xf0,
    0x00, 0x00, 0x00, 0x5f, 0xff, 0x00, 0x00, 0x00,
    0x04, 0xff, 0xf1, 0x00, 0x00, 0x00, 0x3f, 0xff,
    0x20, 0x00, 0x00, 0x04, 0xff, 0xf1, 0x00, 0x00,
    0x00, 0x5f, 0xff, 0x00, 0x00, 0x00, 0x07, 0xff,
    0xf0, 0x00, 0x00, 0x00, 0x9f, 0xfc, 0x00, 0x00,
    0x00, 0x0d, 0xff, 0x80, 0x00, 0x00, 0x01, 0xff,
    0xf4, 0x00, 0x00, 0x00, 0x6f, 0xfe, 0x00, 0x00,
    0x00, 0x0b, 0xff, 0x80, 0x00, 0x00, 0x01, 0xff,
    0xf1, 0x00, 0x00, 0x00, 0x8f, 0xf8, 0x00, 0x00,
    0x00, 0x1f, 0xfd, 0x00, 0x00, 0x00, 0x0a, 0xff,
    0x30, 0x00, 0x00, 0x05, 0xff, 0x70, 0x00, 0x00,
    0x03, 0xff, 0xa0, 0x00, 0x00, 0x01, 0xff, 0xa0,
    0x00, 0x00, 0x00, 0x1e, 0x70, 0x00, 0x00, 0x00,
    0x00,

    /* U+002A "*" */
    0x00, 0x00, 0x00, 0x04, 0x72, 0x00, 0x00, 0x00,
    0x00, 0x00, 0x00, 0x3f, 0xfb, 0x00, 0x00, 0x00,
    0x00, 0x00, 0x00, 0x4f, 0xfb, 0x00, 0x00, 0x00,
    0x00, 0x00, 0x00, 0x4f, 0xfb, 0x00, 0x00, 0x00,
    0x00, 0x00, 0x00, 0x3f, 0xfb, 0x00, 0x00, 0x00,
    0x0a, 0xc2, 0x00, 0x2f, 0xfa, 0x00, 0x09, 0xe2,
    0x1f, 0xfe, 0x30, 0x2f, 0xfa, 0x00, 0xbf, 0xf9,
    0x2f, 0xff, 0xf5, 0x2f, 0xf9, 0x1c, 0xff, 0xfa,
    0x05, 0xff, 0xff, 0x9f, 0xfb, 0xdf, 0xff, 0xa0,
    0x00, 0x2c, 0xff, 0xff, 0xff, 0xff, 0xf6, 0x00,
    0x00, 0x00, 0x8f, 0xff, 0xff, 0xfd, 0x20, 0x00,
    0x00, 0x00, 0x05, 0xff, 0xff, 0xd0, 0x00, 0x00,
    0x00, 0x00, 0x4e, 0xff, 0xff, 0xfa, 0x00, 0x00,
    0x00, 0x08, 0xff, 0xff, 0xff, 0xff, 0xd2, 0x00,
    0x02, 0xcf, 0xff, 0xcf, 0xfc, 0xff, 0xff, 0x60,
    0x2f, 0xff, 0xf8, 0x3f, 0xf9, 0x3e, 0xff, 0xf7,
    0x4f, 0xff, 0x70, 0x3f, 0xf9, 0x02, 0xdf, 0xf9,
    0x0e, 0xf6, 0x00, 0x3f, 0xfa, 0x00, 0x1c, 0xf4,
    0x01, 0x20, 0x00, 0x4f, 0xfa, 0x00, 0x00, 0x30,
    0x00, 0x00, 0x00, 0x4f, 0xfb, 0x00, 0x00, 0x00,
    0x00, 0x00, 0x00, 0x5f, 0xfb, 0x00, 0x00, 0x00,
    0x00, 0x00, 0x00, 0x5f, 0xfb, 0x00, 0x00, 0x00,
    0x00, 0x00, 0x00, 0x2d, 0xe5, 0x00, 0x00, 0x00,

    /* U+002B "+" */
    0x00, 0x00, 0x00, 0x19, 0x70, 0x00, 0x00, 0x00,
    0x00, 0x00, 0x00, 0x6f, 0xf4, 0x00, 0x00, 0x00,
    0x00, 0x00, 0x00, 0x5f, 0xf3, 0x00, 0x00, 0x00,
    0x00, 0x00, 0x00, 0x5f, 0xf3, 0x00, 0x00, 0x00,
    0x00, 0x00, 0x00, 0x5f, 0xf3, 0x00, 0x00, 0x00,
    0x00, 0x00, 0x00, 0x5f, 0xf3, 0x00, 0x00, 0x00,
    0x00, 0x00, 0x00, 0x5f, 0xf3, 0x00, 0x00, 0x00,
    0x00, 0x00, 0x00, 0x5f, 0xf3, 0x00, 0x00, 0x00,
    0x5f, 0xff, 0xff, 0xff, 0xff, 0xff, 0xff, 0xe2,
    0x7f, 0xff, 0xff, 0xff, 0xff, 0xff, 0xff, 0xf6,
    0x19, 0xaa, 0xaa, 0xbf, 0xfb, 0xaa, 0xaa, 0x91,
    0x00, 0x00, 0x00, 0x5f, 0xf3, 0x00, 0x00, 0x00,
    0x00, 0x00, 0x00, 0x5f, 0xf3, 0x00, 0x00, 0x00,
    0x00, 0x00, 0x00, 0x5f, 0xf3, 0x00, 0x00, 0x00,
    0x00, 0x00, 0x00, 0x5f, 0xf3, 0x00, 0x00, 0x00,
    0x00, 0x00, 0x00, 0x5f, 0xf3, 0x00, 0x00, 0x00,
    0x00, 0x00, 0x00, 0x6f, 0xf3, 0x00, 0x00, 0x00,
    0x00, 0x00, 0x00, 0x6f, 0xf3, 0x00, 0x00, 0x00,
    0x00, 0x00, 0x00, 0x2e, 0xe1, 0x00, 0x00, 0x00,

    /* U+002C "," */
    0x00, 0x16, 0x60, 0x00, 0x2f, 0xff, 0xc0, 0x09,
    0xff, 0xff, 0x60, 0xaf, 0xff, 0xf9, 0x03, 0xff,
    0xff, 0x80, 0x04, 0xef, 0xf4, 0x00, 0x3f, 0xfc,
    0x00, 0x2e, 0xfe, 0x20, 0x2e, 0xfe, 0x30, 0x03,
    0xea, 0x10, 0x00,

    /* U+002D "-" */
    0x8b, 0xbb, 0xbb, 0xbb, 0xbb, 0xb9, 0x0f, 0xff,
    0xff, 0xff, 0xff, 0xff, 0xf4, 0xaf, 0xff, 0xff,
    0xff, 0xff, 0xff, 0x30,

    /* U+002E "." */
    0x06, 0xcb, 0x20, 0x5f, 0xff, 0xe1, 0xaf, 0xff,
    0xf7, 0x9f, 0xff, 0xf9, 0x3f, 0xff, 0xf4, 0x06,
    0xee, 0x60,

    /* U+002F "/" */
    0x00, 0x00, 0x00, 0x00, 0x00, 0x00, 0x08, 0xd2,
    0x00, 0x00, 0x00, 0x00, 0x00, 0x00, 0x1f, 0xfb,
    0x00, 0x00, 0x00, 0x00, 0x00, 0x00, 0x6f, 0xf8,
    0x00, 0x00, 0x00, 0x00, 0x00, 0x00, 0xdf, 0xe0,
    0x00, 0x00, 0x00, 0x00, 0x00, 0x04, 0xff, 0x70,
    0x00, 0x00, 0x00, 0x00, 0x00, 0x0b, 0xff, 0x10,
    0x00, 0x00, 0x00, 0x00, 0x00, 0x2f, 0xf9, 0x00,
    0x00, 0x00, 0x00, 0x00, 0x00, 0x9f, 0xf2, 0x00,
    0x00, 0x00, 0x00, 0x00, 0x01, 0xff, 0xb0, 0x00,
    0x00, 0x00, 0x00, 0x00, 0x07, 0xff, 0x40, 0x00,
    0x00, 0x00, 0x00, 0x00, 0x0e, 0xfd, 0x00, 0x00,
    0x00, 0x00, 0x00, 0x00, 0x5f, 0xf6, 0x00, 0x00,
    0x00, 0x00, 0x00, 0x00, 0xcf, 0xe0, 0x00, 0x00,
    0x00, 0x00, 0x00, 0x03, 0xff, 0x80, 0x00, 0x00,
    0x00, 0x00, 0x00, 0x0a, 0xff, 0x10, 0x00, 0x00,
    0x00, 0x00, 0x00, 0x1f, 0xfa, 0x00, 0x00, 0x00,
    0x00, 0x00, 0x00, 0x8f, 0xf3, 0x00, 0x00, 0x00,
    0x00, 0x00, 0x00, 0xef, 0xc0, 0x00, 0x00, 0x00,
    0x00, 0x00, 0x06, 0xff, 0x50, 0x00, 0x00, 0x00,
    0x00, 0x00, 0x0d, 0xfe, 0x00, 0x00, 0x00, 0x00,
    0x00, 0x00, 0x4f, 0xf7, 0x00, 0x00, 0x00, 0x00,
    0x00, 0x00, 0xbf, 0xf1, 0x00, 0x00, 0x00, 0x00,
    0x00, 0x02, 0xff, 0x90, 0x00, 0x00, 0x00, 0x00,
    0x00, 0x08, 0xff, 0x20, 0x00, 0x00, 0x00, 0x00,
    0x00, 0x0f, 0xfb, 0x00, 0x00, 0x00, 0x00, 0x00,
    0x00, 0x6f, 0xf4, 0x00, 0x00, 0x00, 0x00, 0x00,
    0x00, 0xdf, 0xd0, 0x00, 0x00, 0x00, 0x00, 0x00,
    0x04, 0xff, 0x60, 0x00, 0x00, 0x00, 0x00, 0x00,
    0x0c, 0xfe, 0x00, 0x00, 0x00, 0x00, 0x00, 0x00,
    0x4f, 0xf8, 0x00, 0x00, 0x00, 0x00, 0x00, 0x00,
    0x7f, 0xf2, 0x00, 0x00, 0x00, 0x00, 0x00, 0x00,
    0x1c, 0xb0, 0x00, 0x00, 0x00, 0x00, 0x00, 0x00,

    /* U+0030 "0" */
    0x00, 0x00, 0x00, 0x7d, 0xfe, 0x92, 0x00, 0x00,
    0x00, 0x00, 0x0c, 0xff, 0xff, 0xff, 0x40, 0x00,
    0x00, 0x1c, 0xff, 0xfe, 0xcf, 0xff, 0xf2, 0x00,
    0x00, 0x9f, 0xff, 0xb0, 0x00, 0xbf, 0xfb, 0x00,
    0x00, 0xff, 0xfd, 0x00, 0x00, 0x1f, 0xff, 0x30,
    0x06, 0xff, 0xf3, 0x00, 0x00, 0x8f, 0xff, 0x90,
    0x0b, 0xff, 0xb0, 0x00, 0x00, 0xef, 0xff, 0xe0,
    0x0f, 0xff, 0x40, 0x00, 0x07, 0xff, 0xff, 0xf2,
    0x2f, 0xff, 0x00, 0x00, 0x0e, 0xfe, 0x9f, 0xf5,
    0x5f, 0xfb, 0x00, 0x00, 0x6f, 0xf6, 0x6f, 0xf7,
    0x7f, 0xf9, 0x00, 0x00, 0xef, 0xe0, 0x5f, 0xf9,
    0x9f, 0xf6, 0x00, 0x06, 0xff, 0x70, 0x4f, 0xfa,
    0xaf, 0xf6, 0x00, 0x0d, 0xfe, 0x00, 0x4f, 0xfa,
    0xaf, 0xf5, 0x00, 0x5f, 0xf7, 0x00, 0x4f, 0xfb,
    0xaf, 0xf5, 0x00, 0xdf, 0xe0, 0x00, 0x5f, 0xfa,
    0x9f, 0xf5, 0x05, 0xff, 0x70, 0x00, 0x5f, 0xf9,
    0x8f, 0xf5, 0x0c, 0xff, 0x10, 0x00, 0x7f, 0xf8,
    0x7f, 0xf6, 0x4f, 0xf8, 0x00, 0x00, 0x9f, 0xf6,
    0x4f, 0xf8, 0xcf, 0xf1, 0x00, 0x00, 0xbf, 0xf3,
    0x1f, 0xfe, 0xff, 0x80, 0x00, 0x00, 0xff, 0xf0,
    0x0d, 0xff, 0xff, 0x10, 0x00, 0x03, 0xff, 0xb0,
    0x09, 0xff, 0xf9, 0x00, 0x00, 0x0a, 0xff, 0x60,
    0x02, 0xff, 0xf2, 0x00, 0x00, 0x3f, 0xff, 0x00,
    0x00, 0xbf, 0xfa, 0x10, 0x03, 0xef, 0xf8, 0x00,
    0x00, 0x2e, 0xff, 0xfc, 0xdf, 0xff, 0xd0, 0x00,
    0x00, 0x02, 0xef, 0xff, 0xff, 0xfd, 0x10, 0x00,
    0x00, 0x00, 0x07, 0xcf, 0xfc, 0x70, 0x00, 0x00,

    /* U+0031 "1" */
    0x00, 0x00, 0x00, 0xcd, 0x30, 0x00, 0x00, 0x00,
    0x00, 0x02, 0xcf, 0xfd, 0x00, 0x00, 0x00, 0x00,
    0x08, 0xff, 0xff, 0xd0, 0x00, 0x00, 0x00, 0x4d,
    0xff, 0xff, 0xfc, 0x00, 0x00, 0x00, 0x8f, 0xff,
    0xfc, 0xff, 0xb0, 0x00, 0x00, 0x08, 0xff, 0xd3,
    0x4f, 0xfb, 0x00, 0x00, 0x00, 0x1a, 0x70, 0x04,
    0xff, 0xb0, 0x00, 0x00, 0x00, 0x00, 0x00, 0x4f,
    0xfb, 0x00, 0x00, 0x00, 0x00, 0x00, 0x04, 0xff,
    0xb0, 0x00, 0x00, 0x00, 0x00, 0x00, 0x4f, 0xfb,
    0x00, 0x00, 0x00, 0x00, 0x00, 0x04, 0xff, 0xb0,
    0x00, 0x00, 0x00, 0x00, 0x00, 0x4f, 0xfb, 0x00,
    0x00, 0x00, 0x00, 0x00, 0x04, 0xff, 0xb0, 0x00,
    0x00, 0x00, 0x00, 0x00, 0x4f, 0xfb, 0x00, 0x00,
    0x00, 0x00, 0x00, 0x05, 0xff, 0xb0, 0x00, 0x00,
    0x00, 0x00, 0x00, 0x5f, 0xfb, 0x00, 0x00, 0x00,
    0x00, 0x00, 0x05, 0xff, 0xb0, 0x00, 0x00, 0x00,
    0x00, 0x00, 0x5f, 0xfb, 0x00, 0x00, 0x00, 0x00,
    0x00, 0x05, 0xff, 0xb0, 0x00, 0x00, 0x00, 0x00,
    0x00, 0x5f, 0xfb, 0x00, 0x00, 0x00, 0x00, 0x00,
    0x05, 0xff, 0xb0, 0x00, 0x00, 0x00, 0x00, 0x00,
    0x5f, 0xfb, 0x00, 0x00, 0x00, 0x00, 0x00, 0x05,
    0xff, 0xc0, 0x00, 0x00, 0x00, 0x00, 0x00, 0x5f,
    0xfc, 0x00, 0x00, 0x00, 0x7a, 0xaa, 0xac, 0xff,
    0xea, 0xaa, 0xa3, 0x0d, 0xff, 0xff, 0xff, 0xff,
    0xff, 0xff, 0xd0, 0x6f, 0xff, 0xff, 0xff, 0xff,
    0xff, 0xfd, 0x00,

    /* U+0032 "2" */
    0x00, 0x00, 0x02, 0x8d, 0xef, 0xea, 0x40, 0x00,
    0x00, 0x00, 0x09, 0xff, 0xff, 0xff, 0xff, 0x90,
    0x00, 0x00, 0x1c, 0xff, 0xff, 0xdd, 0xff, 0xff,
    0x90, 0x00, 0x0b, 0xff, 0xf7, 0x00, 0x00, 0x9f,
    0xff, 0x20, 0x05, 0xff, 0xf4, 0x00, 0x00, 0x00,
    0xbf, 0xf8, 0x00, 0x9f, 0xfb, 0x00, 0x00, 0x00,
    0x06, 0xff, 0xb0, 0x04, 0xff, 0x30, 0x00, 0x00,
    0x00, 0x4f, 0xfc, 0x00, 0x04, 0x30, 0x00, 0x00,
    0x00, 0x06, 0xff, 0xa0, 0x00, 0x00, 0x00, 0x00,
    0x00, 0x00, 0xaf, 0xf7, 0x00, 0x00, 0x00, 0x00,
    0x00, 0x00, 0x2f, 0xff, 0x20, 0x00, 0x00, 0x00,
    0x00, 0x00, 0x0a, 0xff, 0xb0, 0x00, 0x00, 0x00,
    0x00, 0x00, 0x06, 0xff, 0xf2, 0x00, 0x00, 0x00,
    0x00, 0x00, 0x04, 0xff, 0xf7, 0x00, 0x00, 0x00,
    0x00, 0x00, 0x04, 0xff, 0xfa, 0x00, 0x00, 0x00,
    0x00, 0x00, 0x04, 0xff, 0xfb, 0x00, 0x00, 0x00,
    0x00, 0x00, 0x03, 0xff, 0xfb, 0x00, 0x00, 0x00,
    0x00, 0x00, 0x03, 0xff, 0xfb, 0x00, 0x00, 0x00,
    0x00, 0x00, 0x01, 0xef, 0xfb, 0x00, 0x00, 0x00,
    0x00, 0x00, 0x00, 0xdf, 0xfc, 0x00, 0x00, 0x00,
    0x00, 0x00, 0x00, 0xaf, 0xfd, 0x10, 0x00, 0x00,
    0x00, 0x00, 0x00, 0x6f, 0xff, 0x20, 0x00, 0x00,
    0x00, 0x00, 0x00, 0x1f, 0xff, 0x50, 0x00, 0x00,
    0x00, 0x00, 0x00, 0x0a, 0xff, 0xa0, 0x00, 0x00,
    0x00, 0x00, 0x00, 0x04, 0xff, 0xe1, 0x00, 0x00,
    0x00, 0x00, 0x00, 0x00, 0xdf, 0xff, 0xef, 0xff,
    0xff, 0xff, 0xff, 0xfa, 0x0e, 0xff, 0xff, 0xff,
    0xff, 0xff, 0xff, 0xff, 0xf2, 0x5f, 0xec, 0xbb,
    0xbb, 0xaa, 0xab, 0xbc, 0xef, 0x20,

    /* U+0033 "3" */
    0x00, 0x00, 0x01, 0x7c, 0xef, 0xeb, 0x60, 0x00,
    0x00, 0x00, 0x07, 0xff, 0xff, 0xff, 0xff, 0xd2,
    0x00, 0x00, 0x0b, 0xff, 0xff, 0xdb, 0xdf, 0xff,
    0xd0, 0x00, 0x0b, 0xff, 0xf9, 0x10, 0x00, 0x3e,
    0xff, 0x60, 0x00, 0xff, 0xf5, 0x00, 0x00, 0x00,
    0x5f, 0xfb, 0x00, 0x07, 0xf5, 0x00, 0x00, 0x00,
    0x02, 0xff, 0xd0, 0x00, 0x00, 0x00, 0x00, 0x00,
    0x00, 0x1f, 0xfc, 0x00, 0x00, 0x00, 0x00, 0x00,
    0x00, 0x05, 0xff, 0xb0, 0x00, 0x00, 0x00, 0x00,
    0x00, 0x01, 0xef, 0xf6, 0x00, 0x00, 0x00, 0x00,
    0x00, 0x03, 0xef, 0xfe, 0x10, 0x00, 0x00, 0x00,
    0x01, 0x5b, 0xff, 0xff, 0x30, 0x00, 0x00, 0x00,
    0x6e, 0xff, 0xff, 0xfe, 0x30, 0x00, 0x00, 0x00,
    0x09, 0xff, 0xff, 0xff, 0xff, 0x60, 0x00, 0x00,
    0x00, 0x2c, 0xb9, 0x9a, 0xff, 0xff, 0x50, 0x00,
    0x00, 0x00, 0x00, 0x00, 0x01, 0xbf, 0xfe, 0x00,
    0x00, 0x00, 0x00, 0x00, 0x00, 0x00, 0xcf, 0xf6,
    0x00, 0x00, 0x00, 0x00, 0x00, 0x00, 0x05, 0xff,
    0xb0, 0x00, 0x00, 0x00, 0x00, 0x00, 0x00, 0x1f,
    0xfd, 0x00, 0x00, 0x00, 0x00, 0x00, 0x00, 0x00,
    0xff, 0xe0, 0x00, 0x00, 0x00, 0x00, 0x00, 0x00,
    0x2f, 0xfc, 0x00, 0x00, 0x00, 0x00, 0x00, 0x00,
    0x06, 0xff, 0xa0, 0xae, 0x10, 0x00, 0x00, 0x00,
    0x00, 0xcf, 0xf5, 0x1f, 0xfc, 0x10, 0x00, 0x00,
    0x00, 0x7f, 0xfe, 0x01, 0xff, 0xfd, 0x40, 0x00,
    0x02, 0xaf, 0xff, 0x60, 0x05, 0xff, 0xff, 0xec,
    0xce, 0xff, 0xff, 0x90, 0x00, 0x03, 0xdf, 0xff,
    0xff, 0xff, 0xff, 0x60, 0x00, 0x00, 0x00, 0x5a,
    0xdf, 0xfe, 0xb7, 0x10, 0x00, 0x00,

    /* U+0034 "4" */
    0x00, 0x00, 0x00, 0x00, 0x00, 0x7e, 0x30, 0x00,
    0x00, 0x00, 0x00, 0x00, 0x00, 0x00, 0xdf, 0xe0,
    0x00, 0x00, 0x00, 0x00, 0x00, 0x00, 0x04, 0xff,
    0xf0, 0x00, 0x00, 0x00, 0x00, 0x00, 0x00, 0x0c,
    0xff, 0x80, 0x00, 0x00, 0x00, 0x00, 0x00, 0x00,
    0x3f, 0xfe, 0x00, 0x00, 0x00, 0x00, 0x00, 0x00,
    0x00, 0xbf, 0xf6, 0x00, 0x00, 0x00, 0x00, 0x00,
    0x00, 0x04, 0xff, 0xe5, 0x61, 0x00, 0x00, 0x00,
    0x00, 0x00, 0x0c, 0xff, 0x5f, 0xfe, 0x00, 0x00,
    0x00, 0x00, 0x00, 0x4f, 0xfd, 0x0e, 0xff, 0x10,
    0x00, 0x00, 0x00, 0x00, 0xdf, 0xf4, 0x0e, 0xff,
    0x10, 0x00, 0x00, 0x00, 0x05, 0xff, 0xb0, 0x0d,
    0xff, 0x10, 0x00, 0x00, 0x00, 0x0e, 0xff, 0x30,
    0x0d, 0xff, 0x10, 0x00, 0x00, 0x00, 0x7f, 0xf9,
    0x00, 0x0d, 0xff, 0x10, 0x00, 0x00, 0x01, 0xff,
    0xf1, 0x00, 0x0d, 0xff, 0x00, 0x00, 0x00, 0x09,
    0xff, 0x70, 0x00, 0x0d, 0xff, 0x00, 0x00, 0x00,
    0x2f, 0xfd, 0x00, 0x00, 0x0d, 0xff, 0x00, 0x00,
    0x00, 0xbf, 0xf4, 0x00, 0x00, 0x0d, 0xff, 0x00,
    0x00, 0x04, 0xff, 0xb0, 0x00, 0x00, 0x0d, 0xff,
    0x00, 0x00, 0x0e, 0xff, 0xcb, 0xbb, 0xbb, 0xbf,
    0xff, 0xef, 0xb0, 0x4f, 0xff, 0xff, 0xff, 0xff,
    0xff, 0xff, 0xff, 0xf3, 0x0e, 0xff, 0xff, 0xff,
    0xff, 0xff, 0xff, 0xee, 0xd3, 0x01, 0x62, 0x10,
    0x00, 0x00, 0x0d, 0xff, 0x00, 0x00, 0x00, 0x00,
    0x00, 0x00, 0x00, 0x0d, 0xff, 0x00, 0x00, 0x00,
    0x00, 0x00, 0x00, 0x00, 0x0d, 0xff, 0x10, 0x00,
    0x00, 0x00, 0x00, 0x00, 0x00, 0x0e, 0xff, 0x10,
    0x00, 0x00, 0x00, 0x00, 0x00, 0x00, 0x0e, 0xff,
    0x20, 0x00, 0x00, 0x00, 0x00, 0x00, 0x00, 0x06,
    0xee, 0x10, 0x00,

    /* U+0035 "5" */
    0x00, 0x19, 0x74, 0x67, 0x8a, 0xbc, 0xef, 0x50,
    0x00, 0x5f, 0xff, 0xff, 0xff, 0xff, 0xff, 0xc0,
    0x00, 0x6f, 0xff, 0xff, 0xff, 0xff, 0xed, 0xa0,
    0x00, 0x8f, 0xfa, 0x75, 0x42, 0x10, 0x00, 0x00,
    0x00, 0xaf, 0xf2, 0x00, 0x00, 0x00, 0x00, 0x00,
    0x00, 0xcf, 0xf0, 0x00, 0x00, 0x00, 0x00, 0x00,
    0x00, 0xef, 0xd0, 0x00, 0x00, 0x00, 0x00, 0x00,
    0x00, 0xff, 0xb0, 0x00, 0x00, 0x00, 0x00, 0x00,
    0x02, 0xff, 0x90, 0x00, 0x00, 0x00, 0x00, 0x00,
    0x04, 0xff, 0x70, 0x00, 0x00, 0x00, 0x00, 0x00,
    0x07, 0xff, 0x57, 0xce, 0xfe, 0xb5, 0x00, 0x00,
    0x09, 0xff, 0xff, 0xff, 0xff, 0xff, 0xc1, 0x00,
    0x0c, 0xff, 0xff, 0xca, 0x9c, 0xff, 0xfd, 0x00,
    0x0e, 0xff, 0xb2, 0x00, 0x00, 0x4e, 0xff, 0x90,
    0x06, 0xe8, 0x00, 0x00, 0x00, 0x04, 0xff, 0xf0,
    0x00, 0x00, 0x00, 0x00, 0x00, 0x00, 0xbf, 0xf5,
    0x00, 0x00, 0x00, 0x00, 0x00, 0x00, 0x6f, 0xf8,
    0x00, 0x00, 0x00, 0x00, 0x00, 0x00, 0x4f, 0xf9,
    0x00, 0x00, 0x00, 0x00, 0x00, 0x00, 0x4f, 0xf9,
    0x00, 0x00, 0x00, 0x00, 0x00, 0x00, 0x6f, 0xf8,
    0x1a, 0x20, 0x00, 0x00, 0x00, 0x00, 0xbf, 0xf6,
    0x9f, 0xc0, 0x00, 0x00, 0x00, 0x02, 0xff, 0xf1,
    0xcf, 0xf9, 0x00, 0x00, 0x00, 0x0c, 0xff, 0xb0,
    0x6f, 0xff, 0xb3, 0x00, 0x04, 0xdf, 0xff, 0x20,
    0x08, 0xff, 0xff, 0xfe, 0xff, 0xff, 0xf6, 0x00,
    0x00, 0x6f, 0xff, 0xff, 0xff, 0xff, 0x50, 0x00,
    0x00, 0x01, 0x7c, 0xef, 0xec, 0x71, 0x00, 0x00,

    /* U+0036 "6" */
    0x00, 0x00, 0x00, 0x05, 0xee, 0x60, 0x00, 0x00,
    0x00, 0x00, 0x00, 0x0d, 0xff, 0xb0, 0x00, 0x00,
    0x00, 0x00, 0x00, 0x7f, 0xff, 0x20, 0x00, 0x00,
    0x00, 0x00, 0x01, 0xff, 0xf5, 0x00, 0x00, 0x00,
    0x00, 0x00, 0x09, 0xff, 0x90, 0x00, 0x00, 0x00,
    0x00, 0x00, 0x2f, 0xfe, 0x00, 0x00, 0x00, 0x00,
    0x00, 0x00, 0xbf, 0xf4, 0x00, 0x00, 0x00, 0x00,
    0x00, 0x03, 0xff, 0xb0, 0x00, 0x00, 0x00, 0x00,
    0x00, 0x0b, 0xff, 0x20, 0x00, 0x00, 0x00, 0x00,
    0x00, 0x3f, 0xf9, 0x00, 0x00, 0x00, 0x00, 0x00,
    0x00, 0xbf, 0xf9, 0xdf, 0xfe, 0xb5, 0x00, 0x00,
    0x02, 0xff, 0xff, 0xff, 0xff, 0xff, 0xc1, 0x00,
    0x09, 0xff, 0xff, 0xfc, 0xac, 0xff, 0xfd, 0x10,
    0x0e, 0xff, 0xf7, 0x00, 0x00, 0x3e, 0xff, 0xa0,
    0x4f, 0xff, 0x60, 0x00, 0x00, 0x02, 0xff, 0xf3,
    0x8f, 0xfb, 0x00, 0x00, 0x00, 0x00, 0x9f, 0xf8,
    0xbf, 0xf5, 0x00, 0x00, 0x00, 0x00, 0x3f, 0xfb,
    0xdf, 0xf1, 0x00, 0x00, 0x00, 0x00, 0x1f, 0xfd,
    0xff, 0xf0, 0x00, 0x00, 0x00, 0x00, 0x1f, 0xfd,
    0xef, 0xf0, 0x00, 0x00, 0x00, 0x00, 0x3f, 0xfb,
    0xdf, 0xf2, 0x00, 0x00, 0x00, 0x00, 0x6f, 0xf9,
    0x9f, 0xf7, 0x00, 0x00, 0x00, 0x00, 0xcf, 0xf4,
    0x3f, 0xfe, 0x10, 0x00, 0x00, 0x05, 0xff, 0xe0,
    0x0a, 0xff, 0xd3, 0x00, 0x00, 0x6f, 0xff, 0x50,
    0x01, 0xdf, 0xff, 0xdb, 0xbe, 0xff, 0xfa, 0x00,
    0x00, 0x1b, 0xff, 0xff, 0xff, 0xff, 0x90, 0x00,
    0x00, 0x00, 0x4a, 0xef, 0xfd, 0xa3, 0x00, 0x00,

    /* U+0037 "7" */
    0x00, 0x00, 0x13, 0x45, 0x68, 0x9a, 0xce, 0xd2,
    0x5e, 0xff, 0xff, 0xff, 0xff, 0xff, 0xff, 0xfb,
    0x3f, 0xff, 0xff, 0xff, 0xff, 0xff, 0xff, 0xfa,
    0x09, 0xfe, 0xca, 0x87, 0x53, 0x21, 0xff, 0xf2,
    0x00, 0x00, 0x00, 0x00, 0x00, 0x06, 0xff, 0xb0,
    0x00, 0x00, 0x00, 0x00, 0x00, 0x0d, 0xff, 0x40,
    0x00, 0x00, 0x00, 0x00, 0x00, 0x4f, 0xfd, 0x00,
    0x00, 0x00, 0x00, 0x00, 0x00, 0xaf, 0xf6, 0x00,
    0x00, 0x00, 0x00, 0x00, 0x01, 0xff, 0xe0, 0x00,
    0x00, 0x00, 0x00, 0x00, 0x07, 0xff, 0x80, 0x00,
    0x00, 0x00, 0x00, 0x00, 0x0d, 0xff, 0x20, 0x00,
    0x00, 0x00, 0x00, 0x00, 0x3f, 0xfb, 0x00, 0x00,
    0x00, 0x00, 0x00, 0x00, 0x9f, 0xf5, 0x00, 0x00,
    0x00, 0x00, 0x00, 0x00, 0xff, 0xf0, 0x00, 0x00,
    0x00, 0x00, 0x00, 0x06, 0xff, 0x90, 0x00, 0x00,
    0x00, 0x00, 0x00, 0x0c, 0xff, 0x30, 0x00, 0x00,
    0x00, 0x00, 0x00, 0x2f, 0xfd, 0x00, 0x00, 0x00,
    0x00, 0x00, 0x00, 0x8f, 0xf8, 0x00, 0x00, 0x00,
    0x00, 0x00, 0x00, 0xdf, 0xf3, 0x00, 0x00, 0x00,
    0x00, 0x00, 0x03, 0xff, 0xd0, 0x00, 0x00, 0x00,
    0x00, 0x00, 0x09, 0xff, 0x80, 0x00, 0x00, 0x00,
    0x00, 0x00, 0x0e, 0xff, 0x30, 0x00, 0x00, 0x00,
    0x00, 0x00, 0x4f, 0xfe, 0x00, 0x00, 0x00, 0x00,
    0x00, 0x00, 0xaf, 0xfa, 0x00, 0x00, 0x00, 0x00,
    0x00, 0x00, 0xef, 0xf6, 0x00, 0x00, 0x00, 0x00,
    0x00, 0x02, 0xff, 0xf1, 0x00, 0x00, 0x00, 0x00,
    0x00, 0x00, 0xcf, 0xa0, 0x00, 0x00, 0x00, 0x00,

    /* U+0038 "8" */
    0x00, 0x00, 0x02, 0x8d, 0xef, 0xd9, 0x30, 0x00,
    0x00, 0x00, 0x00, 0x7f, 0xff, 0xff, 0xff, 0xf8,
    0x00, 0x00, 0x00, 0x07, 0xff, 0xfe, 0xaa, 0xdf,
    0xff, 0x90, 0x00, 0x00, 0x3f, 0xff, 0x60, 0x00,
    0x05, 0xff, 0xf4, 0x00, 0x00, 0xaf, 0xf8, 0x00,
    0x00, 0x00, 0x4f, 0xfe, 0xb0, 0x00, 0xdf, 0xf1,
    0x00, 0x00, 0x00, 0x08, 0xff, 0xc0, 0x00, 0xef,
    0xf0, 0x00, 0x00, 0x00, 0x1d, 0xfe, 0x20, 0x00,
    0xcf, 0xf3, 0x00, 0x00, 0x03, 0xef, 0xe2, 0x00,
    0x00, 0x6f, 0xfc, 0x00, 0x00, 0x6f, 0xff, 0x30,
    0x00, 0x00, 0x0c, 0xff, 0xc2, 0x09, 0xff, 0xe3,
    0x00, 0x00, 0x00, 0x01, 0xcf, 0xff, 0xdf, 0xfd,
    0x20, 0x00, 0x00, 0x00, 0x00, 0x08, 0xff, 0xff,
    0xf2, 0x00, 0x00, 0x00, 0x00, 0x00, 0x0a, 0xff,
    0xff, 0xff, 0x80, 0x00, 0x00, 0x00, 0x01, 0xcf,
    0xff, 0x8c, 0xff, 0xfc, 0x10, 0x00, 0x00, 0x0c,
    0xff, 0xe3, 0x00, 0x5e, 0xff, 0xe1, 0x00, 0x00,
    0x9f, 0xfe, 0x20, 0x00, 0x01, 0xcf, 0xfb, 0x00,
    0x03, 0xff, 0xf2, 0x00, 0x00, 0x00, 0x1e, 0xff,
    0x30, 0x0a, 0xff, 0x70, 0x00, 0x00, 0x00, 0x08,
    0xff, 0x70, 0x0e, 0xff, 0x10, 0x00, 0x00, 0x00,
    0x05, 0xff, 0xa0, 0x0f, 0xfe, 0x00, 0x00, 0x00,
    0x00, 0x03, 0xff, 0xb0, 0x0f, 0xff, 0x00, 0x00,
    0x00, 0x00, 0x04, 0xff, 0xa0, 0x0d, 0xff, 0x30,
    0x00, 0x00, 0x00, 0x08, 0xff, 0x70, 0x08, 0xff,
    0xb0, 0x00, 0x00, 0x00, 0x2f, 0xff, 0x30, 0x02,
    0xff, 0xfb, 0x20, 0x00, 0x06, 0xef, 0xfb, 0x00,
    0x00, 0x5f, 0xff, 0xfd, 0xcd, 0xff, 0xff, 0xe1,
    0x00, 0x00, 0x05, 0xff, 0xff, 0xff, 0xff, 0xfb,
    0x10, 0x00, 0x00, 0x00, 0x17, 0xce, 0xfe, 0xd9,
    0x40, 0x00, 0x00,

    /* U+0039 "9" */
    0x00, 0x00, 0x00, 0x5b, 0xef, 0xea, 0x30, 0x00,
    0x00, 0x00, 0x00, 0x1b, 0xff, 0xff, 0xff, 0xf6,
    0x8d, 0x40, 0x00, 0x02, 0xef, 0xff, 0xec, 0xdf,
    0xff, 0xef, 0xf1, 0x00, 0x0d, 0xff, 0xe4, 0x00,
    0x06, 0xff, 0xff, 0xf0, 0x00, 0x8f, 0xfe, 0x20,
    0x00, 0x00, 0x9f, 0xff, 0xb0, 0x01, 0xff, 0xf4,
    0x00, 0x00, 0x00, 0x1d, 0xff, 0x70, 0x07, 0xff,
    0xb0, 0x00, 0x00, 0x00, 0x09, 0xff, 0x30, 0x0c,
    0xff, 0x40, 0x00, 0x00, 0x00, 0x0d, 0xff, 0x00,
    0x0f, 0xff, 0x00, 0x00, 0x00, 0x00, 0x3f, 0xfd,
    0x00, 0x0f, 0xfd, 0x00, 0x00, 0x00, 0x00, 0xaf,
    0xfa, 0x00, 0x0f, 0xfd, 0x00, 0x00, 0x00, 0x03,
    0xff, 0xf7, 0x00, 0x0f, 0xfe, 0x00, 0x00, 0x00,
    0x0d, 0xff, 0xf5, 0x00, 0x0c, 0xff, 0x40, 0x00,
    0x00, 0xaf, 0xff, 0xf2, 0x00, 0x06, 0xff, 0xc1,
    0x00, 0x2b, 0xff, 0xff, 0xf0, 0x00, 0x00, 0xdf,
    0xff, 0xde, 0xff, 0xfe, 0xff, 0xd0, 0x00, 0x00,
    0x2e, 0xff, 0xff, 0xff, 0xb3, 0xff, 0xa0, 0x00,
    0x00, 0x01, 0x8d, 0xfe, 0xb4, 0x05, 0xff, 0x80,
    0x00, 0x00, 0x00, 0x00, 0x00, 0x00, 0x07, 0xff,
    0x50, 0x00, 0x00, 0x00, 0x00, 0x00, 0x00, 0x0a,
    0xff, 0x30, 0x00, 0x00, 0x00, 0x00, 0x00, 0x00,
    0x0d, 0xff, 0x00, 0x00, 0x00, 0x00, 0x00, 0x00,
    0x00, 0x0f, 0xfe, 0x00, 0x00, 0x00, 0x00, 0x00,
    0x00, 0x00, 0x3f, 0xfc, 0x00, 0x00, 0x00, 0x00,
    0x00, 0x00, 0x00, 0x6f, 0xf9, 0x00, 0x00, 0x00,
    0x00, 0x00, 0x00, 0x00, 0x9f, 0xf7, 0x00, 0x00,
    0x00, 0x00, 0x00, 0x00, 0x00, 0xcf, 0xf5, 0x00,
    0x00, 0x00, 0x00, 0x00, 0x00, 0x00, 0xef, 0xf3,
    0x00, 0x00, 0x00, 0x00, 0x00, 0x00, 0x00, 0xbf,
    0xc0, 0x00, 0x00,

    /* U+003A ":" */
    0x09, 0xed, 0x30, 0x5f, 0xff, 0xe1, 0x7f, 0xff,
    0xf5, 0x3f, 0xff, 0xf5, 0x07, 0xff, 0xc0, 0x00,
    0x11, 0x00, 0x00, 0x00, 0x00, 0x00, 0x00, 0x00,
    0x00, 0x00, 0x00, 0x00, 0x00, 0x00, 0x00, 0x00,
    0x00, 0x00, 0x00, 0x00, 0x00, 0x00, 0x00, 0x00,
    0x21, 0x00, 0x0c, 0xff, 0x60, 0x6f, 0xff, 0xf2,
    0x7f, 0xff, 0xf6, 0x1f, 0xff, 0xf5, 0x04, 0xee,
    0x90,

    /* U+003B ";" */
    0x00, 0x01, 0x00, 0x06, 0xff, 0xb0, 0x0f, 0xff,
    0xf8, 0x0f, 0xff, 0xfc, 0x0a, 0xff, 0xfb, 0x01,
    0xbf, 0xc2, 0x00, 0x00, 0x00, 0x00, 0x00, 0x00,
    0x00, 0x00, 0x00, 0x00, 0x00, 0x00, 0x00, 0x00,
    0x00, 0x00, 0x00, 0x00, 0x00, 0x00, 0x00, 0x00,
    0x00, 0x00, 0x03, 0xce, 0x70, 0x0f, 0xff, 0xf5,
    0x1f, 0xff, 0xfa, 0x0c, 0xff, 0xfc, 0x01, 0xaf,
    0xf9, 0x00, 0x8f, 0xf2, 0x05, 0xff, 0x70, 0x7f,
    0xf7, 0x00, 0xac, 0x30, 0x00,

    /* U+003C "<" */
    0x00, 0x00, 0x00, 0x00, 0x00, 0x00, 0x00, 0x00,
    0x00, 0x00, 0x00, 0x00, 0x00, 0x00, 0x2d, 0x90,
    0x00, 0x00, 0x00, 0x00, 0x00, 0x04, 0xef, 0xe0,
    0x00, 0x00, 0x00, 0x00, 0x00, 0x8f, 0xff, 0xd0,
    0x00, 0x00, 0x00, 0x00, 0x3d, 0xff, 0xfa, 0x10,
    0x00, 0x00, 0x00, 0x08, 0xff, 0xfe, 0x40, 0x00,
    0x00, 0x00, 0x03, 0xdf, 0xff, 0xa1, 0x00, 0x00,
    0x00, 0x01, 0x9f, 0xff, 0xd4, 0x00, 0x00, 0x00,
    0x00, 0x7e, 0xff, 0xf8, 0x00, 0x00, 0x00, 0x00,
    0x0d, 0xff, 0xfb, 0x20, 0x00, 0x00, 0x00, 0x00,
    0x0f, 0xff, 0x80, 0x00, 0x00, 0x00, 0x00, 0x00,
    0x0a, 0xff, 0xfa, 0x10, 0x00, 0x00, 0x00, 0x00,
    0x00, 0x7e, 0xff, 0xf7, 0x00, 0x00, 0x00, 0x00,
    0x00, 0x01, 0x9f, 0xff, 0xd4, 0x00, 0x00, 0x00,
    0x00, 0x00, 0x03, 0xdf, 0xff, 0xa1, 0x00, 0x00,
    0x00, 0x00, 0x00, 0x07, 0xff, 0xfe, 0x50, 0x00,
    0x00, 0x00, 0x00, 0x00, 0x2d, 0xff, 0xfa, 0x10,
    0x00, 0x00, 0x00, 0x00, 0x00, 0x8f, 0xff, 0xb0,
    0x00, 0x00, 0x00, 0x00, 0x00, 0x04, 0xff, 0xd0,
    0x00, 0x00, 0x00, 0x00, 0x00, 0x00, 0x2c, 0x80,

    /* U+003D "=" */
    0x0a, 0xbb, 0xbb, 0xbb, 0xbb, 0xbb, 0xbb, 0x90,
    0x2f, 0xff, 0xff, 0xff, 0xff, 0xff, 0xff, 0xf2,
    0x0d, 0xff, 0xff, 0xff, 0xff, 0xff, 0xff, 0xf1,
    0x00, 0x00, 0x00, 0x00, 0x00, 0x00, 0x00, 0x00,
    0x00, 0x00, 0x00, 0x00, 0x00, 0x00, 0x00, 0x00,
    0x00, 0x00, 0x00, 0x00, 0x00, 0x00, 0x00, 0x00,
    0x00, 0x00, 0x00, 0x00, 0x00, 0x00, 0x00, 0x00,
    0x0a, 0xbb, 0xbb, 0xbb, 0xbb, 0xbb, 0xbb, 0x90,
    0x2f, 0xff, 0xff, 0xff, 0xff, 0xff, 0xff, 0xf2,
    0x0d, 0xff, 0xff, 0xff, 0xff, 0xff, 0xff, 0xf1,

    /* U+003E ">" */
    0x00, 0x00, 0x00, 0x00, 0x00, 0x00, 0x00, 0x00,
    0xda, 0x00, 0x00, 0x00, 0x00, 0x00, 0x00, 0x1f,
    0xfd, 0x20, 0x00, 0x00, 0x00, 0x00, 0x00, 0xff,
    0xff, 0x60, 0x00, 0x00, 0x00, 0x00, 0x02, 0xcf,
    0xff, 0xb1, 0x00, 0x00, 0x00, 0x00, 0x00, 0x7f,
    0xff, 0xe5, 0x00, 0x00, 0x00, 0x00, 0x00, 0x2c,
    0xff, 0xfb, 0x20, 0x00, 0x00, 0x00, 0x00, 0x06,
    0xef, 0xff, 0x70, 0x00, 0x00, 0x00, 0x00, 0x01,
    0x9f, 0xff, 0xd5, 0x00, 0x00, 0x00, 0x00, 0x00,
    0x3c, 0xff, 0xf7, 0x00, 0x00, 0x00, 0x00, 0x00,
    0x0c, 0xff, 0xb0, 0x00, 0x00, 0x00, 0x00, 0x5e,
    0xff, 0xf9, 0x00, 0x00, 0x00, 0x02, 0xbf, 0xff,
    0xd5, 0x00, 0x00, 0x00, 0x07, 0xff, 0xff, 0x60,
    0x00, 0x00, 0x00, 0x3d, 0xff, 0xfa, 0x10, 0x00,
    0x00, 0x00, 0x8f, 0xff, 0xe5, 0x00, 0x00, 0x00,
    0x03, 0xdf, 0xff, 0xa1, 0x00, 0x00, 0x00, 0x02,
    0xff, 0xff, 0x50, 0x00, 0x00, 0x00, 0x00, 0x2f,
    0xfd, 0x20, 0x00, 0x00, 0x00, 0x00, 0x00, 0xda,
    0x00, 0x00, 0x00, 0x00, 0x00, 0x00,

    /* U+003F "?" */
    0x00, 0x00, 0x01, 0x7c, 0xef, 0xfc, 0x70, 0x00,
    0x00, 0x00, 0x7f, 0xff, 0xff, 0xff, 0xfd, 0x10,
    0x00, 0x0a, 0xff, 0xfe, 0xb9, 0xbf, 0xff, 0xb0,
    0x00, 0x9f, 0xff, 0x60, 0x00, 0x04, 0xff, 0xf2,
    0x04, 0xff, 0xf3, 0x00, 0x00, 0x00, 0xbf, 0xf6,
    0x0d, 0xff, 0x60, 0x00, 0x00, 0x00, 0x9f, 0xf6,
    0x1f, 0xfe, 0x00, 0x00, 0x00, 0x00, 0xaf, 0xf5,
    0x07, 0xf7, 0x00, 0x00, 0x00, 0x00, 0xdf, 0xf2,
    0x00, 0x00, 0x00, 0x00, 0x00, 0x05, 0xff, 0xd0,
    0x00, 0x00, 0x00, 0x00, 0x00, 0x1e, 0xff, 0x50,
    0x00, 0x00, 0x00, 0x00, 0x01, 0xdf, 0xfa, 0x00,
    0x00, 0x00, 0x00, 0x00, 0x1d, 0xff, 0xb0, 0x00,
    0x00, 0x00, 0x00, 0x01, 0xdf, 0xfb, 0x00, 0x00,
    0x00, 0x00, 0x00, 0x0a, 0xff, 0xb0, 0x00, 0x00,
    0x00, 0x00, 0x00, 0x3f, 0xfd, 0x00, 0x00, 0x00,
    0x00, 0x00, 0x00, 0x8f, 0xf5, 0x00, 0x00, 0x00,
    0x00, 0x00, 0x00, 0xcf, 0xf0, 0x00, 0x00, 0x00,
    0x00, 0x00, 0x00, 0xdf, 0xf0, 0x00, 0x00, 0x00,
    0x00, 0x00, 0x00, 0xdf, 0xf0, 0x00, 0x00, 0x00,
    0x00, 0x00, 0x00, 0xbf, 0xf3, 0x00, 0x00, 0x00,
    0x00, 0x00, 0x00, 0x27, 0x60, 0x00, 0x00, 0x00,
    0x00, 0x00, 0x00, 0x00, 0x00, 0x00, 0x00, 0x00,
    0x00, 0x00, 0x00, 0x26, 0x20, 0x00, 0x00, 0x00,
    0x00, 0x00, 0x01, 0xff, 0xf2, 0x00, 0x00, 0x00,
    0x00, 0x00, 0x05, 0xff, 0xf8, 0x00, 0x00, 0x00,
    0x00, 0x00, 0x02, 0xff, 0xf9, 0x00, 0x00, 0x00,
    0x00, 0x00, 0x00, 0x7f, 0xd2, 0x00, 0x00, 0x00,

    /* U+0040 "@" */
    0x00, 0x00, 0x00, 0x4b, 0xef, 0xea, 0x30, 0x00,
    0x00, 0x00, 0x00, 0x9f, 0xff, 0xff, 0xff, 0x80,
    0x00, 0x00, 0x00, 0x8f, 0xff, 0xc9, 0xcf, 0xff,
    0x60, 0x00, 0x00, 0x3f, 0xff, 0x50, 0x00, 0x5f,
    0xff, 0x20, 0x00, 0x0c, 0xff, 0x60, 0x00, 0x00,
    0x6f, 0xf9, 0x00, 0x03, 0xff, 0xc0, 0x17, 0xa8,
    0x20, 0xdf, 0xf0, 0x00, 0xaf, 0xf3, 0x2e, 0xff,
    0xff, 0xe9, 0xff, 0x40, 0x0f, 0xfc, 0x0c, 0xff,
    0xff, 0xff, 0xaf, 0xf8, 0x04, 0xff, 0x75, 0xff,
    0x91, 0xff, 0xf6, 0xff, 0xa0, 0x8f, 0xf3, 0xcf,
    0xe0, 0x0d, 0xff, 0x3e, 0xfb, 0x0b, 0xff, 0x2f,
    0xf9, 0x00, 0xcf, 0xf1, 0xef, 0xc0, 0xdf, 0xd5,
    0xff, 0x50, 0x0d, 0xff, 0x0e, 0xfd, 0x0f, 0xfb,
    0x8f, 0xf2, 0x00, 0xff, 0xe0, 0xef, 0xc0, 0xff,
    0xba, 0xff, 0x10, 0x1f, 0xfd, 0x0f, 0xfb, 0x1f,
    0xfa, 0xbf, 0xf0, 0x04, 0xff, 0xb1, 0xff, 0x81,
    0xff, 0xab, 0xff, 0x00, 0x8f, 0xfa, 0x4f, 0xf5,
    0x0f, 0xfb, 0xaf, 0xf0, 0x0d, 0xff, 0x98, 0xff,
    0x20, 0xff, 0xc8, 0xff, 0x37, 0xff, 0xfa, 0xef,
    0xc0, 0x0d, 0xff, 0x4f, 0xff, 0xff, 0xff, 0xff,
    0xf7, 0x10, 0x9f, 0xf2, 0xcf, 0xff, 0xee, 0xff,
    0xfe, 0xfa, 0x05, 0xff, 0x71, 0xbe, 0xa1, 0x4d,
    0xea, 0xcf, 0x70, 0x0f, 0xfd, 0x00, 0x00, 0x00,
    0x00, 0x6f, 0xf1, 0x00, 0x9f, 0xf7, 0x00, 0x00,
    0x00, 0x4f, 0xf8, 0x00, 0x01, 0xef, 0xf7, 0x00,
    0x00, 0x7f, 0xfd, 0x00, 0x00, 0x04, 0xff, 0xfe,
    0xbb, 0xef, 0xfe, 0x20, 0x00, 0x00, 0x05, 0xff,
    0xff, 0xff, 0xfd, 0x20, 0x00, 0x00, 0x00, 0x02,
    0x9d, 0xfe, 0xc6, 0x00, 0x00, 0x00,

    /* U+0041 "A" */
    0x00, 0x00, 0x00, 0x02, 0xed, 0x50, 0x00, 0x00,
    0x00, 0x00, 0x00, 0x00, 0x07, 0xff, 0xf0, 0x00,
    0x00, 0x00, 0x00, 0x00, 0x00, 0x0a, 0xff, 0xf0,
    0x00, 0x00, 0x00, 0x00, 0x00, 0x00, 0x0d, 0xff,
    0xf4, 0x00, 0x00, 0x00, 0x00, 0x00, 0x00, 0x1f,
    0xff, 0xf8, 0x00, 0x00, 0x00, 0x00, 0x00, 0x00,
    0x5f, 0xff, 0xfc, 0x00, 0x00, 0x00, 0x00, 0x00,
    0x00, 0x9f, 0xe9, 0xff, 0x00, 0x00, 0x00, 0x00,
    0x00, 0x00, 0xdf, 0xa5, 0xff, 0x30, 0x00, 0x00,
    0x00, 0x00, 0x02, 0xff, 0x62, 0xff, 0x70, 0x00,
    0x00, 0x00, 0x00, 0x06, 0xff, 0x10, 0xef, 0xb0,
    0x00, 0x00, 0x00, 0x00, 0x0a, 0xfd, 0x00, 0xaf,
    0xf0, 0x00, 0x00, 0x00, 0x00, 0x0e, 0xf9, 0x00,
    0x7f, 0xf3, 0x00, 0x00, 0x00, 0x00, 0x3f, 0xf4,
    0x00, 0x3f, 0xf7, 0x00, 0x00, 0x00, 0x00, 0x7f,
    0xf0, 0x00, 0x0f, 0xfb, 0x00, 0x00, 0x00, 0x00,
    0xcf, 0xc0, 0x00, 0x0b, 0xff, 0x00, 0x00, 0x00,
    0x11, 0xff, 0x92, 0x22, 0x29, 0xff, 0x30, 0x00,
    0x04, 0xff, 0xff, 0xff, 0xff, 0xff, 0xff, 0x70,
    0x00, 0x02, 0xff, 0xff, 0xff, 0xff, 0xff, 0xff,
    0xb0, 0x00, 0x00, 0x8f, 0xfc, 0x44, 0x44, 0x44,
    0xcf, 0xf0, 0x00, 0x00, 0x3f, 0xf6, 0x00, 0x00,
    0x00, 0x8f, 0xf4, 0x00, 0x00, 0x7f, 0xf2, 0x00,
    0x00, 0x00, 0x3f, 0xf9, 0x00, 0x00, 0xcf, 0xd0,
    0x00, 0x00, 0x00, 0x0f, 0xfd, 0x00, 0x02, 0xff,
    0x90, 0x00, 0x00, 0x00, 0x0b, 0xff, 0x20, 0x07,
    0xff, 0x50, 0x00, 0x00, 0x00, 0x06, 0xff, 0x80,
    0x0d, 0xff, 0x10, 0x00, 0x00, 0x00, 0x02, 0xff,
    0xd0, 0x4f, 0xfd, 0x00, 0x00, 0x00, 0x00, 0x00,
    0xef, 0xf5, 0x3e, 0xf6, 0x00, 0x00, 0x00, 0x00,
    0x00, 0x7f, 0xc2,

    /* U+0042 "B" */
    0x00, 0x37, 0xad, 0xef, 0xfe, 0xc7, 0x10, 0x00,
    0x00, 0xaf, 0xff, 0xff, 0xff, 0xff, 0xff, 0x50,
    0x00, 0x0a, 0xff, 0xff, 0xdb, 0xbc, 0xff, 0xff,
    0x30, 0x00, 0x0d, 0xff, 0x10, 0x00, 0x01, 0xaf,
    0xfa, 0x00, 0x00, 0xbf, 0xf0, 0x00, 0x00, 0x00,
    0xdf, 0xf0, 0x00, 0x0b, 0xff, 0x00, 0x00, 0x00,
    0x09, 0xff, 0x10, 0x00, 0xbf, 0xf0, 0x00, 0x00,
    0x00, 0xaf, 0xf0, 0x00, 0x0b, 0xff, 0x00, 0x00,
    0x00, 0x0e, 0xfe, 0x00, 0x00, 0xbf, 0xf0, 0x00,
    0x00, 0x07, 0xff, 0x80, 0x00, 0x0b, 0xff, 0x00,
    0x00, 0x06, 0xff, 0xe1, 0x00, 0x00, 0xbf, 0xf0,
    0x13, 0x7d, 0xff, 0xe3, 0x00, 0x00, 0x0b, 0xff,
    0xff, 0xff, 0xff, 0xf7, 0x00, 0x00, 0x00, 0xbf,
    0xff, 0xff, 0xff, 0xff, 0xfd, 0x20, 0x00, 0x0b,
    0xff, 0x75, 0x54, 0x57, 0xdf, 0xfe, 0x10, 0x00,
    0xbf, 0xf0, 0x00, 0x00, 0x00, 0x9f, 0xfb, 0x00,
    0x0b, 0xff, 0x00, 0x00, 0x00, 0x00, 0xbf, 0xf2,
    0x00, 0xbf, 0xf0, 0x00, 0x00, 0x00, 0x04, 0xff,
    0x70, 0x0b, 0xff, 0x00, 0x00, 0x00, 0x00, 0x1f,
    0xfa, 0x00, 0xbf, 0xf0, 0x00, 0x00, 0x00, 0x00,
    0xff, 0xb0, 0x0b, 0xff, 0x00, 0x00, 0x00, 0x00,
    0x0f, 0xfa, 0x00, 0xbf, 0xf0, 0x00, 0x00, 0x00,
    0x04, 0xff, 0x80, 0x0b, 0xff, 0x00, 0x00, 0x00,
    0x00, 0xbf, 0xf4, 0x00, 0xbf, 0xf0, 0x00, 0x00,
    0x00, 0x9f, 0xfe, 0x00, 0x0b, 0xff, 0x00, 0x00,
    0x02, 0xbf, 0xff, 0x50, 0x00, 0xbf, 0xf1, 0x23,
    0x7b, 0xff, 0xff, 0x80, 0x02, 0xff, 0xff, 0xff,
    0xff, 0xff, 0xfd, 0x40, 0x00, 0x09, 0xdf, 0xff,
    0xff, 0xfd, 0x94, 0x00, 0x00, 0x00,

    /* U+0043 "C" */
    0x00, 0x00, 0x00, 0x6c, 0xff, 0xd9, 0x20, 0x00,
    0x00, 0x00, 0x01, 0xcf, 0xff, 0xff, 0xff, 0x70,
    0x00, 0x00, 0x01, 0xdf, 0xff, 0xee, 0xff, 0xff,
    0x90, 0x00, 0x00, 0xbf, 0xfd, 0x30, 0x01, 0x8f,
    0xff, 0x50, 0x00, 0x5f, 0xfd, 0x10, 0x00, 0x00,
    0x5f, 0xf6, 0x00, 0x0d, 0xff, 0x30, 0x00, 0x00,
    0x00, 0x9c, 0x00, 0x04, 0xff, 0xb0, 0x00, 0x00,
    0x00, 0x00, 0x00, 0x00, 0xaf, 0xf4, 0x00, 0x00,
    0x00, 0x00, 0x00, 0x00, 0x0f, 0xfe, 0x00, 0x00,
    0x00, 0x00, 0x00, 0x00, 0x04, 0xff, 0x90, 0x00,
    0x00, 0x00, 0x00, 0x00, 0x00, 0x7f, 0xf6, 0x00,
    0x00, 0x00, 0x00, 0x00, 0x00, 0x0a, 0xff, 0x30,
    0x00, 0x00, 0x00, 0x00, 0x00, 0x00, 0xcf, 0xf1,
    0x00, 0x00, 0x00, 0x00, 0x00, 0x00, 0x0d, 0xff,
    0x00, 0x00, 0x00, 0x00, 0x00, 0x00, 0x00, 0xef,
    0xf0, 0x00, 0x00, 0x00, 0x00, 0x00, 0x00, 0x0f,
    0xfe, 0x00, 0x00, 0x00, 0x00, 0x00, 0x00, 0x00,
    0xef, 0xe0, 0x00, 0x00, 0x00, 0x00, 0x00, 0x00,
    0x0e, 0xff, 0x00, 0x00, 0x00, 0x00, 0x00, 0x00,
    0x00, 0xcf, 0xf1, 0x00, 0x00, 0x00, 0x00, 0x00,
    0x00, 0x0a, 0xff, 0x40, 0x00, 0x00, 0x00, 0x00,
    0x06, 0xb0, 0x6f, 0xf8, 0x00, 0x00, 0x00, 0x00,
    0x03, 0xfe, 0x02, 0xff, 0xe0, 0x00, 0x00, 0x00,
    0x01, 0xdf, 0x80, 0x0b, 0xff, 0x80, 0x00, 0x00,
    0x01, 0xcf, 0xe1, 0x00, 0x3f, 0xff, 0x81, 0x00,
    0x05, 0xef, 0xf4, 0x00, 0x00, 0x8f, 0xff, 0xfd,
    0xcf, 0xff, 0xf6, 0x00, 0x00, 0x00, 0x8f, 0xff,
    0xff, 0xff, 0xe5, 0x00, 0x00, 0x00, 0x00, 0x29,
    0xdf, 0xfc, 0x71, 0x00, 0x00, 0x00,

    /* U+0044 "D" */
    0x00, 0x48, 0xbd, 0xef, 0xec, 0x71, 0x00, 0x00,
    0x00, 0xaf, 0xff, 0xff, 0xff, 0xff, 0xe6, 0x00,
    0x00, 0x0a, 0xff, 0xff, 0xdd, 0xff, 0xff, 0xf8,
    0x00, 0x00, 0x1f, 0xfe, 0x00, 0x00, 0x3b, 0xff,
    0xf6, 0x00, 0x00, 0xff, 0xe0, 0x00, 0x00, 0x07,
    0xff, 0xf1, 0x00, 0x0f, 0xfe, 0x00, 0x00, 0x00,
    0x0a, 0xff, 0x90, 0x00, 0xff, 0xe0, 0x00, 0x00,
    0x00, 0x1f, 0xfe, 0x00, 0x0f, 0xfe, 0x00, 0x00,
    0x00, 0x00, 0xaf, 0xf4, 0x00, 0xff, 0xe0, 0x00,
    0x00, 0x00, 0x06, 0xff, 0x80, 0x0f, 0xfe, 0x00,
    0x00, 0x00, 0x00, 0x3f, 0xfa, 0x00, 0xff, 0xe0,
    0x00, 0x00, 0x00, 0x01, 0xff, 0xc0, 0x0f, 0xfe,
    0x00, 0x00, 0x00, 0x00, 0x0f, 0xfd, 0x00, 0xff,
    0xe0, 0x00, 0x00, 0x00, 0x00, 0xff, 0xe0, 0x0f,
    0xfe, 0x00, 0x00, 0x00, 0x00, 0x0f, 0xfe, 0x00,
    0xff, 0xe0, 0x00, 0x00, 0x00, 0x00, 0xff, 0xd0,
    0x0f, 0xfe, 0x00, 0x00, 0x00, 0x00, 0x1f, 0xfc,
    0x00, 0xff, 0xe0, 0x00, 0x00, 0x00, 0x04, 0xff,
    0xa0, 0x0f, 0xfe, 0x00, 0x00, 0x00, 0x00, 0x7f,
    0xf7, 0x00, 0xff, 0xe0, 0x00, 0x00, 0x00, 0x0c,
    0xff, 0x30, 0x0f, 0xfe, 0x00, 0x00, 0x00, 0x02,
    0xff, 0xe0, 0x00, 0xff, 0xe0, 0x00, 0x00, 0x00,
    0xaf, 0xf8, 0x00, 0x0f, 0xfe, 0x00, 0x00, 0x00,
    0x5f, 0xff, 0x10, 0x00, 0xff, 0xe0, 0x00, 0x00,
    0x3e, 0xff, 0x60, 0x00, 0x0f, 0xfe, 0x00, 0x00,
    0x6f, 0xff, 0xa0, 0x00, 0x00, 0xff, 0xe2, 0x49,
    0xef, 0xff, 0xa0, 0x00, 0x02, 0xff, 0xff, 0xff,
    0xff, 0xfe, 0x60, 0x00, 0x00, 0x1b, 0xef, 0xff,
    0xfd, 0xa5, 0x00, 0x00, 0x00, 0x00,

    /* U+0045 "E" */
    0x0d, 0xd9, 0x9a, 0xbb, 0xcd, 0xef, 0xff, 0x70,
    0x00, 0xff, 0xff, 0xff, 0xff, 0xff, 0xff, 0xfe,
    0x00, 0x0f, 0xff, 0xff, 0xff, 0xff, 0xfe, 0xdd,
    0xb0, 0x00, 0xef, 0xf8, 0x65, 0x32, 0x00, 0x00,
    0x00, 0x00, 0x0e, 0xfe, 0x00, 0x00, 0x00, 0x00,
    0x00, 0x00, 0x00, 0xef, 0xe0, 0x00, 0x00, 0x00,
    0x00, 0x00, 0x00, 0x0e, 0xfe, 0x00, 0x00, 0x00,
    0x00, 0x00, 0x00, 0x00, 0xef, 0xe0, 0x00, 0x00,
    0x00, 0x00, 0x00, 0x00, 0x0e, 0xfe, 0x00, 0x00,
    0x00, 0x00, 0x00, 0x00, 0x00, 0xef, 0xe0, 0x00,
    0x00, 0x00, 0x00, 0x00, 0x00, 0x0e, 0xfe, 0x00,
    0x00, 0x00, 0x00, 0x00, 0x00, 0x02, 0xef, 0xe5,
    0x67, 0x9a, 0xbd, 0xfa, 0x00, 0x00, 0xaf, 0xff,
    0xff, 0xff, 0xff, 0xff, 0xf2, 0x00, 0x06, 0xff,
    0xff, 0xff, 0xff, 0xee, 0xed, 0x10, 0x00, 0x0e,
    0xfe, 0x43, 0x21, 0x00, 0x00, 0x00, 0x00, 0x00,
    0xef, 0xe0, 0x00, 0x00, 0x00, 0x00, 0x00, 0x00,
    0x0e, 0xfe, 0x00, 0x00, 0x00, 0x00, 0x00, 0x00,
    0x00, 0xef, 0xe0, 0x00, 0x00, 0x00, 0x00, 0x00,
    0x00, 0x0e, 0xfe, 0x00, 0x00, 0x00, 0x00, 0x00,
    0x00, 0x00, 0xef, 0xe0, 0x00, 0x00, 0x00, 0x00,
    0x00, 0x00, 0x0e, 0xfe, 0x00, 0x00, 0x00, 0x00,
    0x00, 0x00, 0x00, 0xef, 0xe0, 0x00, 0x00, 0x00,
    0x00, 0x00, 0x00, 0x0e, 0xfe, 0x00, 0x00, 0x00,
    0x00, 0x00, 0x00, 0x00, 0xff, 0xe0, 0x00, 0x00,
    0x00, 0x00, 0x00, 0x00, 0x0f, 0xff, 0xcc, 0xcc,
    0xcc, 0xcc, 0xcc, 0xc4, 0x00, 0xff, 0xff, 0xff,
    0xff, 0xff, 0xff, 0xff, 0xd0, 0x06, 0xff, 0xff,
    0xff, 0xff, 0xff, 0xff, 0xfe, 0x00,

    /* U+0046 "F" */
    0x07, 0xff, 0xff, 0xff, 0xff, 0xff, 0xff, 0xc0,
    0x09, 0xff, 0xff, 0xff, 0xff, 0xff, 0xff, 0xf4,
    0x08, 0xff, 0xed, 0xdd, 0xdd, 0xdd, 0xdd, 0xc3,
    0x08, 0xff, 0x50, 0x00, 0x00, 0x00, 0x00, 0x00,
    0x08, 0xff, 0x50, 0x00, 0x00, 0x00, 0x00, 0x00,
    0x08, 0xff, 0x50, 0x00, 0x00, 0x00, 0x00, 0x00,
    0x08, 0xff, 0x50, 0x00, 0x00, 0x00, 0x00, 0x00,
    0x08, 0xff, 0x50, 0x00, 0x00, 0x00, 0x00, 0x00,
    0x08, 0xff, 0x50, 0x00, 0x00, 0x00, 0x00, 0x00,
    0x08, 0xff, 0x50, 0x00, 0x00, 0x00, 0x00, 0x00,
    0x08, 0xff, 0x50, 0x00, 0x00, 0x00, 0x00, 0x00,
    0x1b, 0xff, 0xa8, 0x9a, 0xcd, 0xef, 0xe1, 0x00,
    0x4f, 0xff, 0xff, 0xff, 0xff, 0xff, 0xf6, 0x00,
    0x0e, 0xff, 0xff, 0xff, 0xff, 0xff, 0xf6, 0x00,
    0x08, 0xff, 0x50, 0x00, 0x00, 0x00, 0x00, 0x00,
    0x08, 0xff, 0x50, 0x00, 0x00, 0x00, 0x00, 0x00,
    0x08, 0xff, 0x50, 0x00, 0x00, 0x00, 0x00, 0x00,
    0x08, 0xff, 0x50, 0x00, 0x00, 0x00, 0x00, 0x00,
    0x08, 0xff, 0x50, 0x00, 0x00, 0x00, 0x00, 0x00,
    0x08, 0xff, 0x50, 0x00, 0x00, 0x00, 0x00, 0x00,
    0x08, 0xff, 0x60, 0x00, 0x00, 0x00, 0x00, 0x00,
    0x08, 0xff, 0x60, 0x00, 0x00, 0x00, 0x00, 0x00,
    0x08, 0xff, 0x60, 0x00, 0x00, 0x00, 0x00, 0x00,
    0x08, 0xff, 0x60, 0x00, 0x00, 0x00, 0x00, 0x00,
    0x08, 0xff, 0x60, 0x00, 0x00, 0x00, 0x00, 0x00,
    0x08, 0xff, 0x60, 0x00, 0x00, 0x00, 0x00, 0x00,
    0x02, 0xcf, 0x50, 0x00, 0x00, 0x00, 0x00, 0x00,

    /* U+0047 "G" */
    0x00, 0x00, 0x00, 0x06, 0xcf, 0xfd, 0xa3, 0x00,
    0x00, 0x00, 0x00, 0x1c, 0xff, 0xff, 0xff, 0xf6,
    0x00, 0x00, 0x00, 0x1d, 0xff, 0xfe, 0xdf, 0xff,
    0xf7, 0x00, 0x00, 0x0b, 0xff, 0xd3, 0x00, 0x07,
    0xff, 0xf1, 0x00, 0x05, 0xff, 0xe1, 0x00, 0x00,
    0x08, 0xfe, 0x00, 0x00, 0xdf, 0xf4, 0x00, 0x00,
    0x00, 0x0b, 0x40, 0x00, 0x5f, 0xfb, 0x00, 0x00,
    0x00, 0x00, 0x00, 0x00, 0x0c, 0xff, 0x40, 0x00,
    0x00, 0x00, 0x00, 0x00, 0x01, 0xff, 0xd0, 0x00,
    0x00, 0x00, 0x00, 0x00, 0x00, 0x6f, 0xf9, 0x00,
    0x00, 0x00, 0x00, 0x00, 0x00, 0x09, 0xff, 0x40,
    0x00, 0x00, 0x00, 0x00, 0x00, 0x00, 0xcf, 0xf1,
    0x00, 0x00, 0x00, 0x00, 0x00, 0x00, 0x0e, 0xff,
    0x00, 0x00, 0x00, 0x01, 0x23, 0x55, 0x00, 0xff,
    0xd0, 0x00, 0x06, 0xff, 0xff, 0xff, 0xf7, 0x0f,
    0xfc, 0x00, 0x00, 0x6f, 0xff, 0xff, 0xff, 0xb1,
    0xff, 0xc0, 0x00, 0x00, 0xcd, 0xa8, 0x9f, 0xfb,
    0x1f, 0xfc, 0x00, 0x00, 0x00, 0x00, 0x03, 0xff,
    0xa0, 0xff, 0xc0, 0x00, 0x00, 0x00, 0x00, 0x5f,
    0xfa, 0x0f, 0xfe, 0x00, 0x00, 0x00, 0x00, 0x07,
    0xff, 0xa0, 0xdf, 0xf0, 0x00, 0x00, 0x00, 0x00,
    0xbf, 0xfa, 0x0a, 0xff, 0x40, 0x00, 0x00, 0x00,
    0x1f, 0xff, 0xa0, 0x6f, 0xfa, 0x00, 0x00, 0x00,
    0x08, 0xff, 0xfa, 0x01, 0xff, 0xf3, 0x00, 0x00,
    0x03, 0xff, 0xff, 0xa0, 0x09, 0xff, 0xe6, 0x00,
    0x04, 0xef, 0xff, 0xfa, 0x00, 0x0d, 0xff, 0xff,
    0xde, 0xff, 0xfe, 0xff, 0xb0, 0x00, 0x1c, 0xff,
    0xff, 0xff, 0xfb, 0x4f, 0xfb, 0x00, 0x00, 0x05,
    0xae, 0xff, 0xc6, 0x00, 0xbf, 0x90,

    /* U+0048 "H" */
    0x00, 0xde, 0x80, 0x00, 0x00, 0x00, 0x0c, 0xe8,
    0x00, 0x0f, 0xff, 0x00, 0x00, 0x00, 0x00, 0xef,
    0xf1, 0x00, 0xef, 0xf0, 0x00, 0x00, 0x00, 0x0e,
    0xff, 0x10, 0x0e, 0xff, 0x00, 0x00, 0x00, 0x00,
    0xdf, 0xf1, 0x00, 0xef, 0xf0, 0x00, 0x00, 0x00,
    0x0d, 0xff, 0x10, 0x0e, 0xff, 0x00, 0x00, 0x00,
    0x00, 0xdf, 0xf1, 0x00, 0xef, 0xf0, 0x00, 0x00,
    0x00, 0x0d, 0xff, 0x10, 0x0e, 0xff, 0x00, 0x00,
    0x00, 0x00, 0xdf, 0xf1, 0x00, 0xef, 0xf0, 0x00,
    0x00, 0x00, 0x0d, 0xff, 0x10, 0x0e, 0xff, 0x00,
    0x00, 0x00, 0x00, 0xdf, 0xf1, 0x00, 0xef, 0xf0,
    0x00, 0x00, 0x02, 0x5e, 0xff, 0x11, 0xef, 0xff,
    0xff, 0xff, 0xff, 0xff, 0xff, 0xf1, 0x1f, 0xff,
    0xff, 0xff, 0xff, 0xff, 0xff, 0xff, 0x10, 0x9f,
    0xff, 0x88, 0x88, 0x88, 0x87, 0xef, 0xf1, 0x00,
    0xef, 0xf0, 0x00, 0x00, 0x00, 0x0d, 0xff, 0x10,
    0x0e, 0xff, 0x00, 0x00, 0x00, 0x00, 0xdf, 0xf1,
    0x00, 0xef, 0xf0, 0x00, 0x00, 0x00, 0x0d, 0xff,
    0x10, 0x0e, 0xff, 0x00, 0x00, 0x00, 0x00, 0xdf,
    0xf1, 0x00, 0xef, 0xf0, 0x00, 0x00, 0x00, 0x0d,
    0xff, 0x10, 0x0e, 0xff, 0x00, 0x00, 0x00, 0x00,
    0xdf, 0xf1, 0x00, 0xef, 0xf0, 0x00, 0x00, 0x00,
    0x0d, 0xff, 0x10, 0x0e, 0xff, 0x00, 0x00, 0x00,
    0x00, 0xdf, 0xf1, 0x00, 0xef, 0xf0, 0x00, 0x00,
    0x00, 0x0d, 0xff, 0x10, 0x0e, 0xff, 0x00, 0x00,
    0x00, 0x00, 0xdf, 0xf1, 0x00, 0xef, 0xf0, 0x00,
    0x00, 0x00, 0x0d, 0xff, 0x10, 0x0e, 0xff, 0x00,
    0x00, 0x00, 0x00, 0xdf, 0xf1, 0x00, 0x6e, 0xe0,
    0x00, 0x00, 0x00, 0x05, 0xee, 0x10,

    /* U+0049 "I" */
    0x07, 0x99, 0x99, 0xaa, 0xbd, 0xef, 0x60, 0x0f,
    0xff, 0xff, 0xff, 0xff, 0xff, 0xe0, 0x0b, 0xff,
    0xff, 0xff, 0xff, 0xff, 0xe0, 0x00, 0x53, 0x29,
    0xff, 0x71, 0x11, 0x00, 0x00, 0x00, 0x08, 0xff,
    0x60, 0x00, 0x00, 0x00, 0x00, 0x08, 0xff, 0x60,
    0x00, 0x00, 0x00, 0x00, 0x08, 0xff, 0x60, 0x00,
    0x00, 0x00, 0x00, 0x08, 0xff, 0x60, 0x00, 0x00,
    0x00, 0x00, 0x09, 0xff, 0x60, 0x00, 0x00, 0x00,
    0x00, 0x09, 0xff, 0x60, 0x00, 0x00, 0x00, 0x00,
    0x09, 0xff, 0x60, 0x00, 0x00, 0x00, 0x00, 0x09,
    0xff, 0x60, 0x00, 0x00, 0x00, 0x00, 0x09, 0xff,
    0x60, 0x00, 0x00, 0x00, 0x00, 0x09, 0xff, 0x60,
    0x00, 0x00, 0x00, 0x00, 0x09, 0xff, 0x60, 0x00,
    0x00, 0x00, 0x00, 0x09, 0xff, 0x60, 0x00, 0x00,
    0x00, 0x00, 0x09, 0xff, 0x60, 0x00, 0x00, 0x00,
    0x00, 0x09, 0xff, 0x60, 0x00, 0x00, 0x00, 0x00,
    0x09, 0xff, 0x60, 0x00, 0x00, 0x00, 0x00, 0x09,
    0xff, 0x60, 0x00, 0x00, 0x00, 0x00, 0x09, 0xff,
    0x60, 0x00, 0x00, 0x00, 0x00, 0x09, 0xff, 0x60,
    0x00, 0x00, 0x00, 0x00, 0x09, 0xff, 0x60, 0x00,
    0x00, 0x00, 0x00, 0x09, 0xff, 0x60, 0x00, 0x00,
    0x4a, 0xaa, 0xae, 0xff, 0xda, 0xaa, 0x90, 0x8f,
    0xff, 0xff, 0xff, 0xff, 0xff, 0xf7, 0x2e, 0xff,
    0xff, 0xff, 0xff, 0xff, 0xf8,

    /* U+004A "J" */
    0x00, 0x00, 0x00, 0x00, 0x05, 0xfc, 0x30, 0x00,
    0x00, 0x00, 0x00, 0x6f, 0xfa, 0x00, 0x00, 0x00,
    0x00, 0x06, 0xff, 0x90, 0x00, 0x00, 0x00, 0x00,
    0x6f, 0xf9, 0x00, 0x00, 0x00, 0x00, 0x06, 0xff,
    0x90, 0x00, 0x00, 0x00, 0x00, 0x6f, 0xf9, 0x00,
    0x00, 0x00, 0x00, 0x06, 0xff, 0x90, 0x00, 0x00,
    0x00, 0x00, 0x6f, 0xf9, 0x00, 0x00, 0x00, 0x00,
    0x06, 0xff, 0x90, 0x00, 0x00, 0x00, 0x00, 0x6f,
    0xf9, 0x00, 0x00, 0x00, 0x00, 0x06, 0xff, 0x90,
    0x00, 0x00, 0x00, 0x00, 0x6f, 0xf9, 0x00, 0x00,
    0x00, 0x00, 0x06, 0xff, 0x90, 0x00, 0x00, 0x00,
    0x00, 0x6f, 0xf9, 0x00, 0x00, 0x00, 0x00, 0x06,
    0xff, 0x90, 0x00, 0x00, 0x00, 0x00, 0x6f, 0xf9,
    0x00, 0x00, 0x00, 0x00, 0x06, 0xff, 0x90, 0x00,
    0x00, 0x00, 0x00, 0x6f, 0xf9, 0x00, 0x00, 0x00,
    0x00, 0x06, 0xff, 0x90, 0x43, 0x00, 0x00, 0x00,
    0x6f, 0xf9, 0x7f, 0xd0, 0x00, 0x00, 0x06, 0xff,
    0x8e, 0xff, 0x20, 0x00, 0x00, 0x9f, 0xf7, 0xbf,
    0xfa, 0x00, 0x00, 0x0e, 0xff, 0x43, 0xff, 0xf8,
    0x10, 0x1a, 0xff, 0xe0, 0x09, 0xff, 0xff, 0xef,
    0xff, 0xf7, 0x00, 0x09, 0xff, 0xff, 0xff, 0xfb,
    0x00, 0x00, 0x04, 0xae, 0xfe, 0xb6, 0x00, 0x00,

    /* U+004B "K" */
    0x1e, 0xd5, 0x00, 0x00, 0x00, 0x02, 0xed, 0x50,
    0x02, 0xff, 0xd0, 0x00, 0x00, 0x00, 0xcf, 0xff,
    0x00, 0x2f, 0xfd, 0x00, 0x00, 0x00, 0x9f, 0xff,
    0x50, 0x02, 0xff, 0xc0, 0x00, 0x00, 0x6f, 0xff,
    0x40, 0x00, 0x2f, 0xfc, 0x00, 0x00, 0x4f, 0xff,
    0x50, 0x00, 0x02, 0xff, 0xc0, 0x00, 0x2e, 0xff,
    0x70, 0x00, 0x00, 0x1f, 0xfc, 0x00, 0x1d, 0xff,
    0xa0, 0x00, 0x00, 0x01, 0xff, 0xc0, 0x0c, 0xff,
    0xc0, 0x00, 0x00, 0x00, 0x1f, 0xfc, 0x0b, 0xff,
    0xd1, 0x00, 0x00, 0x00, 0x01, 0xff, 0xca, 0xff,
    0xe1, 0x00, 0x00, 0x00, 0x00, 0x1f, 0xff, 0xff,
    0xe2, 0x00, 0x00, 0x00, 0x00, 0x01, 0xff, 0xff,
    0xf5, 0x00, 0x00, 0x00, 0x00, 0x00, 0x1f, 0xff,
    0xff, 0xc0, 0x00, 0x00, 0x00, 0x00, 0x01, 0xff,
    0xfd, 0xff, 0x60, 0x00, 0x00, 0x00, 0x00, 0x1f,
    0xfc, 0x2f, 0xff, 0x20, 0x00, 0x00, 0x00, 0x01,
    0xff, 0xc0, 0x7f, 0xfb, 0x00, 0x00, 0x00, 0x00,
    0x1f, 0xfc, 0x00, 0xcf, 0xf6, 0x00, 0x00, 0x00,
    0x01, 0xff, 0xc0, 0x02, 0xff, 0xf2, 0x00, 0x00,
    0x00, 0x1f, 0xfc, 0x00, 0x07, 0xff, 0xc0, 0x00,
    0x00, 0x01, 0xff, 0xc0, 0x00, 0x0d, 0xff, 0x70,
    0x00, 0x00, 0x1f, 0xfc, 0x00, 0x00, 0x3f, 0xff,
    0x30, 0x00, 0x01, 0xff, 0xc0, 0x00, 0x00, 0x7f,
    0xfd, 0x10, 0x00, 0x1f, 0xfc, 0x00, 0x00, 0x00,
    0xcf, 0xfb, 0x00, 0x01, 0xff, 0xc0, 0x00, 0x00,
    0x02, 0xff, 0xf7, 0x00, 0x2f, 0xfd, 0x00, 0x00,
    0x00, 0x07, 0xff, 0xf6, 0x02, 0xff, 0xd0, 0x00,
    0x00, 0x00, 0x0c, 0xff, 0xf3, 0x09, 0xeb, 0x00,
    0x00, 0x00, 0x00, 0x1d, 0xf9, 0x00,

    /* U+004C "L" */
    0xaf, 0xa1, 0x00, 0x00, 0x00, 0x00, 0x00, 0x0c,
    0xff, 0x50, 0x00, 0x00, 0x00, 0x00, 0x00, 0xbf,
    0xf5, 0x00, 0x00, 0x00, 0x00, 0x00, 0x0b, 0xff,
    0x50, 0x00, 0x00, 0x00, 0x00, 0x00, 0xbf, 0xf4,
    0x00, 0x00, 0x00, 0x00, 0x00, 0x0b, 0xff, 0x40,
    0x00, 0x00, 0x00, 0x00, 0x00, 0xbf, 0xf4, 0x00,
    0x00, 0x00, 0x00, 0x00, 0x0b, 0xff, 0x40, 0x00,
    0x00, 0x00, 0x00, 0x00, 0xbf, 0xf4, 0x00, 0x00,
    0x00, 0x00, 0x00, 0x0b, 0xff, 0x40, 0x00, 0x00,
    0x00, 0x00, 0x00, 0xbf, 0xf4, 0x00, 0x00, 0x00,
    0x00, 0x00, 0x0b, 0xff, 0x40, 0x00, 0x00, 0x00,
    0x00, 0x00, 0xbf, 0xf4, 0x00, 0x00, 0x00, 0x00,
    0x00, 0x0b, 0xff, 0x40, 0x00, 0x00, 0x00, 0x00,
    0x00, 0xbf, 0xf4, 0x00, 0x00, 0x00, 0x00, 0x00,
    0x0b, 0xff, 0x40, 0x00, 0x00, 0x00, 0x00, 0x00,
    0xbf, 0xf4, 0x00, 0x00, 0x00, 0x00, 0x00, 0x0b,
    0xff, 0x40, 0x00, 0x00, 0x00, 0x00, 0x00, 0xbf,
    0xf4, 0x00, 0x00, 0x00, 0x00, 0x00, 0x0b, 0xff,
    0x40, 0x00, 0x00, 0x00, 0x00, 0x00, 0xbf, 0xf4,
    0x00, 0x00, 0x00, 0x00, 0x00, 0x0b, 0xff, 0x40,
    0x00, 0x00, 0x00, 0x00, 0x00, 0xbf, 0xf4, 0x00,
    0x00, 0x00, 0x00, 0x00, 0x0b, 0xff, 0x40, 0x00,
    0x00, 0x00, 0x00, 0x00, 0xdf, 0xfc, 0xaa, 0xaa,
    0xaa, 0xaa, 0xa9, 0x0c, 0xff, 0xff, 0xff, 0xff,
    0xff, 0xff, 0xf7, 0x3e, 0xff, 0xff, 0xff, 0xff,
    0xff, 0xff, 0x70,

    /* U+004D "M" */
    0x00, 0x2b, 0xf7, 0x00, 0x00, 0x00, 0x5e, 0xa2,
    0x00, 0x00, 0x9f, 0xfb, 0x00, 0x00, 0x00, 0xaf,
    0xfd, 0x00, 0x00, 0xaf, 0xff, 0x00, 0x00, 0x00,
    0xef, 0xfb, 0x00, 0x00, 0xaf, 0xff, 0x30, 0x00,
    0x02, 0xff, 0xfb, 0x00, 0x00, 0xbf, 0xff, 0x60,
    0x00, 0x06, 0xff, 0xfc, 0x00, 0x00, 0xcf, 0xff,
    0x90, 0x00, 0x0a, 0xff, 0xfd, 0x00, 0x00, 0xdf,
    0xff, 0xc0, 0x00, 0x0e, 0xff, 0xfe, 0x00, 0x00,
    0xef, 0xff, 0xf0, 0x00, 0x2f, 0xff, 0xff, 0x00,
    0x00, 0xef, 0xff, 0xf2, 0x00, 0x6f, 0xfb, 0xff,
    0x00, 0x00, 0xff, 0xbf, 0xf5, 0x00, 0xaf, 0xf7,
    0xff, 0x10, 0x00, 0xff, 0x8f, 0xf8, 0x00, 0xef,
    0xc6, 0xff, 0x20, 0x01, 0xff, 0x6d, 0xfc, 0x01,
    0xff, 0x85, 0xff, 0x30, 0x02, 0xff, 0x6a, 0xff,
    0x05, 0xff, 0x44, 0xff, 0x40, 0x03, 0xff, 0x56,
    0xff, 0x29, 0xff, 0x04, 0xff, 0x40, 0x04, 0xff,
    0x53, 0xff, 0x5d, 0xfc, 0x03, 0xff, 0x50, 0x05,
    0xff, 0x40, 0xff, 0x9f, 0xf8, 0x03, 0xff, 0x60,
    0x05, 0xff, 0x40, 0xdf, 0xff, 0xf5, 0x02, 0xff,
    0x70, 0x06, 0xff, 0x30, 0xaf, 0xff, 0xf1, 0x02,
    0xff, 0x80, 0x07, 0xff, 0x30, 0x7f, 0xff, 0xe0,
    0x01, 0xff, 0x80, 0x08, 0xff, 0x20, 0x3f, 0xff,
    0xb0, 0x01, 0xff, 0x90, 0x09, 0xff, 0x10, 0x0f,
    0xff, 0x80, 0x00, 0xff, 0xa0, 0x0a, 0xff, 0x10,
    0x0e, 0xff, 0x50, 0x00, 0xff, 0xb0, 0x0b, 0xff,
    0x00, 0x06, 0xc8, 0x00, 0x00, 0xff, 0xc0, 0x0d,
    0xff, 0x00, 0x00, 0x00, 0x00, 0x00, 0xff, 0xd0,
    0x0e, 0xff, 0x00, 0x00, 0x00, 0x00, 0x00, 0xff,
    0xf0, 0x0f, 0xff, 0x00, 0x00, 0x00, 0x00, 0x00,
    0xff, 0xf1, 0x0d, 0xfb, 0x00, 0x00, 0x00, 0x00,
    0x00, 0xbf, 0xb0,

    /* U+004E "N" */
    0x09, 0xeb, 0x00, 0x00, 0x00, 0x00, 0x9f, 0x90,
    0x5f, 0xff, 0x50, 0x00, 0x00, 0x00, 0xbf, 0xf1,
    0x3f, 0xff, 0xb0, 0x00, 0x00, 0x00, 0xbf, 0xf1,
    0x2f, 0xff, 0xf2, 0x00, 0x00, 0x00, 0xaf, 0xf1,
    0x2f, 0xff, 0xf8, 0x00, 0x00, 0x00, 0xaf, 0xf1,
    0x2f, 0xff, 0xfe, 0x00, 0x00, 0x00, 0xaf, 0xf1,
    0x2f, 0xff, 0xff, 0x50, 0x00, 0x00, 0xaf, 0xf1,
    0x2f, 0xfd, 0xff, 0xb0, 0x00, 0x00, 0xaf, 0xf1,
    0x2f, 0xf8, 0xef, 0xf2, 0x00, 0x00, 0xaf, 0xf1,
    0x2f, 0xf8, 0x8f, 0xf8, 0x00, 0x00, 0xaf, 0xf1,
    0x2f, 0xf8, 0x1f, 0xfe, 0x00, 0x00, 0xaf, 0xf1,
    0x2f, 0xf8, 0x0b, 0xff, 0x60, 0x00, 0xaf, 0xf1,
    0x2f, 0xf8, 0x04, 0xff, 0xc0, 0x00, 0xaf, 0xf1,
    0x2f, 0xf8, 0x00, 0xdf, 0xf3, 0x00, 0xaf, 0xf1,
    0x2f, 0xf8, 0x00, 0x6f, 0xfa, 0x00, 0xaf, 0xf1,
    0x2f, 0xf8, 0x00, 0x0f, 0xff, 0x20, 0xaf, 0xf1,
    0x2f, 0xf8, 0x00, 0x08, 0xff, 0x80, 0xaf, 0xf1,
    0x2f, 0xf8, 0x00, 0x02, 0xff, 0xf0, 0xaf, 0xf1,
    0x2f, 0xf8, 0x00, 0x00, 0xaf, 0xf6, 0xaf, 0xf1,
    0x2f, 0xf8, 0x00, 0x00, 0x3f, 0xfd, 0xaf, 0xf1,
    0x2f, 0xf8, 0x00, 0x00, 0x0c, 0xff, 0xef, 0xf1,
    0x2f, 0xf8, 0x00, 0x00, 0x05, 0xff, 0xff, 0xf1,
    0x2f, 0xf8, 0x00, 0x00, 0x00, 0xef, 0xff, 0xf1,
    0x3f, 0xf8, 0x00, 0x00, 0x00, 0x7f, 0xff, 0xf1,
    0x3f, 0xf9, 0x00, 0x00, 0x00, 0x0e, 0xff, 0xf2,
    0x3f, 0xf9, 0x00, 0x00, 0x00, 0x08, 0xff, 0xf1,
    0x0a, 0xf8, 0x00, 0x00, 0x00, 0x00, 0xcd, 0x40,

    /* U+004F "O" */
    0x00, 0x00, 0x00, 0x8d, 0xfe, 0xb3, 0x00, 0x00,
    0x00, 0x00, 0x1d, 0xff, 0xff, 0xff, 0x70, 0x00,
    0x00, 0x1c, 0xff, 0xfe, 0xbe, 0xff, 0xf5, 0x00,
    0x00, 0xbf, 0xff, 0x90, 0x00, 0x6f, 0xfe, 0x10,
    0x02, 0xff, 0xf8, 0x00, 0x00, 0x09, 0xff, 0x70,
    0x08, 0xff, 0xd0, 0x00, 0x00, 0x01, 0xff, 0xd0,
    0x0e, 0xff, 0x40, 0x00, 0x00, 0x00, 0xbf, 0xf2,
    0x2f, 0xfe, 0x00, 0x00, 0x00, 0x00, 0x7f, 0xf5,
    0x6f, 0xf8, 0x00, 0x00, 0x00, 0x00, 0x4f, 0xf9,
    0x9f, 0xf5, 0x00, 0x00, 0x00, 0x00, 0x1f, 0xfb,
    0xbf, 0xf2, 0x00, 0x00, 0x00, 0x00, 0x0f, 0xfc,
    0xdf, 0xf0, 0x00, 0x00, 0x00, 0x00, 0x0f, 0xfd,
    0xef, 0xf0, 0x00, 0x00, 0x00, 0x00, 0x0e, 0xfe,
    0xef, 0xe0, 0x00, 0x00, 0x00, 0x00, 0x0f, 0xfe,
    0xef, 0xf0, 0x00, 0x00, 0x00, 0x00, 0x0f, 0xfe,
    0xdf, 0xf0, 0x00, 0x00, 0x00, 0x00, 0x0f, 0xfd,
    0xcf, 0xf0, 0x00, 0x00, 0x00, 0x00, 0x2f, 0xfb,
    0xbf, 0xf2, 0x00, 0x00, 0x00, 0x00, 0x3f, 0xf9,
    0x8f, 0xf4, 0x00, 0x00, 0x00, 0x00, 0x7f, 0xf6,
    0x5f, 0xf7, 0x00, 0x00, 0x00, 0x00, 0xaf, 0xf2,
    0x1f, 0xfc, 0x00, 0x00, 0x00, 0x00, 0xff, 0xe0,
    0x0c, 0xff, 0x20, 0x00, 0x00, 0x06, 0xff, 0x80,
    0x06, 0xff, 0xa0, 0x00, 0x00, 0x2e, 0xff, 0x20,
    0x00, 0xdf, 0xf9, 0x00, 0x04, 0xef, 0xf9, 0x00,
    0x00, 0x3f, 0xff, 0xfd, 0xff, 0xff, 0xd0, 0x00,
    0x00, 0x05, 0xff, 0xff, 0xff, 0xfd, 0x10, 0x00,
    0x00, 0x00, 0x29, 0xdf, 0xfc, 0x60, 0x00, 0x00,

    /* U+0050 "P" */
    0x00, 0x15, 0x8b, 0xdf, 0xff, 0xed, 0x94, 0x00,
    0x00, 0x2c, 0xff, 0xff, 0xff, 0xff, 0xff, 0xff,
    0xc2, 0x00, 0x3f, 0xff, 0xff, 0xfd, 0xcc, 0xdf,
    0xff, 0xfe, 0x10, 0x07, 0xff, 0xe4, 0x00, 0x00,
    0x01, 0x7f, 0xff, 0x90, 0x00, 0xff, 0xe0, 0x00,
    0x00, 0x00, 0x06, 0xff, 0xe0, 0x00, 0xff, 0xe0,
    0x00, 0x00, 0x00, 0x00, 0xef, 0xf1, 0x00, 0xff,
    0xe0, 0x00, 0x00, 0x00, 0x00, 0xcf, 0xf1, 0x00,
    0xff, 0xe0, 0x00, 0x00, 0x00, 0x00, 0xef, 0xf0,
    0x00, 0xff, 0xe0, 0x00, 0x00, 0x00, 0x03, 0xff,
    0xe0, 0x00, 0xff, 0xe0, 0x00, 0x00, 0x00, 0x0c,
    0xff, 0x90, 0x00, 0xff, 0xe0, 0x00, 0x00, 0x01,
    0xbf, 0xff, 0x30, 0x00, 0xff, 0xe0, 0x00, 0x02,
    0x8e, 0xff, 0xf8, 0x00, 0x00, 0xff, 0xe6, 0x8a,
    0xdf, 0xff, 0xff, 0x80, 0x00, 0x00, 0xff, 0xff,
    0xff, 0xff, 0xff, 0xb3, 0x00, 0x00, 0x00, 0xff,
    0xfc, 0xcb, 0xa7, 0x41, 0x00, 0x00, 0x00, 0x00,
    0xff, 0xe0, 0x00, 0x00, 0x00, 0x00, 0x00, 0x00,
    0x00, 0xff, 0xe0, 0x00, 0x00, 0x00, 0x00, 0x00,
    0x00, 0x00, 0xff, 0xe0, 0x00, 0x00, 0x00, 0x00,
    0x00, 0x00, 0x00, 0xff, 0xe0, 0x00, 0x00, 0x00,
    0x00, 0x00, 0x00, 0x00, 0xff, 0xe0, 0x00, 0x00,
    0x00, 0x00, 0x00, 0x00, 0x00, 0xff, 0xe0, 0x00,
    0x00, 0x00, 0x00, 0x00, 0x00, 0x00, 0xff, 0xe0,
    0x00, 0x00, 0x00, 0x00, 0x00, 0x00, 0x00, 0xff,
    0xe0, 0x00, 0x00, 0x00, 0x00, 0x00, 0x00, 0x00,
    0xff, 0xe0, 0x00, 0x00, 0x00, 0x00, 0x00, 0x00,
    0x00, 0xff, 0xe0, 0x00, 0x00, 0x00, 0x00, 0x00,
    0x00, 0x00, 0xff, 0xf0, 0x00, 0x00, 0x00, 0x00,
    0x00, 0x00, 0x00, 0x7e, 0xd0, 0x00, 0x00, 0x00,
    0x00, 0x00, 0x00,

    /* U+0051 "Q" */
    0x00, 0x00, 0x00, 0x8d, 0xfe, 0xb3, 0x00, 0x00,
    0x00, 0x00, 0x01, 0xdf, 0xff, 0xff, 0xf7, 0x00,
    0x00, 0x00, 0x1d, 0xff, 0xfe, 0xbe, 0xff, 0xf5,
    0x00, 0x00, 0x0b, 0xff, 0xf9, 0x00, 0x06, 0xff,
    0xe1, 0x00, 0x02, 0xff, 0xf8, 0x00, 0x00, 0x09,
    0xff, 0x70, 0x00, 0x9f, 0xfd, 0x00, 0x00, 0x00,
    0x1f, 0xfd, 0x00, 0x0e, 0xff, 0x40, 0x00, 0x00,
    0x00, 0xbf, 0xf2, 0x02, 0xff, 0xe0, 0x00, 0x00,
    0x00, 0x07, 0xff, 0x50, 0x6f, 0xf8, 0x00, 0x00,
    0x00, 0x00, 0x4f, 0xf9, 0x09, 0xff, 0x50, 0x00,
    0x00, 0x00, 0x01, 0xff, 0xb0, 0xbf, 0xf2, 0x00,
    0x00, 0x00, 0x00, 0x0f, 0xfc, 0x0d, 0xff, 0x00,
    0x00, 0x00, 0x00, 0x00, 0xff, 0xd0, 0xef, 0xf0,
    0x00, 0x00, 0x00, 0x00, 0x0e, 0xfe, 0x0e, 0xfe,
    0x00, 0x00, 0x00, 0x00, 0x00, 0xff, 0xe0, 0xef,
    0xf0, 0x00, 0x00, 0x00, 0x00, 0x0f, 0xfe, 0x0d,
    0xff, 0x00, 0x00, 0x00, 0x00, 0x00, 0xff, 0xd0,
    0xcf, 0xf0, 0x00, 0x00, 0x00, 0x00, 0x1f, 0xfb,
    0x0a, 0xff, 0x20, 0x00, 0x00, 0x00, 0x03, 0xff,
    0x90, 0x8f, 0xf4, 0x00, 0x03, 0xaa, 0x00, 0x6f,
    0xf6, 0x04, 0xff, 0x70, 0x00, 0xaf, 0xfa, 0x09,
    0xff, 0x30, 0x1f, 0xfc, 0x00, 0x01, 0xef, 0xf6,
    0xef, 0xe0, 0x00, 0xcf, 0xf2, 0x00, 0x04, 0xff,
    0xff, 0xf8, 0x00, 0x06, 0xff, 0xa0, 0x00, 0x09,
    0xff, 0xff, 0x10, 0x00, 0x0d, 0xff, 0x90, 0x00,
    0x5f, 0xff, 0x90, 0x00, 0x00, 0x3f, 0xff, 0xfd,
    0xff, 0xff, 0xfe, 0x10, 0x00, 0x00, 0x5f, 0xff,
    0xff, 0xff, 0xef, 0xfb, 0x00, 0x00, 0x00, 0x29,
    0xdf, 0xfc, 0x60, 0xcf, 0xf6, 0x00, 0x00, 0x00,
    0x00, 0x00, 0x00, 0x01, 0xcf, 0xf2, 0x00, 0x00,
    0x00, 0x00, 0x00, 0x00, 0x00, 0x7e, 0x60,

    /* U+0052 "R" */
    0x00, 0x14, 0x7b, 0xdf, 0xff, 0xfc, 0x82, 0x00,
    0x00, 0x2e, 0xff, 0xff, 0xff, 0xff, 0xff, 0xff,
    0x50, 0x00, 0x1f, 0xff, 0xff, 0xdb, 0xaa, 0xcf,
    0xff, 0xf4, 0x00, 0x07, 0xff, 0xf1, 0x00, 0x00,
    0x01, 0xbf, 0xfe, 0x00, 0x00, 0xdf, 0xf0, 0x00,
    0x00, 0x00, 0x0d, 0xff, 0x30, 0x00, 0xdf, 0xf0,
    0x00, 0x00, 0x00, 0x08, 0xff, 0x60, 0x00, 0xdf,
    0xf0, 0x00, 0x00, 0x00, 0x06, 0xff, 0x80, 0x00,
    0xdf, 0xf0, 0x00, 0x00, 0x00, 0x07, 0xff, 0x60,
    0x00, 0xdf, 0xf0, 0x00, 0x00, 0x00, 0x0c, 0xff,
    0x40, 0x00, 0xdf, 0xf0, 0x00, 0x00, 0x00, 0x6f,
    0xfe, 0x00, 0x00, 0xdf, 0xf0, 0x00, 0x00, 0x05,
    0xff, 0xf7, 0x00, 0x00, 0xdf, 0xf0, 0x11, 0x47,
    0xcf, 0xff, 0xb0, 0x00, 0x00, 0xdf, 0xff, 0xff,
    0xff, 0xff, 0xf8, 0x00, 0x00, 0x00, 0xdf, 0xff,
    0xff, 0xff, 0xd9, 0x20, 0x00, 0x00, 0x00, 0xdf,
    0xff, 0xff, 0x80, 0x00, 0x00, 0x00, 0x00, 0x00,
    0xdf, 0xf2, 0xef, 0xf3, 0x00, 0x00, 0x00, 0x00,
    0x00, 0xdf, 0xf0, 0x4f, 0xfe, 0x10, 0x00, 0x00,
    0x00, 0x00, 0xdf, 0xf0, 0x07, 0xff, 0xc0, 0x00,
    0x00, 0x00, 0x00, 0xdf, 0xf0, 0x00, 0xcf, 0xf8,
    0x00, 0x00, 0x00, 0x00, 0xdf, 0xf0, 0x00, 0x1e,
    0xff, 0x30, 0x00, 0x00, 0x00, 0xdf, 0xf0, 0x00,
    0x05, 0xff, 0xd0, 0x00, 0x00, 0x00, 0xdf, 0xf0,
    0x00, 0x00, 0xaf, 0xf8, 0x00, 0x00, 0x00, 0xdf,
    0xf0, 0x00, 0x00, 0x1e, 0xff, 0x30, 0x00, 0x00,
    0xdf, 0xf0, 0x00, 0x00, 0x04, 0xff, 0xd1, 0x00,
    0x00, 0xef, 0xf0, 0x00, 0x00, 0x00, 0x8f, 0xfc,
    0x00, 0x00, 0xef, 0xf0, 0x00, 0x00, 0x00, 0x09,
    0xff, 0xd1, 0x00, 0x6e, 0xe0, 0x00, 0x00, 0x00,
    0x00, 0x5c, 0xf7,

    /* U+0053 "S" */
    0x00, 0x00, 0x01, 0x8c, 0xff, 0xea, 0x40, 0x00,
    0x00, 0x00, 0x00, 0x5f, 0xff, 0xff, 0xff, 0xfb,
    0x10, 0x00, 0x00, 0x07, 0xff, 0xff, 0xdc, 0xef,
    0xff, 0xe3, 0x00, 0x00, 0x3f, 0xff, 0xa2, 0x00,
    0x05, 0xef, 0xfc, 0x00, 0x00, 0xbf, 0xf9, 0x00,
    0x00, 0x00, 0x2e, 0xfd, 0x00, 0x01, 0xff, 0xf0,
    0x00, 0x00, 0x00, 0x03, 0xf8, 0x00, 0x03, 0xff,
    0xb0, 0x00, 0x00, 0x00, 0x00, 0x00, 0x00, 0x04,
    0xff, 0xa0, 0x00, 0x00, 0x00, 0x00, 0x00, 0x00,
    0x01, 0xff, 0xf1, 0x00, 0x00, 0x00, 0x00, 0x00,
    0x00, 0x00, 0xcf, 0xfd, 0x30, 0x00, 0x00, 0x00,
    0x00, 0x00, 0x00, 0x2f, 0xff, 0xfc, 0x61, 0x00,
    0x00, 0x00, 0x00, 0x00, 0x03, 0xdf, 0xff, 0xff,
    0xc7, 0x10, 0x00, 0x00, 0x00, 0x00, 0x06, 0xcf,
    0xff, 0xff, 0xf9, 0x00, 0x00, 0x00, 0x00, 0x00,
    0x02, 0x7c, 0xff, 0xff, 0xd1, 0x00, 0x00, 0x00,
    0x00, 0x00, 0x00, 0x28, 0xff, 0xfc, 0x00, 0x00,
    0x00, 0x00, 0x00, 0x00, 0x00, 0x3f, 0xff, 0x50,
    0x00, 0x00, 0x00, 0x00, 0x00, 0x00, 0x08, 0xff,
    0xb0, 0x00, 0x00, 0x00, 0x00, 0x00, 0x00, 0x01,
    0xff, 0xf0, 0x00, 0x00, 0x00, 0x00, 0x00, 0x00,
    0x00, 0xef, 0xf0, 0x00, 0x00, 0x00, 0x00, 0x00,
    0x00, 0x00, 0xdf, 0xf0, 0x09, 0xf2, 0x00, 0x00,
    0x00, 0x00, 0x00, 0xff, 0xf0, 0x2f, 0xfc, 0x00,
    0x00, 0x00, 0x00, 0x05, 0xff, 0xc0, 0x1f, 0xff,
    0x90, 0x00, 0x00, 0x00, 0x2e, 0xff, 0x60, 0x05,
    0xff, 0xfa, 0x20, 0x00, 0x05, 0xef, 0xfd, 0x00,
    0x00, 0x6f, 0xff, 0xfe, 0xcc, 0xff, 0xff, 0xf3,
    0x00, 0x00, 0x04, 0xef, 0xff, 0xff, 0xff, 0xfd,
    0x20, 0x00, 0x00, 0x00, 0x07, 0xbe, 0xff, 0xea,
    0x50, 0x00, 0x00,

    /* U+0054 "T" */
    0x00, 0x00, 0x00, 0x00, 0x00, 0x00, 0x02, 0x7d,
    0xa0, 0x0e, 0xff, 0xff, 0xff, 0xff, 0xff, 0xff,
    0xff, 0xf2, 0x0f, 0xff, 0xff, 0xff, 0xff, 0xff,
    0xff, 0xff, 0xf2, 0x08, 0xfd, 0xcb, 0xbd, 0xff,
    0x83, 0x33, 0x33, 0x20, 0x00, 0x00, 0x00, 0x08,
    0xff, 0x60, 0x00, 0x00, 0x00, 0x00, 0x00, 0x00,
    0x08, 0xff, 0x60, 0x00, 0x00, 0x00, 0x00, 0x00,
    0x00, 0x08, 0xff, 0x60, 0x00, 0x00, 0x00, 0x00,
    0x00, 0x00, 0x08, 0xff, 0x60, 0x00, 0x00, 0x00,
    0x00, 0x00, 0x00, 0x08, 0xff, 0x60, 0x00, 0x00,
    0x00, 0x00, 0x00, 0x00, 0x08, 0xff, 0x60, 0x00,
    0x00, 0x00, 0x00, 0x00, 0x00, 0x08, 0xff, 0x60,
    0x00, 0x00, 0x00, 0x00, 0x00, 0x00, 0x08, 0xff,
    0x60, 0x00, 0x00, 0x00, 0x00, 0x00, 0x00, 0x08,
    0xff, 0x60, 0x00, 0x00, 0x00, 0x00, 0x00, 0x00,
    0x08, 0xff, 0x60, 0x00, 0x00, 0x00, 0x00, 0x00,
    0x00, 0x08, 0xff, 0x60, 0x00, 0x00, 0x00, 0x00,
    0x00, 0x00, 0x08, 0xff, 0x60, 0x00, 0x00, 0x00,
    0x00, 0x00, 0x00, 0x08, 0xff, 0x60, 0x00, 0x00,
    0x00, 0x00, 0x00, 0x00, 0x08, 0xff, 0x60, 0x00,
    0x00, 0x00, 0x00, 0x00, 0x00, 0x08, 0xff, 0x70,
    0x00, 0x00, 0x00, 0x00, 0x00, 0x00, 0x08, 0xff,
    0x70, 0x00, 0x00, 0x00, 0x00, 0x00, 0x00, 0x08,
    0xff, 0x70, 0x00, 0x00, 0x00, 0x00, 0x00, 0x00,
    0x08, 0xff, 0x70, 0x00, 0x00, 0x00, 0x00, 0x00,
    0x00, 0x08, 0xff, 0x70, 0x00, 0x00, 0x00, 0x00,
    0x00, 0x00, 0x08, 0xff, 0x70, 0x00, 0x00, 0x00,
    0x00, 0x00, 0x00, 0x08, 0xff, 0x70, 0x00, 0x00,
    0x00, 0x00, 0x00, 0x00, 0x08, 0xff, 0x80, 0x00,
    0x00, 0x00, 0x00, 0x00, 0x00, 0x02, 0xcf, 0x60,
    0x00, 0x00, 0x00,

    /* U+0055 "U" */
    0x3f, 0xe5, 0x00, 0x00, 0x00, 0x00, 0xaf, 0xb1,
    0x5f, 0xfc, 0x00, 0x00, 0x00, 0x00, 0xcf, 0xf5,
    0x4f, 0xfc, 0x00, 0x00, 0x00, 0x00, 0xcf, 0xf5,
    0x4f, 0xfc, 0x00, 0x00, 0x00, 0x00, 0xbf, 0xf5,
    0x4f, 0xfc, 0x00, 0x00, 0x00, 0x00, 0xbf, 0xf5,
    0x4f, 0xfc, 0x00, 0x00, 0x00, 0x00, 0xbf, 0xf5,
    0x4f, 0xfc, 0x00, 0x00, 0x00, 0x00, 0xbf, 0xf5,
    0x4f, 0xfc, 0x00, 0x00, 0x00, 0x00, 0xbf, 0xf5,
    0x4f, 0xfc, 0x00, 0x00, 0x00, 0x00, 0xbf, 0xf5,
    0x3f, 0xfc, 0x00, 0x00, 0x00, 0x00, 0xbf, 0xf5,
    0x3f, 0xfc, 0x00, 0x00, 0x00, 0x00, 0xbf, 0xf5,
    0x3f, 0xfc, 0x00, 0x00, 0x00, 0x00, 0xbf, 0xf5,
    0x3f, 0xfc, 0x00, 0x00, 0x00, 0x00, 0xbf, 0xf5,
    0x3f, 0xfc, 0x00, 0x00, 0x00, 0x00, 0xbf, 0xf5,
    0x3f, 0xfc, 0x00, 0x00, 0x00, 0x00, 0xbf, 0xf5,
    0x3f, 0xfc, 0x00, 0x00, 0x00, 0x00, 0xbf, 0xf5,
    0x3f, 0xfc, 0x00, 0x00, 0x00, 0x00, 0xbf, 0xf5,
    0x3f, 0xfc, 0x00, 0x00, 0x00, 0x00, 0xbf, 0xf4,
    0x3f, 0xfc, 0x00, 0x00, 0x00, 0x00, 0xcf, 0xf4,
    0x3f, 0xfc, 0x00, 0x00, 0x00, 0x00, 0xef, 0xf3,
    0x2f, 0xfd, 0x00, 0x00, 0x00, 0x02, 0xff, 0xf0,
    0x0f, 0xff, 0x00, 0x00, 0x00, 0x07, 0xff, 0xc0,
    0x0c, 0xff, 0x50, 0x00, 0x00, 0x1e, 0xff, 0x60,
    0x07, 0xff, 0xe3, 0x00, 0x03, 0xdf, 0xfe, 0x00,
    0x00, 0xef, 0xff, 0xdc, 0xdf, 0xff, 0xf4, 0x00,
    0x00, 0x2e, 0xff, 0xff, 0xff, 0xff, 0x50, 0x00,
    0x00, 0x01, 0x7c, 0xff, 0xec, 0x81, 0x00, 0x00,

    /* U+0056 "V" */
    0x1d, 0xe9, 0x00, 0x00, 0x00, 0x00, 0x00, 0x9e,
    0x80, 0x0f, 0xff, 0x10, 0x00, 0x00, 0x00, 0x00,
    0xff, 0xf3, 0x0b, 0xff, 0x50, 0x00, 0x00, 0x00,
    0x02, 0xff, 0xf0, 0x06, 0xff, 0x90, 0x00, 0x00,
    0x00, 0x05, 0xff, 0x90, 0x01, 0xff, 0xd0, 0x00,
    0x00, 0x00, 0x0a, 0xff, 0x40, 0x00, 0xdf, 0xf1,
    0x00, 0x00, 0x00, 0x0e, 0xff, 0x00, 0x00, 0x9f,
    0xf5, 0x00, 0x00, 0x00, 0x3f, 0xfc, 0x00, 0x00,
    0x5f, 0xfa, 0x00, 0x00, 0x00, 0x7f, 0xf7, 0x00,
    0x00, 0x1f, 0xfe, 0x00, 0x00, 0x00, 0xbf, 0xf2,
    0x00, 0x00, 0x0c, 0xff, 0x20, 0x00, 0x00, 0xff,
    0xe0, 0x00, 0x00, 0x08, 0xff, 0x60, 0x00, 0x04,
    0xff, 0x90, 0x00, 0x00, 0x04, 0xff, 0xb0, 0x00,
    0x08, 0xff, 0x50, 0x00, 0x00, 0x00, 0xff, 0xf0,
    0x00, 0x0d, 0xff, 0x10, 0x00, 0x00, 0x00, 0xcf,
    0xf3, 0x00, 0x1f, 0xfc, 0x00, 0x00, 0x00, 0x00,
    0x7f, 0xf7, 0x00, 0x5f, 0xf8, 0x00, 0x00, 0x00,
    0x00, 0x3f, 0xfa, 0x00, 0x9f, 0xf3, 0x00, 0x00,
    0x00, 0x00, 0x0f, 0xfe, 0x00, 0xdf, 0xe0, 0x00,
    0x00, 0x00, 0x00, 0x0b, 0xff, 0x22, 0xff, 0xa0,
    0x00, 0x00, 0x00, 0x00, 0x07, 0xff, 0x66, 0xff,
    0x60, 0x00, 0x00, 0x00, 0x00, 0x04, 0xff, 0x9a,
    0xff, 0x10, 0x00, 0x00, 0x00, 0x00, 0x00, 0xff,
    0xde, 0xfd, 0x00, 0x00, 0x00, 0x00, 0x00, 0x00,
    0xcf, 0xff, 0xf8, 0x00, 0x00, 0x00, 0x00, 0x00,
    0x00, 0x8f, 0xff, 0xf4, 0x00, 0x00, 0x00, 0x00,
    0x00, 0x00, 0x4f, 0xff, 0xf0, 0x00, 0x00, 0x00,
    0x00, 0x00, 0x00, 0x1f, 0xff, 0xd0, 0x00, 0x00,
    0x00, 0x00, 0x00, 0x00, 0x0a, 0xff, 0xa0, 0x00,
    0x00, 0x00, 0x00, 0x00, 0x00, 0x01, 0xce, 0x30,
    0x00, 0x00, 0x00,

    /* U+0057 "W" */
    0x4f, 0xd5, 0x00, 0x02, 0x64, 0x00, 0x00, 0x8f,
    0xb0, 0x2f, 0xfe, 0x00, 0x0f, 0xff, 0x90, 0x00,
    0xbf, 0xf5, 0x0f, 0xff, 0x00, 0x1f, 0xff, 0xc0,
    0x00, 0xcf, 0xf3, 0x0c, 0xff, 0x00, 0x2f, 0xff,
    0xe0, 0x00, 0xef, 0xf0, 0x0a, 0xff, 0x20, 0x4f,
    0xff, 0xf0, 0x00, 0xff, 0xe0, 0x08, 0xff, 0x30,
    0x6f, 0xff, 0xf2, 0x01, 0xff, 0xb0, 0x06, 0xff,
    0x50, 0x8f, 0xff, 0xf4, 0x03, 0xff, 0x90, 0x04,
    0xff, 0x60, 0x9f, 0xff, 0xf6, 0x05, 0xff, 0x70,
    0x02, 0xff, 0x80, 0xbf, 0xcf, 0xf8, 0x06, 0xff,
    0x50, 0x00, 0xff, 0x90, 0xdf, 0xbe, 0xfa, 0x08,
    0xff, 0x30, 0x00, 0xff, 0xb0, 0xef, 0x9c, 0xfc,
    0x09, 0xff, 0x20, 0x00, 0xdf, 0xc0, 0xff, 0x8a,
    0xfe, 0x0b, 0xff, 0x00, 0x00, 0xbf, 0xd1, 0xff,
    0x68, 0xff, 0x0c, 0xfe, 0x00, 0x00, 0xaf, 0xf3,
    0xff, 0x57, 0xff, 0x1e, 0xfc, 0x00, 0x00, 0x8f,
    0xf5, 0xff, 0x35, 0xff, 0x3f, 0xfb, 0x00, 0x00,
    0x7f, 0xf8, 0xff, 0x24, 0xff, 0x6f, 0xf9, 0x00,
    0x00, 0x5f, 0xfb, 0xff, 0x02, 0xff, 0x9f, 0xf7,
    0x00, 0x00, 0x4f, 0xfd, 0xff, 0x01, 0xff, 0xcf,
    0xf6, 0x00, 0x00, 0x3f, 0xff, 0xfd, 0x00, 0xff,
    0xff, 0xf4, 0x00, 0x00, 0x1f, 0xff, 0xfc, 0x00,
    0xef, 0xff, 0xf3, 0x00, 0x00, 0x0f, 0xff, 0xfa,
    0x00, 0xcf, 0xff, 0xf1, 0x00, 0x00, 0x0f, 0xff,
    0xf9, 0x00, 0xbf, 0xff, 0xf0, 0x00, 0x00, 0x0d,
    0xff, 0xf7, 0x00, 0x9f, 0xff, 0xe0, 0x00, 0x00,
    0x0c, 0xff, 0xf6, 0x00, 0x8f, 0xff, 0xc0, 0x00,
    0x00, 0x0a, 0xff, 0xf5, 0x00, 0x6f, 0xff, 0xb0,
    0x00, 0x00, 0x05, 0xff, 0xf4, 0x00, 0x1e, 0xff,
    0x90, 0x00, 0x00, 0x00, 0x7e, 0xd1, 0x00, 0x03,
    0xcf, 0x50, 0x00,

    /* U+0058 "X" */
    0x07, 0xed, 0x00, 0x00, 0x00, 0x00, 0x9e, 0x70,
    0x0e, 0xff, 0x60, 0x00, 0x00, 0x01, 0xff, 0xf2,
    0x07, 0xff, 0xd0, 0x00, 0x00, 0x08, 0xff, 0xc0,
    0x00, 0xef, 0xf4, 0x00, 0x00, 0x0e, 0xff, 0x30,
    0x00, 0x7f, 0xfc, 0x00, 0x00, 0x6f, 0xfb, 0x00,
    0x00, 0x0e, 0xff, 0x30, 0x00, 0xef, 0xf4, 0x00,
    0x00, 0x08, 0xff, 0xa0, 0x05, 0xff, 0xc0, 0x00,
    0x00, 0x01, 0xff, 0xf1, 0x0c, 0xff, 0x50, 0x00,
    0x00, 0x00, 0x9f, 0xf9, 0x4f, 0xfd, 0x00, 0x00,
    0x00, 0x00, 0x2f, 0xff, 0xcf, 0xf6, 0x00, 0x00,
    0x00, 0x00, 0x0a, 0xff, 0xff, 0xe0, 0x00, 0x00,
    0x00, 0x00, 0x03, 0xff, 0xff, 0x70, 0x00, 0x00,
    0x00, 0x00, 0x00, 0xcf, 0xff, 0x00, 0x00, 0x00,
    0x00, 0x00, 0x00, 0x9f, 0xfc, 0x00, 0x00, 0x00,
    0x00, 0x00, 0x01, 0xff, 0xff, 0x30, 0x00, 0x00,
    0x00, 0x00, 0x08, 0xff, 0xff, 0xa0, 0x00, 0x00,
    0x00, 0x00, 0x0e, 0xff, 0xff, 0xf1, 0x00, 0x00,
    0x00, 0x00, 0x6f, 0xfb, 0x8f, 0xf8, 0x00, 0x00,
    0x00, 0x00, 0xef, 0xf3, 0x2f, 0xfe, 0x00, 0x00,
    0x00, 0x05, 0xff, 0xc0, 0x0a, 0xff, 0x60, 0x00,
    0x00, 0x0d, 0xff, 0x40, 0x03, 0xff, 0xd0, 0x00,
    0x00, 0x4f, 0xfd, 0x00, 0x00, 0xcf, 0xf4, 0x00,
    0x00, 0xcf, 0xf6, 0x00, 0x00, 0x5f, 0xfc, 0x00,
    0x05, 0xff, 0xe0, 0x00, 0x00, 0x0e, 0xff, 0x50,
    0x0e, 0xff, 0x80, 0x00, 0x00, 0x07, 0xff, 0xe0,
    0x7f, 0xff, 0x20, 0x00, 0x00, 0x01, 0xff, 0xf7,
    0x2c, 0xf9, 0x00, 0x00, 0x00, 0x00, 0x8f, 0xb1,

    /* U+0059 "Y" */
    0x1b, 0xfc, 0x00, 0x00, 0x00, 0x00, 0x03, 0xee,
    0x81, 0xff, 0xf5, 0x00, 0x00, 0x00, 0x00, 0xaf,
    0xfb, 0x07, 0xff, 0xc0, 0x00, 0x00, 0x00, 0x1f,
    0xff, 0x20, 0x0e, 0xff, 0x30, 0x00, 0x00, 0x07,
    0xff, 0x90, 0x00, 0x6f, 0xfa, 0x00, 0x00, 0x00,
    0xef, 0xf1, 0x00, 0x00, 0xef, 0xf1, 0x00, 0x00,
    0x5f, 0xfa, 0x00, 0x00, 0x06, 0xff, 0x70, 0x00,
    0x0b, 0xff, 0x20, 0x00, 0x00, 0x0f, 0xfe, 0x00,
    0x02, 0xff, 0xb0, 0x00, 0x00, 0x00, 0x8f, 0xf4,
    0x00, 0x9f, 0xf4, 0x00, 0x00, 0x00, 0x02, 0xff,
    0xb0, 0x0f, 0xfd, 0x00, 0x00, 0x00, 0x00, 0x0b,
    0xff, 0x26, 0xff, 0x60, 0x00, 0x00, 0x00, 0x00,
    0x4f, 0xf8, 0xdf, 0xf0, 0x00, 0x00, 0x00, 0x00,
    0x00, 0xdf, 0xff, 0xf9, 0x00, 0x00, 0x00, 0x00,
    0x00, 0x07, 0xff, 0xff, 0x20, 0x00, 0x00, 0x00,
    0x00, 0x00, 0x1f, 0xff, 0xb0, 0x00, 0x00, 0x00,
    0x00, 0x00, 0x00, 0xbf, 0xf5, 0x00, 0x00, 0x00,
    0x00, 0x00, 0x00, 0x0a, 0xff, 0x40, 0x00, 0x00,
    0x00, 0x00, 0x00, 0x00, 0xaf, 0xf4, 0x00, 0x00,
    0x00, 0x00, 0x00, 0x00, 0x0a, 0xff, 0x40, 0x00,
    0x00, 0x00, 0x00, 0x00, 0x00, 0xaf, 0xf4, 0x00,
    0x00, 0x00, 0x00, 0x00, 0x00, 0x0a, 0xff, 0x40,
    0x00, 0x00, 0x00, 0x00, 0x00, 0x00, 0xaf, 0xf4,
    0x00, 0x00, 0x00, 0x00, 0x00, 0x00, 0x0b, 0xff,
    0x40, 0x00, 0x00, 0x00, 0x00, 0x00, 0x00, 0xbf,
    0xf4, 0x00, 0x00, 0x00, 0x00, 0x00, 0x00, 0x0b,
    0xff, 0x50, 0x00, 0x00, 0x00, 0x00, 0x00, 0x00,
    0xbf, 0xf5, 0x00, 0x00, 0x00, 0x00, 0x00, 0x00,
    0x04, 0xdf, 0x40, 0x00, 0x00, 0x00,

    /* U+005A "Z" */
    0x00, 0x00, 0x00, 0x00, 0x02, 0x46, 0x9b, 0xee,
    0x20, 0x03, 0xaa, 0xbc, 0xef, 0xff, 0xff, 0xff,
    0xfb, 0x00, 0x5f, 0xff, 0xff, 0xff, 0xff, 0xff,
    0xff, 0xc0, 0x00, 0xef, 0xff, 0xfe, 0xdb, 0xad,
    0xff, 0xb0, 0x00, 0x01, 0x53, 0x20, 0x00, 0x01,
    0xff, 0xf1, 0x00, 0x00, 0x00, 0x00, 0x00, 0x00,
    0x9f, 0xf7, 0x00, 0x00, 0x00, 0x00, 0x00, 0x00,
    0x2f, 0xfd, 0x00, 0x00, 0x00, 0x00, 0x00, 0x00,
    0x0b, 0xff, 0x40, 0x00, 0x00, 0x00, 0x00, 0x00,
    0x04, 0xff, 0xb0, 0x00, 0x00, 0x00, 0x00, 0x00,
    0x00, 0xdf, 0xf2, 0x00, 0x00, 0x00, 0x00, 0x00,
    0x00, 0x6f, 0xf9, 0x00, 0x00, 0x00, 0x00, 0x00,
    0x00, 0x0e, 0xff, 0x10, 0x00, 0x00, 0x00, 0x00,
    0x00, 0x08, 0xff, 0x70, 0x00, 0x00, 0x00, 0x00,
    0x00, 0x01, 0xff, 0xe0, 0x00, 0x00, 0x00, 0x00,
    0x00, 0x00, 0x9f, 0xf6, 0x00, 0x00, 0x00, 0x00,
    0x00, 0x00, 0x1f, 0xfd, 0x00, 0x00, 0x00, 0x00,
    0x00, 0x00, 0x09, 0xff, 0x50, 0x00, 0x00, 0x00,
    0x00, 0x00, 0x02, 0xff, 0xd0, 0x00, 0x00, 0x00,
    0x00, 0x00, 0x00, 0xaf, 0xf5, 0x00, 0x00, 0x00,
    0x00, 0x00, 0x00, 0x2f, 0xfd, 0x00, 0x00, 0x00,
    0x00, 0x00, 0x00, 0x0a, 0xff, 0x50, 0x00, 0x00,
    0x00, 0x00, 0x00, 0x03, 0xff, 0xd0, 0x00, 0x00,
    0x00, 0x00, 0x00, 0x00, 0xbf, 0xf6, 0x00, 0x00,
    0x00, 0x00, 0x00, 0x00, 0x5f, 0xfe, 0x11, 0x22,
    0x22, 0x22, 0x22, 0x10, 0x1f, 0xff, 0xff, 0xff,
    0xff, 0xff, 0xff, 0xff, 0x61, 0xff, 0xff, 0xff,
    0xff, 0xff, 0xff, 0xff, 0xfc, 0x07, 0xfd, 0xbb,
    0xaa, 0xaa, 0x99, 0x9a, 0xbe, 0xb0,

    /* U+005B "[" */
    0x0c, 0xff, 0xff, 0xfe, 0x32, 0xff, 0xff, 0xff,
    0xf8, 0x0f, 0xfe, 0x66, 0x66, 0x20, 0xff, 0xd0,
    0x00, 0x00, 0x0f, 0xfd, 0x00, 0x00, 0x00, 0xff,
    0xd0, 0x00, 0x00, 0x0f, 0xfd, 0x00, 0x00, 0x00,
    0xff, 0xd0, 0x00, 0x00, 0x0f, 0xfd, 0x00, 0x00,
    0x00, 0xff, 0xd0, 0x00, 0x00, 0x0f, 0xfd, 0x00,
    0x00, 0x00, 0xff, 0xd0, 0x00, 0x00, 0x0f, 0xfd,
    0x00, 0x00, 0x00, 0xff, 0xd0, 0x00, 0x00, 0x0f,
    0xfd, 0x00, 0x00, 0x00, 0xff, 0xd0, 0x00, 0x00,
    0x0f, 0xfd, 0x00, 0x00, 0x00, 0xff, 0xd0, 0x00,
    0x00, 0x0f, 0xfd, 0x00, 0x00, 0x00, 0xff, 0xd0,
    0x00, 0x00, 0x0f, 0xfd, 0x00, 0x00, 0x00, 0xff,
    0xd0, 0x00, 0x00, 0x0f, 0xfd, 0x00, 0x00, 0x00,
    0xff, 0xd0, 0x00, 0x00, 0x0f, 0xfd, 0x00, 0x00,
    0x00, 0xff, 0xd0, 0x00, 0x00, 0x0f, 0xfd, 0x00,
    0x00, 0x00, 0xff, 0xd0, 0x00, 0x00, 0x0f, 0xfd,
    0x00, 0x00, 0x00, 0xff, 0xd0, 0x00, 0x00, 0x0f,
    0xfd, 0x00, 0x00, 0x00, 0xff, 0xe8, 0x88, 0x60,
    0x0f, 0xff, 0xff, 0xff, 0x50, 0x7f, 0xff, 0xff,
    0xf5,

    /* U+005C "\\" */
    0x0b, 0xd0, 0x00, 0x00, 0x00, 0x00, 0x00, 0x00,
    0x7f, 0xf5, 0x00, 0x00, 0x00, 0x00, 0x00, 0x00,
    0x4f, 0xfb, 0x00, 0x00, 0x00, 0x00, 0x00, 0x00,
    0x0b, 0xff, 0x20, 0x00, 0x00, 0x00, 0x00, 0x00,
    0x03, 0xff, 0x90, 0x00, 0x00, 0x00, 0x00, 0x00,
    0x00, 0xcf, 0xf1, 0x00, 0x00, 0x00, 0x00, 0x00,
    0x00, 0x5f, 0xf7, 0x00, 0x00, 0x00, 0x00, 0x00,
    0x00, 0x0d, 0xfe, 0x00, 0x00, 0x00, 0x00, 0x00,
    0x00, 0x07, 0xff, 0x50, 0x00, 0x00, 0x00, 0x00,
    0x00, 0x00, 0xff, 0xc0, 0x00, 0x00, 0x00, 0x00,
    0x00, 0x00, 0x9f, 0xf2, 0x00, 0x00, 0x00, 0x00,
    0x00, 0x00, 0x2f, 0xf9, 0x00, 0x00, 0x00, 0x00,
    0x00, 0x00, 0x0b, 0xff, 0x10, 0x00, 0x00, 0x00,
    0x00, 0x00, 0x04, 0xff, 0x70, 0x00, 0x00, 0x00,
    0x00, 0x00, 0x00, 0xdf, 0xe0, 0x00, 0x00, 0x00,
    0x00, 0x00, 0x00, 0x6f, 0xf5, 0x00, 0x00, 0x00,
    0x00, 0x00, 0x00, 0x0e, 0xfc, 0x00, 0x00, 0x00,
    0x00, 0x00, 0x00, 0x08, 0xff, 0x30, 0x00, 0x00,
    0x00, 0x00, 0x00, 0x01, 0xff, 0xa0, 0x00, 0x00,
    0x00, 0x00, 0x00, 0x00, 0xaf, 0xf1, 0x00, 0x00,
    0x00, 0x00, 0x00, 0x00, 0x3f, 0xf8, 0x00, 0x00,
    0x00, 0x00, 0x00, 0x00, 0x0c, 0xfe, 0x00, 0x00,
    0x00, 0x00, 0x00, 0x00, 0x05, 0xff, 0x60, 0x00,
    0x00, 0x00, 0x00, 0x00, 0x00, 0xef, 0xd0, 0x00,
    0x00, 0x00, 0x00, 0x00, 0x00, 0x7f, 0xf3, 0x00,
    0x00, 0x00, 0x00, 0x00, 0x00, 0x1f, 0xfa, 0x00,
    0x00, 0x00, 0x00, 0x00, 0x00, 0x09, 0xff, 0x20,
    0x00, 0x00, 0x00, 0x00, 0x00, 0x02, 0xff, 0x80,
    0x00, 0x00, 0x00, 0x00, 0x00, 0x00, 0xbf, 0xf1,
    0x00, 0x00, 0x00, 0x00, 0x00, 0x00, 0x4f, 0xf9,
    0x00, 0x00, 0x00, 0x00, 0x00, 0x00, 0x0e, 0xfc,
    0x00, 0x00, 0x00, 0x00, 0x00, 0x00, 0x07, 0xe3,

    /* U+005D "]" */
    0x5f, 0xff, 0xff, 0xf8, 0x04, 0xff, 0xff, 0xff,
    0xf0, 0x04, 0x66, 0x6e, 0xff, 0x00, 0x00, 0x00,
    0xdf, 0xf0, 0x00, 0x00, 0x0d, 0xff, 0x00, 0x00,
    0x00, 0xdf, 0xf0, 0x00, 0x00, 0x0d, 0xff, 0x00,
    0x00, 0x00, 0xdf, 0xf0, 0x00, 0x00, 0x0d, 0xff,
    0x00, 0x00, 0x00, 0xdf, 0xf0, 0x00, 0x00, 0x0d,
    0xff, 0x00, 0x00, 0x00, 0xdf, 0xf0, 0x00, 0x00,
    0x0d, 0xff, 0x00, 0x00, 0x00, 0xdf, 0xf0, 0x00,
    0x00, 0x0d, 0xff, 0x00, 0x00, 0x00, 0xdf, 0xf0,
    0x00, 0x00, 0x0d, 0xff, 0x00, 0x00, 0x00, 0xdf,
    0xf0, 0x00, 0x00, 0x0d, 0xff, 0x00, 0x00, 0x00,
    0xdf, 0xf0, 0x00, 0x00, 0x0d, 0xff, 0x00, 0x00,
    0x00, 0xdf, 0xf0, 0x00, 0x00, 0x0d, 0xff, 0x00,
    0x00, 0x00, 0xdf, 0xf0, 0x00, 0x00, 0x0d, 0xff,
    0x00, 0x00, 0x00, 0xdf, 0xf0, 0x00, 0x00, 0x0d,
    0xff, 0x00, 0x00, 0x00, 0xdf, 0xf0, 0x00, 0x00,
    0x0d, 0xff, 0x00, 0x00, 0x00, 0xdf, 0xf0, 0x00,
    0x00, 0x0d, 0xff, 0x02, 0x77, 0x77, 0xef, 0xf0,
    0x8f, 0xff, 0xff, 0xff, 0x23, 0xef, 0xff, 0xff,
    0xc0,

    /* U+005E "^" */
    0x00, 0x00, 0x02, 0xde, 0x30, 0x00, 0x00, 0x00,
    0x00, 0x00, 0x8f, 0xfb, 0x00, 0x00, 0x00, 0x00,
    0x00, 0x1f, 0xff, 0xf4, 0x00, 0x00, 0x00, 0x00,
    0x09, 0xff, 0xef, 0xd0, 0x00, 0x00, 0x00, 0x02,
    0xff, 0xa6, 0xff, 0x60, 0x00, 0x00, 0x00, 0xbf,
    0xf1, 0x0d, 0xfe, 0x00, 0x00, 0x00, 0x5f, 0xf8,
    0x00, 0x5f, 0xf8, 0x00, 0x00, 0x0d, 0xfe, 0x00,
    0x00, 0xcf, 0xf2, 0x00, 0x07, 0xff, 0x70, 0x00,
    0x03, 0xff, 0xa0, 0x02, 0xff, 0xe0, 0x00, 0x00,
    0x0a, 0xff, 0x40, 0xbf, 0xf6, 0x00, 0x00, 0x00,
    0x2f, 0xfd, 0x07, 0xed, 0x00, 0x00, 0x00, 0x00,
    0x9f, 0xc1,

    /* U+005F "_" */
    0x5a, 0xaa, 0xaa, 0xaa, 0xaa, 0xaa, 0xaa, 0xaa,
    0xa6, 0xdf, 0xff, 0xff, 0xff, 0xff, 0xff, 0xff,
    0xff, 0xfd, 0xaf, 0xff, 0xff, 0xff, 0xff, 0xff,
    0xff, 0xff, 0xfa,

    /* U+0060 "`" */
    0x02, 0x60, 0x00, 0x00, 0x3f, 0xfd, 0x20, 0x00,
    0xcf, 0xff, 0xe4, 0x00, 0x3a, 0xff, 0xff, 0x60,
    0x00, 0x16, 0xdf, 0xf5, 0x00, 0x00, 0x05, 0xd8,

    /* U+0061 "a" */
    0x00, 0x00, 0x00, 0x7c, 0xff, 0xd6, 0xde, 0x90,
    0x00, 0x00, 0x2d, 0xff, 0xff, 0xff, 0xff, 0xf1,
    0x00, 0x02, 0xef, 0xfe, 0xab, 0xff, 0xff, 0xf0,
    0x00, 0x0d, 0xff, 0xa0, 0x00, 0x5f, 0xff, 0xf0,
    0x00, 0x9f, 0xfa, 0x00, 0x00, 0x07, 0xff, 0xf0,
    0x02, 0xff, 0xe0, 0x00, 0x00, 0x00, 0xff, 0xe0,
    0x09, 0xff, 0x60, 0x00, 0x00, 0x00, 0xff, 0xd0,
    0x0e, 0xff, 0x00, 0x00, 0x00, 0x01, 0xff, 0xd0,
    0x2f, 0xfb, 0x00, 0x00, 0x00, 0x02, 0xff, 0xc0,
    0x5f, 0xf8, 0x00, 0x00, 0x00, 0x05, 0xff, 0xc0,
    0x7f, 0xf6, 0x00, 0x00, 0x00, 0x08, 0xff, 0xb0,
    0x8f, 0xf5, 0x00, 0x00, 0x00, 0x0c, 0xff, 0xc0,
    0x7f, 0xf6, 0x00, 0x00, 0x00, 0x4f, 0xff, 0xc0,
    0x6f, 0xf8, 0x00, 0x00, 0x00, 0xcf, 0xff, 0xe0,
    0x3f, 0xfc, 0x00, 0x00, 0x08, 0xff, 0xff, 0xf1,
    0x0e, 0xff, 0x40, 0x00, 0x9f, 0xfe, 0xbf, 0xf5,
    0x06, 0xff, 0xfb, 0xae, 0xff, 0xf3, 0x7f, 0xfb,
    0x00, 0xaf, 0xff, 0xff, 0xfd, 0x20, 0x2f, 0xfd,
    0x00, 0x05, 0xcf, 0xfc, 0x60, 0x00, 0x09, 0xe3,

    /* U+0062 "b" */
    0x0e, 0xe7, 0x00, 0x00, 0x00, 0x00, 0x00, 0x00,
    0x0f, 0xff, 0x00, 0x00, 0x00, 0x00, 0x00, 0x00,
    0x0f, 0xfe, 0x00, 0x00, 0x00, 0x00, 0x00, 0x00,
    0x0f, 0xfe, 0x00, 0x00, 0x00, 0x00, 0x00, 0x00,
    0x0f, 0xfe, 0x00, 0x00, 0x00, 0x00, 0x00, 0x00,
    0x0f, 0xfe, 0x00, 0x00, 0x00, 0x00, 0x00, 0x00,
    0x0f, 0xfe, 0x00, 0x00, 0x00, 0x00, 0x00, 0x00,
    0x0f, 0xfd, 0x00, 0x00, 0x00, 0x00, 0x00, 0x00,
    0x0f, 0xfd, 0x00, 0x5b, 0xef, 0xea, 0x20, 0x00,
    0x0f, 0xfd, 0x0a, 0xff, 0xff, 0xff, 0xf5, 0x00,
    0x0f, 0xfd, 0x9f, 0xff, 0xda, 0xef, 0xff, 0x20,
    0x0f, 0xff, 0xff, 0xe4, 0x00, 0x0b, 0xff, 0xa0,
    0x0f, 0xff, 0xfe, 0x20, 0x00, 0x01, 0xff, 0xf1,
    0x0f, 0xff, 0xf4, 0x00, 0x00, 0x00, 0xbf, 0xf4,
    0x0f, 0xff, 0xc0, 0x00, 0x00, 0x00, 0x7f, 0xf6,
    0x0f, 0xff, 0x60, 0x00, 0x00, 0x00, 0x6f, 0xf7,
    0x0f, 0xff, 0x20, 0x00, 0x00, 0x00, 0x6f, 0xf7,
    0x0f, 0xff, 0x00, 0x00, 0x00, 0x00, 0x7f, 0xf6,
    0x0f, 0xfd, 0x00, 0x00, 0x00, 0x00, 0xaf, 0xf4,
    0x0f, 0xfd, 0x00, 0x00, 0x00, 0x00, 0xef, 0xf1,
    0x0f, 0xfc, 0x00, 0x00, 0x00, 0x04, 0xff, 0xc0,
    0x0f, 0xfc, 0x00, 0x00, 0x00, 0x0c, 0xff, 0x60,
    0x0f, 0xff, 0x50, 0x00, 0x00, 0x8f, 0xfd, 0x00,
    0x0f, 0xff, 0xf3, 0x00, 0x08, 0xff, 0xf4, 0x00,
    0x0f, 0xff, 0xff, 0xb9, 0xdf, 0xff, 0x60, 0x00,
    0x0f, 0xff, 0xff, 0xff, 0xff, 0xf6, 0x00, 0x00,
    0x0c, 0xc2, 0x6c, 0xff, 0xd9, 0x20, 0x00, 0x00,

    /* U+0063 "c" */
    0x00, 0x00, 0x00, 0x29, 0xdf, 0xeb, 0x40, 0x00,
    0x00, 0x00, 0x07, 0xff, 0xff, 0xff, 0xf7, 0x00,
    0x00, 0x00, 0x9f, 0xff, 0xda, 0xcf, 0xff, 0x40,
    0x00, 0x08, 0xff, 0xf6, 0x00, 0x08, 0xff, 0x80,
    0x00, 0x3f, 0xff, 0x40, 0x00, 0x00, 0xde, 0x20,
    0x00, 0xcf, 0xf7, 0x00, 0x00, 0x00, 0x11, 0x00,
    0x03, 0xff, 0xd0, 0x00, 0x00, 0x00, 0x00, 0x00,
    0x09, 0xff, 0x60, 0x00, 0x00, 0x00, 0x00, 0x00,
    0x0d, 0xff, 0x10, 0x00, 0x00, 0x00, 0x00, 0x00,
    0x0f, 0xfe, 0x00, 0x00, 0x00, 0x00, 0x00, 0x00,
    0x0f, 0xfc, 0x00, 0x00, 0x00, 0x00, 0x00, 0x00,
    0x0f, 0xfd, 0x00, 0x00, 0x00, 0x00, 0x00, 0x00,
    0x0f, 0xff, 0x00, 0x00, 0x00, 0x00, 0x00, 0x94,
    0x0c, 0xff, 0x30, 0x00, 0x00, 0x00, 0x0c, 0xf4,
    0x07, 0xff, 0xb0, 0x00, 0x00, 0x01, 0xcf, 0xc0,
    0x01, 0xff, 0xf8, 0x00, 0x00, 0x6e, 0xff, 0x20,
    0x00, 0x6f, 0xff, 0xd9, 0xbe, 0xff, 0xf4, 0x00,
    0x00, 0x06, 0xff, 0xff, 0xff, 0xfd, 0x30, 0x00,
    0x00, 0x00, 0x29, 0xdf, 0xeb, 0x60, 0x00, 0x00,

    /* U+0064 "d" */
    0x00, 0x00, 0x00, 0x00, 0x00, 0x00, 0xde, 0x70,
    0x00, 0x00, 0x00, 0x00, 0x00, 0x00, 0x0f, 0xff,
    0x00, 0x00, 0x00, 0x00, 0x00, 0x00, 0x00, 0xff,
    0xf0, 0x00, 0x00, 0x00, 0x00, 0x00, 0x00, 0x0e,
    0xfe, 0x00, 0x00, 0x00, 0x00, 0x00, 0x00, 0x00,
    0xef, 0xe0, 0x00, 0x00, 0x00, 0x00, 0x00, 0x00,
    0x0e, 0xfe, 0x00, 0x00, 0x00, 0x00, 0x00, 0x00,
    0x00, 0xef, 0xe0, 0x00, 0x00, 0x00, 0x00, 0x00,
    0x00, 0x0d, 0xfe, 0x00, 0x00, 0x00, 0x01, 0x7d,
    0xff, 0xd8, 0xef, 0xe0, 0x00, 0x00, 0x03, 0xef,
    0xff, 0xff, 0xff, 0xfe, 0x00, 0x00, 0x03, 0xff,
    0xfd, 0x9a, 0xff, 0xff, 0xe0, 0x00, 0x01, 0xef,
    0xf8, 0x00, 0x02, 0xef, 0xfe, 0x00, 0x00, 0xbf,
    0xf8, 0x00, 0x00, 0x02, 0xef, 0xe0, 0x00, 0x4f,
    0xfd, 0x00, 0x00, 0x00, 0x0d, 0xfe, 0x00, 0x0a,
    0xff, 0x50, 0x00, 0x00, 0x00, 0xdf, 0xe0, 0x00,
    0xff, 0xe0, 0x00, 0x00, 0x00, 0x0d, 0xfe, 0x00,
    0x4f, 0xf9, 0x00, 0x00, 0x00, 0x00, 0xef, 0xe0,
    0x06, 0xff, 0x60, 0x00, 0x00, 0x00, 0x0f, 0xfe,
    0x00, 0x8f, 0xf5, 0x00, 0x00, 0x00, 0x03, 0xff,
    0xe0, 0x08, 0xff, 0x40, 0x00, 0x00, 0x00, 0x9f,
    0xfe, 0x00, 0x7f, 0xf5, 0x00, 0x00, 0x00, 0x1f,
    0xff, 0xf0, 0x05, 0xff, 0x80, 0x00, 0x00, 0x0b,
    0xff, 0xff, 0x00, 0x2f, 0xfc, 0x00, 0x00, 0x09,
    0xff, 0xff, 0xf3, 0x00, 0xdf, 0xf6, 0x00, 0x1a,
    0xff, 0xfc, 0xff, 0x70, 0x04, 0xff, 0xfb, 0xbf,
    0xff, 0xf6, 0x5f, 0xfe, 0x00, 0x08, 0xff, 0xff,
    0xff, 0xf6, 0x01, 0xff, 0xe0, 0x00, 0x04, 0xbf,
    0xfd, 0x92, 0x00, 0x07, 0xe5, 0x00,

    /* U+0065 "e" */
    0x00, 0x00, 0x00, 0x29, 0xdf, 0xec, 0x60, 0x00,
    0x00, 0x00, 0x07, 0xff, 0xff, 0xff, 0xfc, 0x10,
    0x00, 0x00, 0x8f, 0xff, 0xc9, 0xaf, 0xff, 0xa0,
    0x00, 0x05, 0xff, 0xe4, 0x00, 0x01, 0xef, 0xf1,
    0x00, 0x1f, 0xff, 0x30, 0x00, 0x00, 0x8f, 0xf5,
    0x00, 0xaf, 0xf6, 0x00, 0x00, 0x00, 0x6f, 0xf6,
    0x01, 0xff, 0xd0, 0x00, 0x00, 0x00, 0x9f, 0xf5,
    0x07, 0xff, 0x60, 0x00, 0x01, 0x5b, 0xff, 0xf3,
    0x3d, 0xff, 0xa9, 0xac, 0xef, 0xff, 0xff, 0x90,
    0x8f, 0xff, 0xff, 0xff, 0xff, 0xff, 0xa3, 0x00,
    0x0f, 0xff, 0xff, 0xec, 0xa7, 0x40, 0x00, 0x00,
    0x0e, 0xfd, 0x00, 0x00, 0x00, 0x00, 0x00, 0x00,
    0x0d, 0xff, 0x00, 0x00, 0x00, 0x00, 0x00, 0x21,
    0x0a, 0xff, 0x20, 0x00, 0x00, 0x00, 0x05, 0xf7,
    0x06, 0xff, 0x80, 0x00, 0x00, 0x00, 0x6f, 0xf1,
    0x00, 0xef, 0xf5, 0x00, 0x00, 0x3b, 0xff, 0x60,
    0x00, 0x5f, 0xff, 0xb9, 0xbe, 0xff, 0xf8, 0x00,
    0x00, 0x07, 0xff, 0xff, 0xff, 0xfe, 0x40, 0x00,
    0x00, 0x00, 0x3a, 0xef, 0xeb, 0x60, 0x00, 0x00,

    /* U+0066 "f" */
    0x00, 0x00, 0x00, 0x00, 0x7c, 0xff, 0xd8, 0x10,
    0x00, 0x00, 0x00, 0x0c, 0xff, 0xff, 0xff, 0xe1,
    0x00, 0x00, 0x00, 0x8f, 0xff, 0xbb, 0xff, 0xf6,
    0x00, 0x00, 0x00, 0xdf, 0xf3, 0x00, 0x1c, 0xf2,
    0x00, 0x00, 0x00, 0xff, 0xd0, 0x00, 0x00, 0x20,
    0x00, 0x00, 0x00, 0xff, 0xd0, 0x00, 0x00, 0x00,
    0x00, 0x00, 0x00, 0xff, 0xd0, 0x00, 0x00, 0x00,
    0x00, 0x00, 0x00, 0xff, 0xd0, 0x00, 0x00, 0x00,
    0x1e, 0xff, 0xff, 0xff, 0xff, 0xff, 0xff, 0xe0,
    0x1f, 0xff, 0xff, 0xff, 0xff, 0xff, 0xff, 0xf3,
    0x07, 0x99, 0x99, 0xff, 0xe9, 0x99, 0x99, 0x80,
    0x00, 0x00, 0x00, 0xff, 0xd0, 0x00, 0x00, 0x00,
    0x00, 0x00, 0x00, 0xff, 0xd0, 0x00, 0x00, 0x00,
    0x00, 0x00, 0x00, 0xff, 0xd0, 0x00, 0x00, 0x00,
    0x00, 0x00, 0x00, 0xff, 0xd0, 0x00, 0x00, 0x00,
    0x00, 0x00, 0x00, 0xff, 0xd0, 0x00, 0x00, 0x00,
    0x00, 0x00, 0x00, 0xff, 0xd0, 0x00, 0x00, 0x00,
    0x00, 0x00, 0x00, 0xff, 0xd0, 0x00, 0x00, 0x00,
    0x00, 0x00, 0x00, 0xff, 0xd0, 0x00, 0x00, 0x00,
    0x00, 0x00, 0x00, 0xff, 0xd0, 0x00, 0x00, 0x00,
    0x00, 0x00, 0x00, 0xff, 0xd0, 0x00, 0x00, 0x00,
    0x00, 0x00, 0x00, 0xff, 0xd0, 0x00, 0x00, 0x00,
    0x00, 0x00, 0x00, 0xff, 0xd0, 0x00, 0x00, 0x00,
    0x00, 0x00, 0x00, 0xff, 0xd0, 0x00, 0x00, 0x00,
    0x00, 0x00, 0x01, 0xff, 0xe0, 0x00, 0x00, 0x00,
    0x00, 0x00, 0x01, 0xff, 0xf0, 0x00, 0x00, 0x00,
    0x00, 0x00, 0x00, 0x8e, 0xd0, 0x00, 0x00, 0x00,

    /* U+0067 "g" */
    0x00, 0x00, 0x00, 0x7c, 0xff, 0xd9, 0x6f, 0xc2,
    0x00, 0x00, 0x3d, 0xff, 0xff, 0xff, 0xff, 0xf8,
    0x00, 0x02, 0xff, 0xfe, 0xaa, 0xff, 0xff, 0xf7,
    0x00, 0x0d, 0xff, 0x90, 0x00, 0x1c, 0xff, 0xf7,
    0x00, 0x8f, 0xfa, 0x00, 0x00, 0x00, 0x8f, 0xf7,
    0x01, 0xff, 0xe1, 0x00, 0x00, 0x00, 0x5f, 0xf6,
    0x07, 0xff, 0x70, 0x00, 0x00, 0x00, 0x5f, 0xf6,
    0x0c, 0xff, 0x10, 0x00, 0x00, 0x00, 0x5f, 0xf6,
    0x0f, 0xfd, 0x00, 0x00, 0x00, 0x00, 0x6f, 0xf6,
    0x2f, 0xfb, 0x00, 0x00, 0x00, 0x00, 0x7f, 0xf6,
    0x3f, 0xf9, 0x00, 0x00, 0x00, 0x00, 0x9f, 0xf6,
    0x3f, 0xfa, 0x00, 0x00, 0x00, 0x00, 0xef, 0xf6,
    0x1f, 0xfb, 0x00, 0x00, 0x00, 0x05, 0xff, 0xf6,
    0x0f, 0xfe, 0x00, 0x00, 0x00, 0x1e, 0xff, 0xf6,
    0x0a, 0xff, 0x30, 0x00, 0x01, 0xcf, 0xff, 0xf6,
    0x04, 0xff, 0xe4, 0x02, 0x7e, 0xff, 0xef, 0xf6,
    0x00, 0xaf, 0xff, 0xff, 0xff, 0xfb, 0x6f, 0xf5,
    0x00, 0x0a, 0xff, 0xff, 0xff, 0x70, 0x7f, 0xf5,
    0x00, 0x00, 0x38, 0x99, 0x50, 0x00, 0x9f, 0xf2,
    0x01, 0x82, 0x00, 0x00, 0x00, 0x01, 0xff, 0xe0,
    0x0c, 0xfb, 0x00, 0x00, 0x00, 0x0b, 0xff, 0x80,
    0x0f, 0xff, 0x70, 0x00, 0x02, 0xcf, 0xfe, 0x10,
    0x06, 0xff, 0xfe, 0xbb, 0xdf, 0xff, 0xf3, 0x00,
    0x00, 0x7f, 0xff, 0xff, 0xff, 0xfd, 0x30, 0x00,
    0x00, 0x02, 0x9d, 0xff, 0xea, 0x50, 0x00, 0x00,

    /* U+0068 "h" */
    0xbe, 0x90, 0x00, 0x00, 0x00, 0x00, 0x00, 0x0d,
    0xff, 0x10, 0x00, 0x00, 0x00, 0x00, 0x00, 0xcf,
    0xf1, 0x00, 0x00, 0x00, 0x00, 0x00, 0x0c, 0xff,
    0x10, 0x00, 0x00, 0x00, 0x00, 0x00, 0xcf, 0xf1,
    0x00, 0x00, 0x00, 0x00, 0x00, 0x0c, 0xff, 0x10,
    0x00, 0x00, 0x00, 0x00, 0x00, 0xcf, 0xf1, 0x00,
    0x00, 0x00, 0x00, 0x00, 0x0c, 0xff, 0x10, 0x00,
    0x00, 0x00, 0x00, 0x00, 0xcf, 0xf0, 0x01, 0x8d,
    0xfe, 0xb4, 0x00, 0x0c, 0xff, 0x06, 0xff, 0xff,
    0xff, 0xf7, 0x00, 0xcf, 0xf9, 0xff, 0xfe, 0xbd,
    0xff, 0xf2, 0x0c, 0xff, 0xff, 0xe5, 0x00, 0x09,
    0xff, 0x80, 0xcf, 0xff, 0xe2, 0x00, 0x00, 0x2f,
    0xfb, 0x0c, 0xff, 0xf6, 0x00, 0x00, 0x00, 0xef,
    0xe0, 0xcf, 0xfe, 0x00, 0x00, 0x00, 0x0d, 0xff,
    0x0c, 0xff, 0x90, 0x00, 0x00, 0x00, 0xcf, 0xf0,
    0xcf, 0xf6, 0x00, 0x00, 0x00, 0x0c, 0xff, 0x0c,
    0xff, 0x40, 0x00, 0x00, 0x00, 0xcf, 0xf0, 0xcf,
    0xf2, 0x00, 0x00, 0x00, 0x0c, 0xff, 0x0c, 0xff,
    0x10, 0x00, 0x00, 0x00, 0xcf, 0xf0, 0xcf, 0xf1,
    0x00, 0x00, 0x00, 0x0c, 0xff, 0x0c, 0xff, 0x00,
    0x00, 0x00, 0x00, 0xcf, 0xf0, 0xcf, 0xf0, 0x00,
    0x00, 0x00, 0x0c, 0xff, 0x0c, 0xff, 0x00, 0x00,
    0x00, 0x00, 0xcf, 0xf0, 0xcf, 0xf0, 0x00, 0x00,
    0x00, 0x0d, 0xff, 0x0c, 0xff, 0x10, 0x00, 0x00,
    0x00, 0xdf, 0xf1, 0x5e, 0xe0, 0x00, 0x00, 0x00,
    0x05, 0xee, 0x00,

    /* U+0069 "i" */
    0x00, 0x00, 0x04, 0xed, 0x20, 0x00, 0x00, 0x00,
    0x00, 0x0d, 0xff, 0xb0, 0x00, 0x00, 0x00, 0x00,
    0x0d, 0xff, 0xe0, 0x00, 0x00, 0x00, 0x00, 0x06,
    0xff, 0x90, 0x00, 0x00, 0x00, 0x00, 0x00, 0x34,
    0x00, 0x00, 0x00, 0x00, 0x00, 0x00, 0x00, 0x00,
    0x00, 0x00, 0x00, 0x00, 0x00, 0x00, 0x00, 0x00,
    0x00, 0x00, 0x00, 0x00, 0x00, 0x00, 0x00, 0x00,
    0x0c, 0xff, 0xff, 0xfd, 0x20, 0x00, 0x00, 0x0c,
    0xff, 0xff, 0xff, 0xa0, 0x00, 0x00, 0x05, 0xef,
    0xee, 0xff, 0xb0, 0x00, 0x00, 0x00, 0x00, 0x06,
    0xff, 0x90, 0x00, 0x00, 0x00, 0x00, 0x06, 0xff,
    0x90, 0x00, 0x00, 0x00, 0x00, 0x06, 0xff, 0x90,
    0x00, 0x00, 0x00, 0x00, 0x06, 0xff, 0x90, 0x00,
    0x00, 0x00, 0x00, 0x06, 0xff, 0x90, 0x00, 0x00,
    0x00, 0x00, 0x06, 0xff, 0x90, 0x00, 0x00, 0x00,
    0x00, 0x06, 0xff, 0x90, 0x00, 0x00, 0x00, 0x00,
    0x06, 0xff, 0x90, 0x00, 0x00, 0x00, 0x00, 0x06,
    0xff, 0x90, 0x00, 0x00, 0x00, 0x00, 0x06, 0xff,
    0x90, 0x00, 0x00, 0x00, 0x00, 0x06, 0xff, 0x90,
    0x00, 0x00, 0x00, 0x00, 0x06, 0xff, 0x90, 0x00,
    0x00, 0x00, 0x00, 0x06, 0xff, 0x90, 0x00, 0x00,
    0x4a, 0xaa, 0xad, 0xff, 0xea, 0xaa, 0x90, 0x8f,
    0xff, 0xff, 0xff, 0xff, 0xff, 0xf7, 0x2e, 0xff,
    0xff, 0xff, 0xff, 0xff, 0xf8,

    /* U+006A "j" */
    0x00, 0x00, 0x00, 0x00, 0x00, 0x7e, 0xb0, 0x00,
    0x00, 0x00, 0x00, 0x00, 0xff, 0xf7, 0x00, 0x00,
    0x00, 0x00, 0x00, 0xff, 0xfa, 0x00, 0x00, 0x00,
    0x00, 0x00, 0x8f, 0xf6, 0x00, 0x00, 0x00, 0x00,
    0x00, 0x04, 0x30, 0x00, 0x00, 0x00, 0x00, 0x00,
    0x00, 0x00, 0x00, 0x00, 0x00, 0x00, 0x00, 0x00,
    0x00, 0x00, 0x00, 0x00, 0x00, 0x00, 0x00, 0x00,
    0x00, 0x00, 0xbf, 0xff, 0xff, 0xff, 0xd1, 0x00,
    0x00, 0xcf, 0xff, 0xff, 0xff, 0xf8, 0x00, 0x00,
    0x5e, 0xff, 0xee, 0xef, 0xf9, 0x00, 0x00, 0x00,
    0x00, 0x00, 0x5f, 0xf8, 0x00, 0x00, 0x00, 0x00,
    0x00, 0x5f, 0xf7, 0x00, 0x00, 0x00, 0x00, 0x00,
    0x5f, 0xf7, 0x00, 0x00, 0x00, 0x00, 0x00, 0x5f,
    0xf7, 0x00, 0x00, 0x00, 0x00, 0x00, 0x5f, 0xf7,
    0x00, 0x00, 0x00, 0x00, 0x00, 0x5f, 0xf7, 0x00,
    0x00, 0x00, 0x00, 0x00, 0x5f, 0xf7, 0x00, 0x00,
    0x00, 0x00, 0x00, 0x5f, 0xf6, 0x00, 0x00, 0x00,
    0x00, 0x00, 0x5f, 0xf6, 0x00, 0x00, 0x00, 0x00,
    0x00, 0x5f, 0xf6, 0x00, 0x00, 0x00, 0x00, 0x00,
    0x5f, 0xf6, 0x00, 0x00, 0x00, 0x00, 0x00, 0x5f,
    0xf6, 0x00, 0x00, 0x00, 0x00, 0x00, 0x5f, 0xf6,
    0x00, 0x00, 0x00, 0x00, 0x00, 0x5f, 0xf6, 0x00,
    0x00, 0x00, 0x00, 0x00, 0x7f, 0xf5, 0x00, 0x00,
    0x00, 0x00, 0x00, 0x9f, 0xf3, 0x06, 0xc2, 0x00,
    0x00, 0x00, 0xef, 0xf0, 0x1f, 0xf9, 0x00, 0x00,
    0x07, 0xff, 0xb0, 0x2f, 0xff, 0x30, 0x00, 0x7f,
    0xff, 0x30, 0x08, 0xff, 0xfc, 0xbe, 0xff, 0xf8,
    0x00, 0x00, 0xaf, 0xff, 0xff, 0xff, 0x70, 0x00,
    0x00, 0x05, 0xce, 0xfe, 0x93, 0x00, 0x00,

    /* U+006B "k" */
    0x5f, 0xc2, 0x00, 0x00, 0x00, 0x00, 0x00, 0x07,
    0xff, 0x80, 0x00, 0x00, 0x00, 0x00, 0x00, 0x6f,
    0xf8, 0x00, 0x00, 0x00, 0x00, 0x00, 0x06, 0xff,
    0x70, 0x00, 0x00, 0x00, 0x00, 0x00, 0x6f, 0xf7,
    0x00, 0x00, 0x00, 0x00, 0x00, 0x06, 0xff, 0x70,
    0x00, 0x00, 0x00, 0x00, 0x00, 0x6f, 0xf6, 0x00,
    0x00, 0x00, 0x00, 0x00, 0x06, 0xff, 0x60, 0x00,
    0x00, 0x00, 0x00, 0x00, 0x6f, 0xf6, 0x00, 0x00,
    0x01, 0xde, 0x70, 0x06, 0xff, 0x60, 0x00, 0x02,
    0xdf, 0xff, 0x20, 0x6f, 0xf6, 0x00, 0x05, 0xff,
    0xfd, 0x30, 0x06, 0xff, 0x60, 0x08, 0xff, 0xfa,
    0x00, 0x00, 0x6f, 0xf6, 0x1b, 0xff, 0xf7, 0x00,
    0x00, 0x06, 0xff, 0x9d, 0xff, 0xe4, 0x00, 0x00,
    0x00, 0x6f, 0xff, 0xff, 0xc1, 0x00, 0x00, 0x00,
    0x06, 0xff, 0xff, 0xf1, 0x00, 0x00, 0x00, 0x00,
    0x6f, 0xff, 0xff, 0xc0, 0x00, 0x00, 0x00, 0x06,
    0xff, 0x7c, 0xff, 0xa0, 0x00, 0x00, 0x00, 0x6f,
    0xf6, 0x1d, 0xff, 0x70, 0x00, 0x00, 0x06, 0xff,
    0x60, 0x2f, 0xff, 0x40, 0x00, 0x00, 0x6f, 0xf6,
    0x00, 0x5f, 0xff, 0x20, 0x00, 0x06, 0xff, 0x60,
    0x00, 0x8f, 0xfe, 0x10, 0x00, 0x6f, 0xf6, 0x00,
    0x00, 0xbf, 0xfc, 0x00, 0x06, 0xff, 0x70, 0x00,
    0x01, 0xdf, 0xfa, 0x00, 0x6f, 0xf8, 0x00, 0x00,
    0x02, 0xff, 0xfc, 0x16, 0xff, 0x80, 0x00, 0x00,
    0x04, 0xff, 0xfb, 0x1b, 0xf7, 0x00, 0x00, 0x00,
    0x04, 0xec, 0x10,

    /* U+006C "l" */
    0x2f, 0xff, 0xff, 0xfd, 0x10, 0x00, 0x00, 0x00,
    0x2f, 0xff, 0xff, 0xff, 0x90, 0x00, 0x00, 0x00,
    0x09, 0xff, 0xee, 0xff, 0x90, 0x00, 0x00, 0x00,
    0x00, 0x00, 0x07, 0xff, 0x80, 0x00, 0x00, 0x00,
    0x00, 0x00, 0x07, 0xff, 0x70, 0x00, 0x00, 0x00,
    0x00, 0x00, 0x07, 0xff, 0x70, 0x00, 0x00, 0x00,
    0x00, 0x00, 0x07, 0xff, 0x70, 0x00, 0x00, 0x00,
    0x00, 0x00, 0x07, 0xff, 0x70, 0x00, 0x00, 0x00,
    0x00, 0x00, 0x07, 0xff, 0x70, 0x00, 0x00, 0x00,
    0x00, 0x00, 0x07, 0xff, 0x70, 0x00, 0x00, 0x00,
    0x00, 0x00, 0x06, 0xff, 0x70, 0x00, 0x00, 0x00,
    0x00, 0x00, 0x06, 0xff, 0x70, 0x00, 0x00, 0x00,
    0x00, 0x00, 0x06, 0xff, 0x70, 0x00, 0x00, 0x00,
    0x00, 0x00, 0x06, 0xff, 0x70, 0x00, 0x00, 0x00,
    0x00, 0x00, 0x06, 0xff, 0x70, 0x00, 0x00, 0x00,
    0x00, 0x00, 0x06, 0xff, 0x70, 0x00, 0x00, 0x00,
    0x00, 0x00, 0x06, 0xff, 0x70, 0x00, 0x00, 0x00,
    0x00, 0x00, 0x06, 0xff, 0x70, 0x00, 0x00, 0x00,
    0x00, 0x00, 0x06, 0xff, 0x70, 0x00, 0x00, 0x00,
    0x00, 0x00, 0x06, 0xff, 0x70, 0x00, 0x00, 0x00,
    0x00, 0x00, 0x06, 0xff, 0x70, 0x00, 0x00, 0x00,
    0x00, 0x00, 0x06, 0xff, 0x70, 0x00, 0x00, 0x00,
    0x00, 0x00, 0x06, 0xff, 0x70, 0x00, 0x03, 0xa0,
    0x00, 0x00, 0x04, 0xff, 0x80, 0x02, 0xaf, 0xd0,
    0x00, 0x00, 0x01, 0xff, 0xfd, 0xef, 0xfe, 0x20,
    0x00, 0x00, 0x00, 0xbf, 0xff, 0xff, 0xd2, 0x00,
    0x00, 0x00, 0x00, 0x19, 0xef, 0xc6, 0x00, 0x00,

    /* U+006D "m" */
    0xce, 0x76, 0xef, 0xc3, 0x02, 0xbf, 0xe7, 0x00,
    0xef, 0xff, 0xff, 0xfe, 0x3d, 0xff, 0xff, 0x80,
    0xef, 0xff, 0xec, 0xff, 0xff, 0xfb, 0xff, 0xf1,
    0xef, 0xff, 0x30, 0xef, 0xff, 0x90, 0x6f, 0xf6,
    0xdf, 0xfc, 0x00, 0x9f, 0xff, 0x10, 0x2f, 0xf9,
    0xdf, 0xf7, 0x00, 0x7f, 0xfc, 0x00, 0x0f, 0xfb,
    0xdf, 0xf3, 0x00, 0x6f, 0xf9, 0x00, 0x0f, 0xfc,
    0xdf, 0xf1, 0x00, 0x6f, 0xf7, 0x00, 0x0f, 0xfc,
    0xdf, 0xf0, 0x00, 0x6f, 0xf6, 0x00, 0x0f, 0xfd,
    0xdf, 0xf0, 0x00, 0x6f, 0xf5, 0x00, 0x0f, 0xfd,
    0xdf, 0xe0, 0x00, 0x6f, 0xf5, 0x00, 0x0f, 0xfd,
    0xdf, 0xe0, 0x00, 0x6f, 0xf5, 0x00, 0x0f, 0xfd,
    0xdf, 0xe0, 0x00, 0x6f, 0xf5, 0x00, 0x0f, 0xfd,
    0xdf, 0xf0, 0x00, 0x6f, 0xf5, 0x00, 0x0f, 0xfd,
    0xdf, 0xf0, 0x00, 0x6f, 0xf5, 0x00, 0x0f, 0xfd,
    0xdf, 0xf0, 0x00, 0x6f, 0xf6, 0x00, 0x0f, 0xfd,
    0xef, 0xf0, 0x00, 0x7f, 0xf6, 0x00, 0x0f, 0xfe,
    0xef, 0xf0, 0x00, 0x7f, 0xf6, 0x00, 0x0f, 0xfe,
    0x6e, 0xd0, 0x00, 0x1c, 0xf4, 0x00, 0x07, 0xec,

    /* U+006E "n" */
    0xce, 0x80, 0x02, 0x9d, 0xfe, 0xb4, 0x00, 0x0e,
    0xff, 0x08, 0xff, 0xff, 0xff, 0xf6, 0x00, 0xdf,
    0xfb, 0xff, 0xfc, 0x9b, 0xff, 0xf1, 0x0c, 0xff,
    0xff, 0xd2, 0x00, 0x08, 0xff, 0x60, 0xcf, 0xff,
    0xd1, 0x00, 0x00, 0x2f, 0xfa, 0x0c, 0xff, 0xf4,
    0x00, 0x00, 0x00, 0xff, 0xc0, 0xcf, 0xfc, 0x00,
    0x00, 0x00, 0x0e, 0xfe, 0x0c, 0xff, 0x70, 0x00,
    0x00, 0x00, 0xdf, 0xe0, 0xcf, 0xf4, 0x00, 0x00,
    0x00, 0x0d, 0xfe, 0x0c, 0xff, 0x20, 0x00, 0x00,
    0x00, 0xdf, 0xe0, 0xcf, 0xf1, 0x00, 0x00, 0x00,
    0x0d, 0xfe, 0x0c, 0xff, 0x00, 0x00, 0x00, 0x00,
    0xdf, 0xe0, 0xcf, 0xf0, 0x00, 0x00, 0x00, 0x0d,
    0xfe, 0x0c, 0xff, 0x00, 0x00, 0x00, 0x00, 0xdf,
    0xe0, 0xcf, 0xf0, 0x00, 0x00, 0x00, 0x0d, 0xfe,
    0x0d, 0xff, 0x00, 0x00, 0x00, 0x00, 0xdf, 0xf0,
    0xdf, 0xf0, 0x00, 0x00, 0x00, 0x0e, 0xff, 0x0d,
    0xff, 0x00, 0x00, 0x00, 0x00, 0xef, 0xf0, 0x6e,
    0xe0, 0x00, 0x00, 0x00, 0x06, 0xee, 0x00,

    /* U+006F "o" */
    0x00, 0x00, 0x00, 0x8d, 0xff, 0xc6, 0x00, 0x00,
    0x00, 0x02, 0xce, 0xff, 0xff, 0xff, 0xc1, 0x00,
    0x00, 0x1e, 0xff, 0xfd, 0xab, 0xff, 0xfb, 0x00,
    0x00, 0x9f, 0xff, 0x60, 0x00, 0x2d, 0xff, 0x50,
    0x02, 0xff, 0xf4, 0x00, 0x00, 0x03, 0xff, 0xd0,
    0x08, 0xff, 0x90, 0x00, 0x00, 0x00, 0xcf, 0xf1,
    0x0e, 0xff, 0x10, 0x00, 0x00, 0x00, 0x8f, 0xf5,
    0x3f, 0xfa, 0x00, 0x00, 0x00, 0x00, 0x5f, 0xf7,
    0x7f, 0xf6, 0x00, 0x00, 0x00, 0x00, 0x4f, 0xf8,
    0x9f, 0xf3, 0x00, 0x00, 0x00, 0x00, 0x4f, 0xf8,
    0xaf, 0xf2, 0x00, 0x00, 0x00, 0x00, 0x6f, 0xf7,
    0x9f, 0xf3, 0x00, 0x00, 0x00, 0x00, 0x8f, 0xf4,
    0x8f, 0xf5, 0x00, 0x00, 0x00, 0x00, 0xdf, 0xf1,
    0x4f, 0xf9, 0x00, 0x00, 0x00, 0x05, 0xff, 0xb0,
    0x0f, 0xff, 0x10, 0x00, 0x00, 0x1e, 0xff, 0x40,
    0x08, 0xff, 0xc2, 0x00, 0x03, 0xdf, 0xfb, 0x00,
    0x00, 0xdf, 0xff, 0xcb, 0xdf, 0xff, 0xd1, 0x00,
    0x00, 0x1d, 0xff, 0xff, 0xff, 0xfc, 0x10, 0x00,
    0x00, 0x00, 0x6b, 0xef, 0xeb, 0x50, 0x00, 0x00,

    /* U+0070 "p" */
    0xce, 0x80, 0x05, 0xae, 0xfe, 0xb3, 0x00, 0x0e,
    0xff, 0x2b, 0xff, 0xff, 0xff, 0xf6, 0x00, 0xef,
    0xfa, 0xff, 0xfb, 0x8b, 0xff, 0xf4, 0x0e, 0xff,
    0xff, 0xe3, 0x00, 0x06, 0xff, 0xc0, 0xef, 0xff,
    0xf2, 0x00, 0x00, 0x0d, 0xff, 0x2d, 0xff, 0xf5,
    0x00, 0x00, 0x00, 0x8f, 0xf5, 0xdf, 0xfd, 0x00,
    0x00, 0x00, 0x05, 0xff, 0x8d, 0xff, 0x70, 0x00,
    0x00, 0x00, 0x4f, 0xf9, 0xdf, 0xf3, 0x00, 0x00,
    0x00, 0x04, 0xff, 0x8d, 0xff, 0x00, 0x00, 0x00,
    0x00, 0x5f, 0xf7, 0xdf, 0xf0, 0x00, 0x00, 0x00,
    0x08, 0xff, 0x6d, 0xfe, 0x00, 0x00, 0x00, 0x00,
    0xcf, 0xf2, 0xdf, 0xe0, 0x00, 0x00, 0x00, 0x2f,
    0xfe, 0x0d, 0xfe, 0x00, 0x00, 0x00, 0x0a, 0xff,
    0x90, 0xdf, 0xf7, 0x00, 0x00, 0x06, 0xff, 0xf1,
    0x0d, 0xff, 0xf5, 0x00, 0x07, 0xff, 0xf7, 0x00,
    0xdf, 0xff, 0xfb, 0x9d, 0xff, 0xfa, 0x00, 0x0d,
    0xff, 0xff, 0xff, 0xff, 0xfa, 0x00, 0x00, 0xdf,
    0xf1, 0x8d, 0xfe, 0xa4, 0x00, 0x00, 0x0d, 0xff,
    0x00, 0x00, 0x00, 0x00, 0x00, 0x00, 0xdf, 0xf0,
    0x00, 0x00, 0x00, 0x00, 0x00, 0x0d, 0xff, 0x00,
    0x00, 0x00, 0x00, 0x00, 0x00, 0xef, 0xf0, 0x00,
    0x00, 0x00, 0x00, 0x00, 0x0e, 0xff, 0x10, 0x00,
    0x00, 0x00, 0x00, 0x00, 0x6e, 0xe0, 0x00, 0x00,
    0x00, 0x00, 0x00, 0x00,

    /* U+0071 "q" */
    0x00, 0x00, 0x01, 0x7c, 0xff, 0xd8, 0xce, 0x80,
    0x00, 0x00, 0x3e, 0xff, 0xff, 0xff, 0xff, 0xf1,
    0x00, 0x03, 0xff, 0xfe, 0xaa, 0xff, 0xff, 0xf0,
    0x00, 0x1e, 0xff, 0x80, 0x00, 0x2e, 0xff, 0xf0,
    0x00, 0xaf, 0xf9, 0x00, 0x00, 0x02, 0xef, 0xf0,
    0x03, 0xff, 0xd0, 0x00, 0x00, 0x00, 0xdf, 0xf0,
    0x0a, 0xff, 0x50, 0x00, 0x00, 0x00, 0xdf, 0xf0,
    0x0f, 0xfe, 0x00, 0x00, 0x00, 0x00, 0xdf, 0xf0,
    0x3f, 0xfa, 0x00, 0x00, 0x00, 0x00, 0xdf, 0xf0,
    0x6f, 0xf7, 0x00, 0x00, 0x00, 0x00, 0xff, 0xf0,
    0x7f, 0xf5, 0x00, 0x00, 0x00, 0x03, 0xff, 0xf0,
    0x8f, 0xf5, 0x00, 0x00, 0x00, 0x08, 0xff, 0xf0,
    0x7f, 0xf6, 0x00, 0x00, 0x00, 0x1f, 0xff, 0xf0,
    0x5f, 0xf8, 0x00, 0x00, 0x00, 0xbf, 0xff, 0xf0,
    0x2f, 0xfd, 0x00, 0x00, 0x09, 0xff, 0xff, 0xf0,
    0x0c, 0xff, 0x60, 0x01, 0xaf, 0xff, 0xef, 0xf0,
    0x04, 0xff, 0xfc, 0xbf, 0xff, 0xf6, 0xcf, 0xf0,
    0x00, 0x7f, 0xff, 0xff, 0xff, 0x50, 0xcf, 0xf0,
    0x00, 0x04, 0xbf, 0xfd, 0x81, 0x00, 0xcf, 0xf0,
    0x00, 0x00, 0x00, 0x00, 0x00, 0x00, 0xcf, 0xf0,
    0x00, 0x00, 0x00, 0x00, 0x00, 0x00, 0xdf, 0xf0,
    0x00, 0x00, 0x00, 0x00, 0x00, 0x00, 0xdf, 0xf0,
    0x00, 0x00, 0x00, 0x00, 0x00, 0x00, 0xdf, 0xf0,
    0x00, 0x00, 0x00, 0x00, 0x00, 0x00, 0xdf, 0xf1,
    0x00, 0x00, 0x00, 0x00, 0x00, 0x00, 0x6e, 0xe1,

    /* U+0072 "r" */
    0x6f, 0xc2, 0x06, 0xbe, 0xfe, 0xa3, 0x08, 0xff,
    0x8c, 0xff, 0xff, 0xff, 0xf6, 0x8f, 0xff, 0xff,
    0xfe, 0xcf, 0xff, 0xd7, 0xff, 0xff, 0xd4, 0x00,
    0x1b, 0xf8, 0x7f, 0xff, 0xe1, 0x00, 0x00, 0x06,
    0x07, 0xff, 0xf6, 0x00, 0x00, 0x00, 0x00, 0x7f,
    0xff, 0x00, 0x00, 0x00, 0x00, 0x07, 0xff, 0xb0,
    0x00, 0x00, 0x00, 0x00, 0x7f, 0xf8, 0x00, 0x00,
    0x00, 0x00, 0x07, 0xff, 0x70, 0x00, 0x00, 0x00,
    0x00, 0x7f, 0xf6, 0x00, 0x00, 0x00, 0x00, 0x07,
    0xff, 0x60, 0x00, 0x00, 0x00, 0x00, 0x7f, 0xf6,
    0x00, 0x00, 0x00, 0x00, 0x07, 0xff, 0x60, 0x00,
    0x00, 0x00, 0x00, 0x7f, 0xf6, 0x00, 0x00, 0x00,
    0x00, 0x07, 0xff, 0x60, 0x00, 0x00, 0x00, 0x00,
    0x7f, 0xf7, 0x00, 0x00, 0x00, 0x00, 0x07, 0xff,
    0x80, 0x00, 0x00, 0x00, 0x00, 0x2c, 0xf6, 0x00,
    0x00, 0x00, 0x00, 0x00,

    /* U+0073 "s" */
    0x00, 0x00, 0x6b, 0xef, 0xec, 0x60, 0x00, 0x00,
    0x2d, 0xff, 0xff, 0xff, 0xfd, 0x20, 0x01, 0xef,
    0xfd, 0x97, 0x9e, 0xff, 0xc0, 0x09, 0xff, 0x80,
    0x00, 0x00, 0xbf, 0xc0, 0x0c, 0xff, 0x00, 0x00,
    0x00, 0x0a, 0x30, 0x0c, 0xff, 0x00, 0x00, 0x00,
    0x00, 0x00, 0x09, 0xff, 0xa2, 0x00, 0x00, 0x00,
    0x00, 0x02, 0xff, 0xff, 0xd8, 0x40, 0x00, 0x00,
    0x00, 0x3d, 0xff, 0xff, 0xff, 0xa2, 0x00, 0x00,
    0x00, 0x49, 0xdf, 0xff, 0xff, 0x40, 0x00, 0x00,
    0x00, 0x02, 0x6c, 0xff, 0xe1, 0x00, 0x00, 0x00,
    0x00, 0x00, 0xaf, 0xf7, 0x00, 0x00, 0x00, 0x00,
    0x00, 0x3f, 0xfa, 0x1c, 0x90, 0x00, 0x00, 0x00,
    0x1f, 0xfb, 0x8f, 0xf2, 0x00, 0x00, 0x00, 0x5f,
    0xf9, 0x7f, 0xfd, 0x20, 0x00, 0x03, 0xef, 0xf3,
    0x0c, 0xff, 0xfb, 0x99, 0xcf, 0xff, 0xa0, 0x01,
    0xbf, 0xff, 0xff, 0xff, 0xfa, 0x00, 0x00, 0x04,
    0x9d, 0xff, 0xda, 0x40, 0x00,

    /* U+0074 "t" */
    0x00, 0x00, 0x06, 0x61, 0x00, 0x00, 0x00, 0x00,
    0x00, 0x00, 0x0f, 0xfe, 0x00, 0x00, 0x00, 0x00,
    0x00, 0x00, 0x0f, 0xff, 0x00, 0x00, 0x00, 0x00,
    0x00, 0x00, 0x0e, 0xff, 0x00, 0x00, 0x00, 0x00,
    0x00, 0x00, 0x0e, 0xfe, 0x00, 0x00, 0x00, 0x00,
    0x00, 0x00, 0x0e, 0xfe, 0x00, 0x00, 0x00, 0x00,
    0x1e, 0xff, 0xff, 0xff, 0xff, 0xff, 0xff, 0xd0,
    0x1f, 0xff, 0xff, 0xff, 0xff, 0xff, 0xff, 0xf2,
    0x07, 0x99, 0x9f, 0xff, 0x99, 0x99, 0x99, 0x80,
    0x00, 0x00, 0x0e, 0xfe, 0x00, 0x00, 0x00, 0x00,
    0x00, 0x00, 0x0e, 0xfe, 0x00, 0x00, 0x00, 0x00,
    0x00, 0x00, 0x0e, 0xfe, 0x00, 0x00, 0x00, 0x00,
    0x00, 0x00, 0x0e, 0xfe, 0x00, 0x00, 0x00, 0x00,
    0x00, 0x00, 0x0e, 0xfe, 0x00, 0x00, 0x00, 0x00,
    0x00, 0x00, 0x0e, 0xfe, 0x00, 0x00, 0x00, 0x00,
    0x00, 0x00, 0x0e, 0xfe, 0x00, 0x00, 0x00, 0x00,
    0x00, 0x00, 0x0e, 0xfe, 0x00, 0x00, 0x00, 0x00,
    0x00, 0x00, 0x0e, 0xfe, 0x00, 0x00, 0x00, 0x00,
    0x00, 0x00, 0x0e, 0xfe, 0x00, 0x00, 0x00, 0x00,
    0x00, 0x00, 0x0e, 0xfe, 0x00, 0x00, 0x00, 0x00,
    0x00, 0x00, 0x0e, 0xfe, 0x00, 0x00, 0x03, 0xa0,
    0x00, 0x00, 0x0c, 0xff, 0x10, 0x03, 0xaf, 0xd0,
    0x00, 0x00, 0x09, 0xff, 0xec, 0xef, 0xfe, 0x20,
    0x00, 0x00, 0x02, 0xff, 0xff, 0xff, 0xc1, 0x00,
    0x00, 0x00, 0x00, 0x3b, 0xff, 0xc5, 0x00, 0x00,

    /* U+0075 "u" */
    0xce, 0x80, 0x00, 0x00, 0x00, 0x0d, 0xe8, 0x0e,
    0xff, 0x10, 0x00, 0x00, 0x00, 0xff, 0xf0, 0xdf,
    0xf1, 0x00, 0x00, 0x00, 0x0f, 0xfe, 0x0d, 0xff,
    0x10, 0x00, 0x00, 0x00, 0xff, 0xd0, 0xdf, 0xf1,
    0x00, 0x00, 0x00, 0x0f, 0xfc, 0x0d, 0xff, 0x10,
    0x00, 0x00, 0x00, 0xff, 0xc0, 0xdf, 0xf0, 0x00,
    0x00, 0x00, 0x0f, 0xfb, 0x0d, 0xff, 0x00, 0x00,
    0x00, 0x00, 0xff, 0xb0, 0xcf, 0xf0, 0x00, 0x00,
    0x00, 0x3f, 0xfb, 0x0c, 0xff, 0x00, 0x00, 0x00,
    0x05, 0xff, 0xb0, 0xcf, 0xf0, 0x00, 0x00, 0x00,
    0x9f, 0xfb, 0x0c, 0xff, 0x00, 0x00, 0x00, 0x0e,
    0xff, 0xc0, 0xcf, 0xf1, 0x00, 0x00, 0x05, 0xff,
    0xfd, 0x0b, 0xff, 0x30, 0x00, 0x00, 0xdf, 0xff,
    0xf0, 0x8f, 0xf7, 0x00, 0x00, 0x9f, 0xff, 0xff,
    0x24, 0xff, 0xe1, 0x00, 0x8f, 0xff, 0xdf, 0xf6,
    0x0d, 0xff, 0xea, 0xef, 0xff, 0x77, 0xff, 0xc0,
    0x4f, 0xff, 0xff, 0xff, 0x60, 0x3f, 0xfd, 0x00,
    0x2a, 0xef, 0xe9, 0x20, 0x00, 0xae, 0x30,

    /* U+0076 "v" */
    0x1d, 0xfa, 0x00, 0x00, 0x00, 0x00, 0x6f, 0xc2,
    0x1f, 0xff, 0x10, 0x00, 0x00, 0x00, 0xcf, 0xf5,
    0x0b, 0xff, 0x60, 0x00, 0x00, 0x01, 0xff, 0xe0,
    0x06, 0xff, 0xa0, 0x00, 0x00, 0x06, 0xff, 0x80,
    0x00, 0xff, 0xf0, 0x00, 0x00, 0x0c, 0xff, 0x20,
    0x00, 0xbf, 0xf4, 0x00, 0x00, 0x2f, 0xfc, 0x00,
    0x00, 0x5f, 0xf9, 0x00, 0x00, 0x8f, 0xf6, 0x00,
    0x00, 0x0f, 0xfe, 0x00, 0x00, 0xef, 0xf1, 0x00,
    0x00, 0x0b, 0xff, 0x20, 0x04, 0xff, 0xa0, 0x00,
    0x00, 0x05, 0xff, 0x70, 0x09, 0xff, 0x40, 0x00,
    0x00, 0x00, 0xff, 0xc0, 0x0f, 0xfe, 0x00, 0x00,
    0x00, 0x00, 0xbf, 0xf1, 0x5f, 0xf8, 0x00, 0x00,
    0x00, 0x00, 0x5f, 0xf6, 0xbf, 0xf2, 0x00, 0x00,
    0x00, 0x00, 0x1f, 0xfc, 0xff, 0xc0, 0x00, 0x00,
    0x00, 0x00, 0x0b, 0xff, 0xff, 0x70, 0x00, 0x00,
    0x00, 0x00, 0x06, 0xff, 0xff, 0x10, 0x00, 0x00,
    0x00, 0x00, 0x01, 0xff, 0xfb, 0x00, 0x00, 0x00,
    0x00, 0x00, 0x00, 0xbf, 0xf6, 0x00, 0x00, 0x00,
    0x00, 0x00, 0x00, 0x1c, 0xd1, 0x00, 0x00, 0x00,

    /* U+0077 "w" */
    0x1e, 0xe7, 0x00, 0x06, 0x85, 0x00, 0x00, 0x8f,
    0xb1, 0x2f, 0xfd, 0x00, 0x0f, 0xff, 0x80, 0x00,
    0xbf, 0xf4, 0x0e, 0xff, 0x00, 0x1f, 0xff, 0xc0,
    0x00, 0xef, 0xf1, 0x0b, 0xff, 0x10, 0x4f, 0xff,
    0xe0, 0x00, 0xff, 0xe0, 0x09, 0xff, 0x30, 0x6f,
    0xff, 0xf1, 0x02, 0xff, 0xb0, 0x06, 0xff, 0x50,
    0x9f, 0xff, 0xf4, 0x04, 0xff, 0x80, 0x04, 0xff,
    0x70, 0xbf, 0xff, 0xf7, 0x07, 0xff, 0x50, 0x02,
    0xff, 0x90, 0xef, 0xbf, 0xf9, 0x09, 0xff, 0x20,
    0x00, 0xff, 0xb0, 0xff, 0x8c, 0xfc, 0x0c, 0xff,
    0x00, 0x00, 0xdf, 0xd3, 0xff, 0x5a, 0xff, 0x0e,
    0xfc, 0x00, 0x00, 0xbf, 0xf6, 0xff, 0x27, 0xff,
    0x2f, 0xf9, 0x00, 0x00, 0x8f, 0xfa, 0xff, 0x04,
    0xff, 0x8f, 0xf7, 0x00, 0x00, 0x6f, 0xfe, 0xfd,
    0x01, 0xff, 0xdf, 0xf4, 0x00, 0x00, 0x3f, 0xff,
    0xfa, 0x00, 0xff, 0xff, 0xf1, 0x00, 0x00, 0x1f,
    0xff, 0xf7, 0x00, 0xcf, 0xff, 0xe0, 0x00, 0x00,
    0x0f, 0xff, 0xf4, 0x00, 0x9f, 0xff, 0xb0, 0x00,
    0x00, 0x0c, 0xff, 0xf2, 0x00, 0x7f, 0xff, 0x80,
    0x00, 0x00, 0x09, 0xff, 0xf0, 0x00, 0x3f, 0xff,
    0x50, 0x00, 0x00, 0x01, 0xaf, 0x90, 0x00, 0x06,
    0xed, 0x00, 0x00,

    /* U+0078 "x" */
    0x03, 0xcf, 0x50, 0x00, 0x00, 0x02, 0xee, 0x60,
    0x08, 0xff, 0xe0, 0x00, 0x00, 0x0b, 0xff, 0xa0,
    0x00, 0xcf, 0xf8, 0x00, 0x00, 0x4f, 0xfd, 0x00,
    0x00, 0x1e, 0xff, 0x20, 0x00, 0xef, 0xf3, 0x00,
    0x00, 0x06, 0xff, 0xb0, 0x08, 0xff, 0x80, 0x00,
    0x00, 0x00, 0xcf, 0xf5, 0x2f, 0xfd, 0x00, 0x00,
    0x00, 0x00, 0x2f, 0xfe, 0xcf, 0xf4, 0x00, 0x00,
    0x00, 0x00, 0x08, 0xff, 0xff, 0x90, 0x00, 0x00,
    0x00, 0x00, 0x00, 0xdf, 0xfe, 0x10, 0x00, 0x00,
    0x00, 0x00, 0x00, 0xaf, 0xfc, 0x00, 0x00, 0x00,
    0x00, 0x00, 0x04, 0xff, 0xff, 0x60, 0x00, 0x00,
    0x00, 0x00, 0x0e, 0xff, 0xff, 0xf1, 0x00, 0x00,
    0x00, 0x00, 0x9f, 0xf7, 0x7f, 0xfb, 0x00, 0x00,
    0x00, 0x03, 0xff, 0xd0, 0x0d, 0xff, 0x50, 0x00,
    0x00, 0x0d, 0xff, 0x30, 0x03, 0xff, 0xe1, 0x00,
    0x00, 0x8f, 0xf9, 0x00, 0x00, 0x9f, 0xfa, 0x00,
    0x04, 0xff, 0xe1, 0x00, 0x00, 0x1e, 0xff, 0x70,
    0x1e, 0xff, 0x60, 0x00, 0x00, 0x06, 0xff, 0xf2,
    0x1b, 0xfb, 0x00, 0x00, 0x00, 0x00, 0xbf, 0xb1,

    /* U+0079 "y" */
    0x1d, 0xfb, 0x00, 0x00, 0x00, 0x00, 0x0a, 0xe5,
    0x01, 0xff, 0xf4, 0x00, 0x00, 0x00, 0x01, 0xff,
    0xf0, 0x09, 0xff, 0x90, 0x00, 0x00, 0x00, 0x6f,
    0xfc, 0x00, 0x3f, 0xfe, 0x00, 0x00, 0x00, 0x0c,
    0xff, 0x50, 0x00, 0xdf, 0xf5, 0x00, 0x00, 0x01,
    0xff, 0xe0, 0x00, 0x06, 0xff, 0xa0, 0x00, 0x00,
    0x8f, 0xf7, 0x00, 0x00, 0x1f, 0xff, 0x10, 0x00,
    0x0e, 0xff, 0x10, 0x00, 0x00, 0xaf, 0xf6, 0x00,
    0x05, 0xff, 0xa0, 0x00, 0x00, 0x04, 0xff, 0xc0,
    0x00, 0xbf, 0xf3, 0x00, 0x00, 0x00, 0x0e, 0xff,
    0x20, 0x2f, 0xfd, 0x00, 0x00, 0x00, 0x00, 0x8f,
    0xf7, 0x08, 0xff, 0x60, 0x00, 0x00, 0x00, 0x02,
    0xff, 0xd0, 0xef, 0xf0, 0x00, 0x00, 0x00, 0x00,
    0x0c, 0xff, 0x8f, 0xf9, 0x00, 0x00, 0x00, 0x00,
    0x00, 0x6f, 0xff, 0xff, 0x20, 0x00, 0x00, 0x00,
    0x00, 0x00, 0xff, 0xff, 0xc0, 0x00, 0x00, 0x00,
    0x00, 0x00, 0x09, 0xff, 0xf5, 0x00, 0x00, 0x00,
    0x00, 0x00, 0x00, 0x3f, 0xfe, 0x00, 0x00, 0x00,
    0x00, 0x00, 0x00, 0x05, 0xff, 0x80, 0x00, 0x00,
    0x00, 0x00, 0x00, 0x00, 0xbf, 0xf2, 0x00, 0x00,
    0x00, 0x00, 0x00, 0x00, 0x2f, 0xfb, 0x00, 0x00,
    0x00, 0x00, 0x00, 0x00, 0x09, 0xff, 0x40, 0x00,
    0x00, 0x00, 0x01, 0xa3, 0x02, 0xff, 0xe0, 0x00,
    0x00, 0x00, 0x00, 0x9f, 0xfc, 0xff, 0xf6, 0x00,
    0x00, 0x00, 0x00, 0x0b, 0xff, 0xff, 0xfc, 0x00,
    0x00, 0x00, 0x00, 0x00, 0x19, 0xef, 0xe9, 0x10,
    0x00, 0x00, 0x00, 0x00, 0x00,

    /* U+007A "z" */
    0x00, 0x00, 0x00, 0x00, 0x25, 0x8c, 0xe6, 0x00,
    0x09, 0xcc, 0xce, 0xff, 0xff, 0xff, 0xf1, 0x00,
    0xaf, 0xff, 0xff, 0xff, 0xff, 0xff, 0x20, 0x02,
    0xff, 0xfd, 0xca, 0x9f, 0xff, 0x50, 0x00, 0x00,
    0x00, 0x00, 0x07, 0xff, 0x70, 0x00, 0x00, 0x00,
    0x00, 0x04, 0xff, 0xb0, 0x00, 0x00, 0x00, 0x00,
    0x01, 0xef, 0xe1, 0x00, 0x00, 0x00, 0x00, 0x00,
    0xbf, 0xf5, 0x00, 0x00, 0x00, 0x00, 0x00, 0x7f,
    0xfa, 0x00, 0x00, 0x00, 0x00, 0x00, 0x3f, 0xfe,
    0x10, 0x00, 0x00, 0x00, 0x00, 0x0d, 0xff, 0x50,
    0x00, 0x00, 0x00, 0x00, 0x08, 0xff, 0xa0, 0x00,
    0x00, 0x00, 0x00, 0x03, 0xff, 0xe1, 0x00, 0x00,
    0x00, 0x00, 0x00, 0xdf, 0xf5, 0x00, 0x00, 0x00,
    0x00, 0x00, 0x9f, 0xfb, 0x00, 0x00, 0x00, 0x00,
    0x00, 0x5f, 0xff, 0x20, 0x00, 0x00, 0x00, 0x00,
    0x1f, 0xff, 0xda, 0xbb, 0xbb, 0xbb, 0xba, 0x22,
    0xff, 0xff, 0xff, 0xff, 0xff, 0xff, 0xfa, 0x0a,
    0xff, 0xff, 0xff, 0xff, 0xff, 0xff, 0xa0,

    /* U+007B "{" */
    0x00, 0x00, 0x00, 0x00, 0x00, 0x62, 0x00, 0x00,
    0x00, 0x00, 0x8f, 0xf7, 0x00, 0x00, 0x00, 0x2d,
    0xfe, 0x50, 0x00, 0x00, 0x01, 0xef, 0xe2, 0x00,
    0x00, 0x00, 0x08, 0xff, 0x70, 0x00, 0x00, 0x00,
    0x0d, 0xff, 0x20, 0x00, 0x00, 0x00, 0x0e, 0xff,
    0x10, 0x00, 0x00, 0x00, 0x0d, 0xff, 0x10, 0x00,
    0x00, 0x00, 0x0c, 0xff, 0x20, 0x00, 0x00, 0x00,
    0x0b, 0xff, 0x30, 0x00, 0x00, 0x00, 0x0a, 0xff,
    0x40, 0x00, 0x00, 0x00, 0x0a, 0xff, 0x40, 0x00,
    0x00, 0x00, 0x0a, 0xff, 0x40, 0x00, 0x00, 0x00,
    0x0c, 0xff, 0x20, 0x00, 0x00, 0x00, 0x2f, 0xff,
    0x00, 0x00, 0x00, 0x01, 0xcf, 0xfa, 0x00, 0x00,
    0x3a, 0xcf, 0xff, 0xf2, 0x00, 0x00, 0x8f, 0xff,
    0xfe, 0x20, 0x00, 0x00, 0x2d, 0xff, 0xff, 0xc0,
    0x00, 0x00, 0x00, 0x14, 0xdf, 0xf9, 0x00, 0x00,
    0x00, 0x00, 0x1f, 0xff, 0x00, 0x00, 0x00, 0x00,
    0x0b, 0xff, 0x30, 0x00, 0x00, 0x00, 0x0a, 0xff,
    0x40, 0x00, 0x00, 0x00, 0x0a, 0xff, 0x40, 0x00,
    0x00, 0x00, 0x0b, 0xff, 0x30, 0x00, 0x00, 0x00,
    0x0d, 0xff, 0x20, 0x00, 0x00, 0x00, 0x0f, 0xff,
    0x00, 0x00, 0x00, 0x00, 0x1f, 0xfd, 0x00, 0x00,
    0x00, 0x00, 0x3f, 0xfb, 0x00, 0x00, 0x00, 0x00,
    0x3f, 0xfb, 0x00, 0x00, 0x00, 0x00, 0x1f, 0xfe,
    0x00, 0x00, 0x00, 0x00, 0x0c, 0xff, 0x60, 0x00,
    0x00, 0x00, 0x02, 0xff, 0xf5, 0x00, 0x00, 0x00,
    0x00, 0x2d, 0xff, 0xb1, 0x00, 0x00, 0x00, 0x00,
    0x5b, 0xf7,

    /* U+007C "|" */
    0x2f, 0xd5, 0x3f, 0xfa, 0x2f, 0xfa, 0x2f, 0xfa,
    0x2f, 0xfa, 0x2f, 0xfa, 0x2f, 0xfa, 0x2f, 0xfa,
    0x2f, 0xfa, 0x2f, 0xfa, 0x2f, 0xfa, 0x2f, 0xfa,
    0x2f, 0xfa, 0x2f, 0xfa, 0x2f, 0xfa, 0x2f, 0xfa,
    0x2f, 0xfa, 0x2f, 0xfa, 0x2f, 0xfa, 0x2f, 0xfa,
    0x2f, 0xfa, 0x2f, 0xfa, 0x1f, 0xfa, 0x1f, 0xfa,
    0x1f, 0xfa, 0x1f, 0xfa, 0x1f, 0xfa, 0x1f, 0xfa,
    0x1f, 0xfa, 0x1f, 0xfa, 0x2f, 0xfb, 0x2f, 0xfb,
    0x0a, 0xf9,

    /* U+007D "}" */
    0x7f, 0xb5, 0x00, 0x00, 0x00, 0x00, 0x1b, 0xff,
    0xd2, 0x00, 0x00, 0x00, 0x00, 0x5f, 0xff, 0x20,
    0x00, 0x00, 0x00, 0x06, 0xff, 0xc0, 0x00, 0x00,
    0x00, 0x00, 0xef, 0xf1, 0x00, 0x00, 0x00, 0x00,
    0xbf, 0xf4, 0x00, 0x00, 0x00, 0x00, 0xaf, 0xf4,
    0x00, 0x00, 0x00, 0x00, 0xdf, 0xf2, 0x00, 0x00,
    0x00, 0x00, 0xff, 0xf0, 0x00, 0x00, 0x00, 0x01,
    0xff, 0xd0, 0x00, 0x00, 0x00, 0x02, 0xff, 0xb0,
    0x00, 0x00, 0x00, 0x03, 0xff, 0xa0, 0x00, 0x00,
    0x00, 0x04, 0xff, 0xa0, 0x00, 0x00, 0x00, 0x03,
    0xff, 0xa0, 0x00, 0x00, 0x00, 0x01, 0xff, 0xe0,
    0x00, 0x00, 0x00, 0x00, 0xaf, 0xf9, 0x00, 0x00,
    0x00, 0x00, 0x2e, 0xff, 0xea, 0x70, 0x00, 0x00,
    0x02, 0xef, 0xff, 0xf7, 0x00, 0x00, 0x0a, 0xff,
    0xff, 0xf7, 0x00, 0x00, 0x5f, 0xff, 0x61, 0x00,
    0x00, 0x00, 0xcf, 0xf5, 0x00, 0x00, 0x00, 0x01,
    0xff, 0xe0, 0x00, 0x00, 0x00, 0x03, 0xff, 0xb0,
    0x00, 0x00, 0x00, 0x04, 0xff, 0xb0, 0x00, 0x00,
    0x00, 0x03, 0xff, 0xb0, 0x00, 0x00, 0x00, 0x02,
    0xff, 0xc0, 0x00, 0x00, 0x00, 0x01, 0xff, 0xd0,
    0x00, 0x00, 0x00, 0x01, 0xff, 0xe0, 0x00, 0x00,
    0x00, 0x00, 0xff, 0xf0, 0x00, 0x00, 0x00, 0x00,
    0xff, 0xe0, 0x00, 0x00, 0x00, 0x03, 0xff, 0xc0,
    0x00, 0x00, 0x00, 0x0a, 0xff, 0x50, 0x00, 0x00,
    0x00, 0x9f, 0xfa, 0x00, 0x00, 0x00, 0x2d, 0xff,
    0x70, 0x00, 0x00, 0x00, 0x7e, 0x81, 0x00, 0x00,
    0x00, 0x00,

    /* U+007E "~" */
    0x00, 0x04, 0x9a, 0x71, 0x00, 0x00, 0x00, 0x56,
    0x00, 0xbf, 0xff, 0xfe, 0x30, 0x00, 0x02, 0xfc,
    0x0a, 0xff, 0xff, 0xff, 0xf4, 0x00, 0x2d, 0xf7,
    0x4f, 0xf7, 0x13, 0xdf, 0xff, 0xcb, 0xff, 0xe0,
    0xbf, 0x60, 0x00, 0x0a, 0xff, 0xff, 0xfe, 0x30,
    0xab, 0x00, 0x00, 0x00, 0x5c, 0xfe, 0xa2, 0x00
};

/*---------------------
 *  GLYPH DESCRIPTION
 *--------------------*/

static const lv_font_fmt_txt_glyph_dsc_t glyph_dsc[] = {
    {.bitmap_index = 0, .adv_w = 0, .box_w = 0, .box_h = 0, .ofs_x = 0, .ofs_y = 0} /* id = 0 reserved */,
    {.bitmap_index = 0, .adv_w = 288, .box_w = 0, .box_h = 0, .ofs_x = 0, .ofs_y = 0},
    {.bitmap_index = 0, .adv_w = 288, .box_w = 6, .box_h = 27, .ofs_x = 6, .ofs_y = -1},
    {.bitmap_index = 81, .adv_w = 288, .box_w = 10, .box_h = 10, .ofs_x = 4, .ofs_y = 16},
    {.bitmap_index = 131, .adv_w = 288, .box_w = 18, .box_h = 27, .ofs_x = 0, .ofs_y = -1},
    {.bitmap_index = 374, .adv_w = 288, .box_w = 17, .box_h = 33, .ofs_x = 0, .ofs_y = -5},
    {.bitmap_index = 655, .adv_w = 288, .box_w = 17, .box_h = 30, .ofs_x = 1, .ofs_y = -2},
    {.bitmap_index = 910, .adv_w = 288, .box_w = 17, .box_h = 27, .ofs_x = 1, .ofs_y = -1},
    {.bitmap_index = 1140, .adv_w = 288, .box_w = 4, .box_h = 10, .ofs_x = 7, .ofs_y = 16},
    {.bitmap_index = 1160, .adv_w = 288, .box_w = 11, .box_h = 35, .ofs_x = 4, .ofs_y = -6},
    {.bitmap_index = 1353, .adv_w = 288, .box_w = 11, .box_h = 35, .ofs_x = 3, .ofs_y = -6},
    {.bitmap_index = 1546, .adv_w = 288, .box_w = 16, .box_h = 23, .ofs_x = 1, .ofs_y = 2},
    {.bitmap_index = 1730, .adv_w = 288, .box_w = 16, .box_h = 19, .ofs_x = 1, .ofs_y = 3},
    {.bitmap_index = 1882, .adv_w = 288, .box_w = 7, .box_h = 10, .ofs_x = 5, .ofs_y = -5},
    {.bitmap_index = 1917, .adv_w = 288, .box_w = 13, .box_h = 3, .ofs_x = 3, .ofs_y = 11},
    {.bitmap_index = 1937, .adv_w = 288, .box_w = 6, .box_h = 6, .ofs_x = 6, .ofs_y = -1},
    {.bitmap_index = 1955, .adv_w = 288, .box_w = 16, .box_h = 32, .ofs_x = 1, .ofs_y = -3},
    {.bitmap_index = 2211, .adv_w = 288, .box_w = 16, .box_h = 27, .ofs_x = 1, .ofs_y = -1},
    {.bitmap_index = 2427, .adv_w = 288, .box_w = 15, .box_h = 27, .ofs_x = 2, .ofs_y = -1},
    {.bitmap_index = 2630, .adv_w = 288, .box_w = 17, .box_h = 27, .ofs_x = 1, .ofs_y = -1},
    {.bitmap_index = 2860, .adv_w = 288, .box_w = 17, .box_h = 27, .ofs_x = 0, .ofs_y = -1},
    {.bitmap_index = 3090, .adv_w = 288, .box_w = 18, .box_h = 27, .ofs_x = 0, .ofs_y = -1},
    {.bitmap_index = 3333, .adv_w = 288, .box_w = 16, .box_h = 27, .ofs_x = 1, .ofs_y = -1},
    {.bitmap_index = 3549, .adv_w = 288, .box_w = 16, .box_h = 27, .ofs_x = 1, .ofs_y = -1},
    {.bitmap_index = 3765, .adv_w = 288, .box_w = 16, .box_h = 27, .ofs_x = 1, .ofs_y = -1},
    {.bitmap_index = 3981, .adv_w = 288, .box_w = 18, .box_h = 27, .ofs_x = 0, .ofs_y = -1},
    {.bitmap_index = 4224, .adv_w = 288, .box_w = 18, .box_h = 27, .ofs_x = 0, .ofs_y = -1},
    {.bitmap_index = 4467, .adv_w = 288, .box_w = 6, .box_h = 19, .ofs_x = 6, .ofs_y = 3},
    {.bitmap_index = 4524, .adv_w = 288, .box_w = 6, .box_h = 23, .ofs_x = 6, .ofs_y = -1},
    {.bitmap_index = 4593, .adv_w = 288, .box_w = 16, .box_h = 20, .ofs_x = 1, .ofs_y = 3},
    {.bitmap_index = 4753, .adv_w = 288, .box_w = 16, .box_h = 10, .ofs_x = 1, .ofs_y = 8},
    {.bitmap_index = 4833, .adv_w = 288, .box_w = 15, .box_h = 20, .ofs_x = 1, .ofs_y = 3},
    {.bitmap_index = 4983, .adv_w = 288, .box_w = 16, .box_h = 27, .ofs_x = 1, .ofs_y = -1},
    {.bitmap_index = 5199, .adv_w = 288, .box_w = 17, .box_h = 27, .ofs_x = 0, .ofs_y = -1},
    {.bitmap_index = 5429, .adv_w = 288, .box_w = 18, .box_h = 27, .ofs_x = 0, .ofs_y = -1},
    {.bitmap_index = 5672, .adv_w = 288, .box_w = 17, .box_h = 27, .ofs_x = 0, .ofs_y = -1},
    {.bitmap_index = 5902, .adv_w = 288, .box_w = 17, .box_h = 27, .ofs_x = 1, .ofs_y = -1},
    {.bitmap_index = 6132, .adv_w = 288, .box_w = 17, .box_h = 27, .ofs_x = 0, .ofs_y = -1},
    {.bitmap_index = 6362, .adv_w = 288, .box_w = 17, .box_h = 27, .ofs_x = 1, .ofs_y = -1},
    {.bitmap_index = 6592, .adv_w = 288, .box_w = 16, .box_h = 27, .ofs_x = 1, .ofs_y = -1},
    {.bitmap_index = 6808, .adv_w = 288, .box_w = 17, .box_h = 27, .ofs_x = 0, .ofs_y = -1},
    {.bitmap_index = 7038, .adv_w = 288, .box_w = 17, .box_h = 27, .ofs_x = 0, .ofs_y = -1},
    {.bitmap_index = 7268, .adv_w = 288, .box_w = 14, .box_h = 27, .ofs_x = 2, .ofs_y = -1},
    {.bitmap_index = 7457, .adv_w = 288, .box_w = 13, .box_h = 27, .ofs_x = 2, .ofs_y = -1},
    {.bitmap_index = 7633, .adv_w = 288, .box_w = 17, .box_h = 27, .ofs_x = 1, .ofs_y = -1},
    {.bitmap_index = 7863, .adv_w = 288, .box_w = 15, .box_h = 27, .ofs_x = 2, .ofs_y = -1},
    {.bitmap_index = 8066, .adv_w = 288, .box_w = 18, .box_h = 27, .ofs_x = 0, .ofs_y = -1},
    {.bitmap_index = 8309, .adv_w = 288, .box_w = 16, .box_h = 27, .ofs_x = 1, .ofs_y = -1},
    {.bitmap_index = 8525, .adv_w = 288, .box_w = 16, .box_h = 27, .ofs_x = 1, .ofs_y = -1},
    {.bitmap_index = 8741, .adv_w = 288, .box_w = 18, .box_h = 27, .ofs_x = 0, .ofs_y = -1},
    {.bitmap_index = 8984, .adv_w = 288, .box_w = 17, .box_h = 29, .ofs_x = 1, .ofs_y = -3},
    {.bitmap_index = 9231, .adv_w = 288, .box_w = 18, .box_h = 27, .ofs_x = 0, .ofs_y = -1},
    {.bitmap_index = 9474, .adv_w = 288, .box_w = 18, .box_h = 27, .ofs_x = 0, .ofs_y = -1},
    {.bitmap_index = 9717, .adv_w = 288, .box_w = 18, .box_h = 27, .ofs_x = 0, .ofs_y = -1},
    {.bitmap_index = 9960, .adv_w = 288, .box_w = 16, .box_h = 27, .ofs_x = 1, .ofs_y = -1},
    {.bitmap_index = 10176, .adv_w = 288, .box_w = 18, .box_h = 27, .ofs_x = 0, .ofs_y = -1},
    {.bitmap_index = 10419, .adv_w = 288, .box_w = 18, .box_h = 27, .ofs_x = 0, .ofs_y = -1},
    {.bitmap_index = 10662, .adv_w = 288, .box_w = 16, .box_h = 27, .ofs_x = 1, .ofs_y = -1},
    {.bitmap_index = 10878, .adv_w = 288, .box_w = 17, .box_h = 27, .ofs_x = 0, .ofs_y = -1},
    {.bitmap_index = 11108, .adv_w = 288, .box_w = 17, .box_h = 27, .ofs_x = 0, .ofs_y = -1},
    {.bitmap_index = 11338, .adv_w = 288, .box_w = 9, .box_h = 34, .ofs_x = 5, .ofs_y = -6},
    {.bitmap_index = 11491, .adv_w = 288, .box_w = 16, .box_h = 32, .ofs_x = 1, .ofs_y = -3},
    {.bitmap_index = 11747, .adv_w = 288, .box_w = 9, .box_h = 34, .ofs_x = 4, .ofs_y = -6},
    {.bitmap_index = 11900, .adv_w = 288, .box_w = 15, .box_h = 12, .ofs_x = 2, .ofs_y = 17},
    {.bitmap_index = 11990, .adv_w = 288, .box_w = 18, .box_h = 3, .ofs_x = 0, .ofs_y = -6},
    {.bitmap_index = 12017, .adv_w = 288, .box_w = 8, .box_h = 6, .ofs_x = 5, .ofs_y = 21},
    {.bitmap_index = 12041, .adv_w = 288, .box_w = 16, .box_h = 19, .ofs_x = 1, .ofs_y = -1},
    {.bitmap_index = 12193, .adv_w = 288, .box_w = 16, .box_h = 27, .ofs_x = 1, .ofs_y = -1},
    {.bitmap_index = 12409, .adv_w = 288, .box_w = 16, .box_h = 19, .ofs_x = 1, .ofs_y = -1},
    {.bitmap_index = 12561, .adv_w = 288, .box_w = 17, .box_h = 27, .ofs_x = 1, .ofs_y = -1},
    {.bitmap_index = 12791, .adv_w = 288, .box_w = 16, .box_h = 19, .ofs_x = 1, .ofs_y = -1},
    {.bitmap_index = 12943, .adv_w = 288, .box_w = 16, .box_h = 27, .ofs_x = 1, .ofs_y = -1},
    {.bitmap_index = 13159, .adv_w = 288, .box_w = 16, .box_h = 25, .ofs_x = 1, .ofs_y = -7},
    {.bitmap_index = 13359, .adv_w = 288, .box_w = 15, .box_h = 27, .ofs_x = 2, .ofs_y = -1},
    {.bitmap_index = 13562, .adv_w = 288, .box_w = 14, .box_h = 27, .ofs_x = 2, .ofs_y = -1},
    {.bitmap_index = 13751, .adv_w = 288, .box_w = 14, .box_h = 33, .ofs_x = 1, .ofs_y = -7},
    {.bitmap_index = 13982, .adv_w = 288, .box_w = 15, .box_h = 27, .ofs_x = 2, .ofs_y = -1},
    {.bitmap_index = 14185, .adv_w = 288, .box_w = 16, .box_h = 27, .ofs_x = 1, .ofs_y = -1},
    {.bitmap_index = 14401, .adv_w = 288, .box_w = 16, .box_h = 19, .ofs_x = 1, .ofs_y = -1},
    {.bitmap_index = 14553, .adv_w = 288, .box_w = 15, .box_h = 19, .ofs_x = 2, .ofs_y = -1},
    {.bitmap_index = 14696, .adv_w = 288, .box_w = 16, .box_h = 19, .ofs_x = 1, .ofs_y = -1},
    {.bitmap_index = 14848, .adv_w = 288, .box_w = 15, .box_h = 25, .ofs_x = 2, .ofs_y = -7},
    {.bitmap_index = 15036, .adv_w = 288, .box_w = 16, .box_h = 25, .ofs_x = 1, .ofs_y = -7},
    {.bitmap_index = 15236, .adv_w = 288, .box_w = 13, .box_h = 19, .ofs_x = 3, .ofs_y = -1},
    {.bitmap_index = 15360, .adv_w = 288, .box_w = 14, .box_h = 19, .ofs_x = 2, .ofs_y = -1},
    {.bitmap_index = 15493, .adv_w = 288, .box_w = 16, .box_h = 25, .ofs_x = 1, .ofs_y = -1},
    {.bitmap_index = 15693, .adv_w = 288, .box_w = 15, .box_h = 19, .ofs_x = 2, .ofs_y = -1},
    {.bitmap_index = 15836, .adv_w = 288, .box_w = 16, .box_h = 19, .ofs_x = 1, .ofs_y = -1},
    {.bitmap_index = 15988, .adv_w = 288, .box_w = 18, .box_h = 19, .ofs_x = 0, .ofs_y = -1},
    {.bitmap_index = 16159, .adv_w = 288, .box_w = 16, .box_h = 19, .ofs_x = 1, .ofs_y = -1},
    {.bitmap_index = 16311, .adv_w = 288, .box_w = 17, .box_h = 25, .ofs_x = 1, .ofs_y = -7},
    {.bitmap_index = 16524, .adv_w = 288, .box_w = 15, .box_h = 19, .ofs_x = 1, .ofs_y = -1},
    {.bitmap_index = 16667, .adv_w = 288, .box_w = 12, .box_h = 35, .ofs_x = 3, .ofs_y = -6},
    {.bitmap_index = 16877, .adv_w = 288, .box_w = 4, .box_h = 33, .ofs_x = 7, .ofs_y = -4},
    {.bitmap_index = 16943, .adv_w = 288, .box_w = 12, .box_h = 35, .ofs_x = 3, .ofs_y = -6},
    {.bitmap_index = 17153, .adv_w = 288, .box_w = 16, .box_h = 6, .ofs_x = 1, .ofs_y = 6}
};

/*---------------------
 *  CHARACTER MAPPING
 *--------------------*/



/*Collect the unicode lists and glyph_id offsets*/
static const lv_font_fmt_txt_cmap_t cmaps[] =
{
    {
        .range_start = 32, .range_length = 95, .glyph_id_start = 1,
        .unicode_list = NULL, .glyph_id_ofs_list = NULL, .list_length = 0, .type = LV_FONT_FMT_TXT_CMAP_FORMAT0_TINY
    }
};



/*--------------------
 *  ALL CUSTOM DATA
 *--------------------*/

#if LVGL_VERSION_MAJOR == 8
/*Store all the custom data of the font*/
static  lv_font_fmt_txt_glyph_cache_t cache;
#endif

#if LVGL_VERSION_MAJOR >= 8
static const lv_font_fmt_txt_dsc_t font_dsc = {
#else
static lv_font_fmt_txt_dsc_t font_dsc = {
#endif
    .glyph_bitmap = glyph_bitmap,
    .glyph_dsc = glyph_dsc,
    .cmaps = cmaps,
    .kern_dsc = NULL,
    .kern_scale = 0,
    .cmap_num = 1,
    .bpp = 4,
    .kern_classes = 0,
    .bitmap_format = 0,
#if LVGL_VERSION_MAJOR == 8
    .cache = &cache
#endif

};



/*-----------------
 *  PUBLIC FONT
 *----------------*/

/*Initialize a public general font descriptor*/
#if LVGL_VERSION_MAJOR >= 8
const lv_font_t font_cn_34_data = {
#else
lv_font_t font_cn_34_data = {
#endif
    .get_glyph_dsc = lv_font_get_glyph_dsc_fmt_txt,    /*Function pointer to get glyph's data*/
    .get_glyph_bitmap = lv_font_get_bitmap_fmt_txt,    /*Function pointer to get glyph's bitmap*/
    .line_height = 36,          /*The maximum line height required by the font*/
    .base_line = 7,             /*Baseline measured from the bottom of the line*/
#if LV_VERSION_CHECK(9, 6, 0) || LVGL_VERSION_MAJOR >= 10
    .cap_height = 25,           /*Cap height of the font*/
    .x_height = 17,               /*x-height of the font*/
#endif
#if !(LVGL_VERSION_MAJOR == 6 && LVGL_VERSION_MINOR == 0)
    .subpx = LV_FONT_SUBPX_NONE,
#endif
#if LV_VERSION_CHECK(7, 4, 0) || LVGL_VERSION_MAJOR >= 8
    .underline_position = -6,
    .underline_thickness = 2,
#endif

#if LV_VERSION_CHECK(9, 3, 0)
    .static_bitmap = 1,    /*Bitmaps are stored as const so they are always static if not compressed */
#endif

    .dsc = &font_dsc,          /*The custom font data. Will be accessed by `get_glyph_bitmap/dsc` */
#if LV_VERSION_CHECK(8, 2, 0) || LVGL_VERSION_MAJOR >= 9
    .fallback = NULL,
#endif
    .user_data = NULL,
};



#endif /*#if FONT_CN_34_DATA*/
